detector,modality,crop,recording,pass,cow_id,score_1_3,anomaly,max_concurrent,group,score,fold
convae,CGI,leg,1,1,582.0,2,1,2,582.0,0.0009392505652565,2
convae,CGI,leg,1,2,403.0,2,1,2,403.0,0.001075978869311,4
convae,CGI,leg,2,1,578.0,1,0,2,578.0,0.0009560234955129,3
convae,CGI,leg,2,2,603.0,1,0,2,603.0,0.0009699059049704,3
convae,CGI,leg,3,1,431.0,1,0,2,431.0,0.0009866575207057,1
convae,CGI,leg,3,2,555.0,2,1,2,555.0,0.0011984560468762,0
convae,CGI,leg,3,3,766.0,2,1,2,766.0,0.0009738337507264,3
convae,CGI,leg,4,1,550.0,1,0,2,550.0,0.0010547961096446,0
convae,CGI,leg,4,2,419.0,1,0,2,419.0,0.0008826781264267,1
convae,CGI,leg,6,1,416.0,1,0,1,416.0,0.0010675333282311,0
convae,CGI,leg,7,1,568.0,1,0,3,568.0,0.0010105129182735,3
convae,CGI,leg,7,2,,1,0,3,unknown,0.0009860304050595,1
convae,CGI,leg,7,3,411.0,2,1,3,411.0,0.0010269215224895,3
convae,CGI,leg,8,1,319.0,1,0,3,319.0,0.0008671561990922,1
convae,CGI,leg,8,2,325.0,1,0,3,325.0,0.0010876959828293,4
convae,CGI,leg,8,3,344.0,2,1,3,344.0,0.0011937931740249,0
convae,CGI,leg,8,4,322.0,2,1,3,322.0,0.0012650719015962,0
convae,CGI,leg,9,1,891.0,1,0,1,891.0,0.0010218613711185,4
convae,CGI,leg,10,1,566.0,1,0,2,566.0,0.0010434596257063,4
convae,CGI,leg,10,2,743.0,2,1,2,743.0,0.0009779942622294,3
convae,CGI,leg,10,3,2928.0,1,0,2,2928.0,0.0008632558477451,2
convae,CGI,leg,11,1,755.0,1,0,3,755.0,0.0009723665858727,4
convae,CGI,leg,11,2,884.0,2,1,3,884.0,0.0013044282704041,4
convae,CGI,leg,11,3,739.0,2,1,3,739.0,0.0012298766218009,4
convae,CGI,leg,11,4,554.0,2,1,3,554.0,0.0010985956091354,1
convae,CGI,leg,11,5,313.0,1,0,3,313.0,0.0010643486340995,0
convae,CGI,leg,11,6,890.0,1,0,3,890.0,0.0009937229915522,0
convae,CGI,leg,11,7,328.0,2,1,3,328.0,0.0011247685984113,4
convae,CGI,leg,11,8,373.0,1,0,3,373.0,0.0010859968341802,3
convae,CGI,leg,12,1,879.0,1,0,2,879.0,0.0009137070241936,2
convae,CGI,leg,12,2,826.0,2,1,2,826.0,0.0011767197987258,1
convae,CGI,leg,13,1,884.0,3,1,1,884.0,0.0011554340106578,4
convae,CGI,leg,14,1,1450.0,2,1,3,1450.0,0.0010968614621864,0
convae,CGI,leg,14,2,865.0,2,1,3,865.0,0.0010256980804519,1
convae,CGI,leg,14,3,339.0,2,1,3,339.0,0.000928568021239,1
convae,CGI,leg,14,4,301.0,1,0,3,301.0,0.0013411407311319,4
convae,CGI,leg,14,5,328.0,2,1,3,328.0,0.0010621753172017,4
convae,CGI,leg,14,6,817.0,1,0,3,817.0,0.0009749460292457,2
convae,CGI,leg,15,1,775.0,2,1,1,775.0,0.0010598260590708,4
convae,CGI,leg,16,1,319.0,1,0,1,319.0,0.0009228230420766,1
convae,CGI,leg,17,1,825.0,2,1,1,825.0,0.0008736036097009,2
convae,CGI,leg,18,1,313.0,1,0,3,313.0,0.0010793382922808,0
convae,CGI,leg,18,2,818.0,2,1,3,818.0,0.0009584014959451,4
convae,CGI,leg,18,3,894.0,2,1,3,894.0,0.0008986016036942,3
convae,CGI,leg,18,4,345.0,1,0,3,345.0,0.000978797902852,4
convae,CGI,leg,19,1,369.0,2,1,1,369.0,0.0010708402875544,1
convae,CGI,leg,20,1,769.0,2,1,2,769.0,0.0011015248961657,2
convae,CGI,leg,20,2,997.0,1,0,2,997.0,0.0009370277331937,1
convae,CGI,leg,21,1,408.0,1,0,3,408.0,0.0009127795664508,1
convae,CGI,leg,21,2,785.0,2,1,3,785.0,0.0009489980911894,2
convae,CGI,leg,21,3,2892.0,1,0,3,2892.0,0.0010225525775533,4
convae,CGI,leg,22,1,331.0,1,0,3,331.0,0.0010102297543571,4
convae,CGI,leg,22,2,743.0,2,1,3,743.0,0.0010130797372533,3
convae,CGI,leg,22,3,437.0,1,0,3,437.0,0.0009269094674003,1
convae,CGI,leg,22,4,6003.0,1,0,3,6003.0,0.0011532911781354,0
convae,CGI,leg,22,5,350.0,2,1,3,350.0,0.0008634182781077,1
convae,CGI,leg,22,6,858.0,2,1,3,858.0,0.0010820848863873,0
convae,CGI,leg,23,1,568.0,1,0,2,568.0,0.0010184599799686,3
convae,CGI,leg,23,2,302.0,1,0,2,302.0,0.000975846930588,3
convae,CGI,leg,24,1,566.0,1,0,1,566.0,0.0010061984406396,4
convae,CGI,leg,27,1,405.0,2,1,3,405.0,0.0009193492901081,3
convae,CGI,leg,27,2,317.0,2,1,3,317.0,0.0009201478948982,3
convae,CGI,leg,27,3,8006.0,1,0,3,8006.0,0.0008287672764819,2
convae,CGI,leg,27,4,2941.0,2,1,3,2941.0,0.0010822254869922,0
convae,CGI,leg,27,5,774.0,2,1,3,774.0,0.0010224990100444,0
convae,CGI,leg,27,6,327.0,2,1,3,327.0,0.0010828295356727,0
convae,CGI,leg,27,7,584.0,2,1,3,584.0,0.0009506043686997,1
convae,CGI,leg,27,8,550.0,1,0,3,550.0,0.0010594296016885,0
convae,CGI,leg,27,9,779.0,1,0,3,779.0,0.0009670392565357,4
convae,CGI,leg,28,1,313.0,1,0,3,313.0,0.0011144444637466,0
convae,CGI,leg,28,2,826.0,2,1,3,826.0,0.0010364866403896,1
convae,CGI,leg,28,3,817.0,1,0,3,817.0,0.0009643455144084,2
convae,CGI,leg,29,1,2952.0,2,1,3,2952.0,0.0009435242649892,2
convae,CGI,leg,29,2,781.0,2,1,3,781.0,0.0009892316784576,3
convae,CGI,leg,29,3,369.0,1,0,3,369.0,0.0010176048720798,1
convae,CGI,leg,34,1,858.0,2,1,2,858.0,0.0011573024320467,0
convae,CGI,leg,34,2,2932.0,2,1,2,2932.0,0.0008678868838806,1
convae,CGI,leg,35,1,586.0,1,0,3,586.0,0.0010353921367446,0
convae,CGI,leg,35,2,317.0,2,1,3,317.0,0.0009280021768063,3
convae,CGI,leg,35,3,405.0,1,0,3,405.0,0.0009638825934168,3
convae,CGI,leg,35,4,2892.0,1,0,3,2892.0,0.0009937494367815,4
convae,CGI,leg,35,5,351.0,1,0,3,351.0,0.0009478936684899,3
convae,CGI,leg,36,1,582.0,2,1,1,582.0,0.0009436112736223,2
convae,CGI,leg,37,1,739.0,1,0,1,739.0,0.0011057079278139,4
convae,CGI,leg,39,1,882.0,2,1,2,882.0,0.0009334576538736,1
convae,CGI,leg,39,2,794.0,2,1,2,794.0,0.0010937905753962,0
convae,CGI,leg,40,1,876.0,2,1,3,876.0,0.0008502958083468,3
convae,CGI,leg,40,2,331.0,1,0,3,331.0,0.0009958767809439,4
convae,CGI,leg,40,3,805.0,2,1,3,805.0,0.0010034208177015,0
convae,CGI,leg,40,4,786.0,2,1,3,786.0,0.0010006256256019,1
convae,CGI,leg,40,5,402.0,1,0,3,402.0,0.0009886799147352,3
convae,CGI,leg,40,6,742.0,1,0,3,742.0,0.0010699736196425,0
convae,CGI,leg,41,1,401.0,2,1,3,401.0,0.0010709151240956,4
convae,CGI,leg,41,2,367.0,1,0,3,367.0,0.0008699495751619,1
convae,CGI,leg,42,1,889.0,2,1,1,889.0,0.0009454518925243,2
convae,CGI,leg,50,1,458.0,2,1,1,458.0,0.0009911293648959,4
convae,CGI,leg,51,1,455.0,1,0,2,455.0,0.0009577544817769,3
convae,CGI,leg,51,2,387.0,1,0,2,387.0,0.001124093495922,0
convae,CGI,leg,52,1,377.0,2,1,1,377.0,0.0008567586314472,2
convae,CGI,leg,53,1,450.0,1,0,2,450.0,0.0011309748483149,0
convae,CGI,leg,54,1,462.0,1,0,3,462.0,0.0009996946342764,1
convae,CGI,leg,54,2,431.0,2,1,3,431.0,0.0008855975453464,1
convae,CGI,leg,54,3,327.0,2,1,3,327.0,0.001080105079907,0
convae,CGI,leg,55,1,443.0,3,1,1,443.0,0.0009562380024405,4
convae,CGI,leg,56,1,459.0,1,0,1,459.0,0.0009048771547585,2
convae,CGI,leg,57,1,736.0,2,1,1,736.0,0.0009558094148006,1
convae,CGI,leg,58,1,611.0,1,0,2,611.0,0.000943900952171,4
convae,CGI,leg,58,2,579.0,1,0,2,579.0,0.0008720806079162,2
convae,CGI,leg,59,1,6013.0,1,0,3,6013.0,0.0010341991036612,0
convae,CGI,leg,59,2,763.0,2,1,3,763.0,0.0009734258388302,1
convae,CGI,leg,59,3,820.0,1,0,3,820.0,0.0007971562197781,3
convae,CGI,leg,59,4,8001.0,1,0,3,8001.0,0.0011232235185823,4
convae,CGI,leg,59,5,434.0,2,1,3,434.0,0.0009015646937768,1
convae,CGI,leg,60,1,586.0,1,0,3,586.0,0.0010689737115937,0
convae,CGI,leg,60,2,413.0,2,1,3,413.0,0.0008819300826871,2
convae,CGI,leg,60,3,333.0,2,1,3,333.0,0.0009300114088026,3
convae,CGI,leg,60,4,886.0,2,1,3,886.0,0.0009725946111831,3
convae,CGI,leg,60,5,407.0,2,1,3,407.0,0.0011140294134234,4
convae,CGI,leg,60,6,380.0,1,0,3,380.0,0.0010892967014418,0
convae,CGI,leg,60,7,583.0,2,1,3,583.0,0.0009797806448589,1
convae,CGI,leg,61,1,575.0,1,0,1,575.0,0.0009441702466574,4
convae,CGI,leg,62,1,419.0,1,0,3,419.0,0.0008527948418358,1
convae,CGI,leg,62,2,441.0,1,0,3,441.0,0.0010883743442328,0
convae,CGI,leg,62,3,732.0,2,1,3,732.0,0.0009315450054903,2
convae,CGI,leg,63,1,867.0,2,1,3,867.0,0.0011118423703703,0
convae,CGI,leg,63,2,6012.0,1,0,3,6012.0,0.0008996733744251,3
convae,CGI,leg,63,3,823.0,2,1,3,823.0,0.0008977168485712,3
convae,CGI,leg,63,4,318.0,1,0,3,318.0,0.0008015398038984,2
convae,CGI,leg,63,5,2880.0,2,1,3,2880.0,0.0009690595079997,0
convae,CGI,leg,65,1,2925.0,1,0,2,2925.0,0.0010320217856629,3
convae,CGI,leg,65,2,311.0,2,1,2,311.0,0.0009137861470662,4
convae,CGI,leg,66,1,772.0,3,1,3,772.0,0.0011859409666309,1
convae,CGI,leg,66,2,411.0,1,0,3,411.0,0.0010522570505383,3
convae,CGI,leg,66,3,306.0,2,1,3,306.0,0.0009611054357312,2
convae,CGI,leg,66,4,330.0,2,1,3,330.0,0.0009127480652517,3
convae,CGI,leg,67,1,403.0,1,0,2,403.0,0.0009478405638793,4
convae,CGI,leg,67,2,409.0,1,0,2,409.0,0.0008663053574439,2
convae,CGI,leg,67,3,8007.0,2,1,2,8007.0,0.0009433294652734,3
convae,CGI,leg,67,4,8003.0,2,1,2,8003.0,0.0008835281062472,3
convae,CGI,leg,69,1,304.0,2,1,3,304.0,0.0009696118696592,1
convae,CGI,leg,69,2,422.0,2,1,3,422.0,0.0010871688314687,4
convae,CGI,leg,70,1,768.0,2,1,1,768.0,0.0011050334287574,0
convae,CGI,leg,71,1,1500.0,1,0,3,1500.0,0.0008364549750695,1
convae,CGI,leg,71,2,305.0,2,1,3,305.0,0.001046610430468,0
convae,CGI,leg,71,3,418.0,2,1,3,418.0,0.0011461229779098,0
convae,CGI,leg,71,4,744.0,2,1,3,744.0,0.0008805242806292,2
convae,CGI,leg,71,5,883.0,1,0,3,883.0,0.0008752422304083,2
convae,CGI,leg,71,6,375.0,1,0,3,375.0,0.0010586731808782,0
convae,CGI,leg,71,7,543.0,2,1,3,543.0,0.0010983719442844,3
convae,CGI,leg,72,1,352.0,2,1,1,352.0,0.0008916351410637,3
convae,CGI,leg,73,1,426.0,2,1,2,426.0,0.000961087308824,2
convae,CGI,leg,73,2,423.0,1,0,2,423.0,0.0009294772292681,3
convae,CGI,leg,73,3,336.0,2,1,2,336.0,0.0008538866361671,2
convae,CGI,leg,73,4,2917.0,2,1,2,2917.0,0.0008516915660861,3
convae,CGI,leg,73,5,417.0,2,1,2,417.0,0.0009204428950195,1
convae,CGI,leg,74,1,433.0,1,0,1,433.0,0.0011587351679715,0
convae,CGI,leg,76,1,372.0,1,0,1,372.0,0.0009974948359954,4
convae,CGI,leg,77,1,549.0,1,0,2,549.0,0.0009987096402894,2
convae,CGI,leg,77,2,365.0,1,0,2,365.0,0.0008003519659933,2
convae,CGI,leg,79,1,472.0,2,1,3,472.0,0.0011158843560787,4
convae,CGI,leg,79,2,406.0,3,1,3,406.0,0.0008316471346636,2
convae,CGI,leg,79,3,873.0,1,0,3,873.0,0.0013410092918396,4
convae,CGI,leg,80,1,383.0,1,0,3,383.0,0.0008964453764083,1
convae,CGI,leg,80,2,739.0,1,0,3,739.0,0.0010707274434538,4
convae,CGI,leg,80,3,889.0,2,1,3,889.0,0.0008818325075525,2
convae,CGI,leg,80,4,305.0,2,1,3,305.0,0.0011438549467916,0
convae,CGI,leg,82,1,338.0,1,0,3,338.0,0.0008998666252453,2
convae,CGI,leg,82,2,407.0,2,1,3,407.0,0.0010775438118302,4
convae,CGI,leg,82,3,350.0,1,0,3,350.0,0.0008585460212392,1
convae,CGI,leg,82,4,441.0,1,0,3,441.0,0.0010769968486524,0
convae,CGI,leg,82,5,464.0,1,0,3,464.0,0.0008762384333865,1
convae,CGI,leg,82,6,423.0,1,0,3,423.0,0.0009258135826149,3
convae,CGI,leg,84,1,613.0,2,1,1,613.0,0.0008645397727377,2
convae,CGI,leg,85,1,457.0,1,0,3,457.0,0.000908167908589,2
convae,CGI,leg,85,2,366.0,1,0,3,366.0,0.0008899211750885,2
convae,CGI,leg,85,3,448.0,1,0,3,448.0,0.0008531769271939,3
convae,CGI,leg,85,4,434.0,2,1,3,434.0,0.0008729668802318,1
convae,CGI,leg,85,5,583.0,2,1,3,583.0,0.0008877229622819,1
convae,CGI,leg,85,6,419.0,1,0,3,419.0,0.0008698426383835,1
convae,CGI,leg,86,1,6012.0,2,1,1,6012.0,0.0010065870547595,3
convae,CGI,leg,87,1,763.0,2,1,2,763.0,0.0009780131097483,1
convae,CGI,leg,88,1,820.0,2,1,3,820.0,0.0008640815991581,3
convae,CGI,leg,88,2,467.0,2,1,3,467.0,0.0011872468472574,0
convae,CGI,leg,88,3,801.0,2,1,3,801.0,0.0011346497779919,1
convae,CGI,leg,88,4,1458.0,1,0,3,1458.0,0.0009583273268718,4
convae,CGI,leg,89,1,411.0,2,1,3,411.0,0.0011199531981196,3
convae,CGI,leg,89,2,426.0,2,1,3,426.0,0.0009489764139965,2
convae,CGI,leg,89,3,886.0,1,0,3,886.0,0.0009980775232959,3
convae,CGI,leg,89,4,775.0,1,0,3,775.0,0.0009783026447985,4
convae,CGI,leg,90,1,458.0,2,1,3,458.0,0.0010788697567847,4
convae,CGI,leg,90,2,422.0,1,0,3,422.0,0.001316004738328,4
convae,CGI,leg,90,3,452.0,1,0,3,452.0,0.0010972610465682,4
convae,CGI,leg,90,4,413.0,1,0,3,413.0,0.0009044306562282,2
convae,CGI,leg,94,1,333.0,2,1,1,333.0,0.0009385930587023,3
convae,CGI,leg,96,1,1500.0,1,0,3,1500.0,0.0008880304259946,1
convae,CGI,leg,96,2,375.0,2,1,3,375.0,0.0010961045596018,0
convae,CGI,leg,96,3,418.0,2,1,3,418.0,0.0011332452704664,0
convae,CGI,leg,96,4,732.0,1,0,3,732.0,0.0009033260000352,2
convae,CGI,leg,97,1,586.0,3,1,3,586.0,0.0011492246232757,0
convae,CGI,leg,97,2,417.0,1,0,3,417.0,0.0008760277117949,1
convae,CGI,leg,97,3,883.0,3,1,3,883.0,0.0010307015836588,2
convae,CGI,leg,97,4,336.0,1,0,3,336.0,0.0008751591451948,2
convae,CGI,leg,98,1,407.0,2,1,2,407.0,0.0013441513906317,4
convae,CGI,leg,98,2,441.0,1,0,2,441.0,0.0010952007493848,0
convae,CGI,leg,99,1,464.0,1,0,3,464.0,0.0009036632866646,1
convae,CGI,leg,99,2,366.0,1,0,3,366.0,0.0008909072966088,2
convae,CGI,leg,99,3,418.0,2,1,3,418.0,0.0011846931738546,0
convae,CGI,leg,99,4,434.0,2,1,3,434.0,0.000927830235635,1
convae,CGI,leg,100,1,6012.0,2,1,2,6012.0,0.0008857265714576,3
convae,CGI,leg,100,2,6013.0,2,1,2,6013.0,0.001112891376734,0
convae,CGI,leg,102,1,426.0,2,1,2,426.0,0.0010602611793478,2
convae,CGI,leg,102,2,425.0,1,0,2,425.0,0.0009049008630903,2
convae,CGI,leg,104,1,458.0,2,1,3,458.0,0.0009830077967813,4
convae,CGI,leg,104,2,422.0,2,1,3,422.0,0.0009521975934635,4
convae,CGI,leg,104,3,611.0,1,0,3,611.0,0.0009389993457051,4
convae,CGI,leg,104,4,8007.0,1,0,3,8007.0,0.0009109341986722,3
convae,CGI,leg,105,1,328.0,1,0,2,328.0,0.0010329403984973,4
convae,CGI,leg,105,2,380.0,2,1,2,380.0,0.0010685114145933,0
convae,CGI,leg,106,1,1500.0,2,1,3,1500.0,0.0008901121151676,1
convae,CGI,leg,106,2,420.0,1,0,3,420.0,0.0012057390739777,4
convae,CGI,leg,106,3,895.0,1,0,3,895.0,0.0008887296514686,2
convae,CGI,leg,106,4,744.0,1,0,3,744.0,0.0008969234210477,2
convae,CGI,leg,107,1,6010.0,1,0,2,6010.0,0.0012146160242991,4
convae,CGI,leg,107,2,459.0,1,0,2,459.0,0.0012647283996348,2
convae,CGI,leg,108,1,311.0,2,1,3,311.0,0.0009486010275417,4
convae,CGI,leg,108,2,448.0,1,0,3,448.0,0.0009038407037764,3
convae,CGI,leg,108,3,350.0,2,1,3,350.0,0.000973416097986,1
convae,CGI,leg,108,4,2880.0,2,1,3,2880.0,0.0010312248385162,0
convae,CGI,leg,108,5,318.0,1,0,3,318.0,0.0009350480686407,2
convae,CGI,leg,109,1,2917.0,2,1,2,2917.0,0.0008928759929315,3
convae,CGI,leg,109,2,307.0,2,1,2,307.0,0.0010071175916395,1
convae,CGI,leg,109,3,413.0,1,0,2,413.0,0.0008595030641374,2
convae,CGI,leg,110,1,1446.0,1,0,1,1446.0,0.0008605560955509,1
convae,CGI,leg,111,1,443.0,2,1,2,443.0,0.0009353646019008,4
convae,CGI,leg,111,2,421.0,2,1,2,421.0,0.000900873605537,3
convae,CGI,leg,112,1,409.0,2,1,1,409.0,0.0008900524936271,2
convae,CGI,leg,113,1,333.0,2,1,3,333.0,0.0009291983668744,3
convae,CGI,leg,113,2,375.0,1,0,3,375.0,0.0010014204434245,0
convae,CGI,leg,113,3,370.0,2,1,3,370.0,0.0010696631078118,0
convae,CGI,leg,113,4,820.0,2,1,3,820.0,0.000859516847413,3
convae,CGI,leg,113,5,883.0,1,0,3,883.0,0.0008379047399219,2
convae,CGI,leg,114,1,586.0,1,0,1,586.0,0.0011495900592611,0
convae,CGI,leg,115,1,336.0,2,1,2,336.0,0.0008607391944332,2
convae,CGI,leg,115,2,732.0,2,1,2,732.0,0.0008778906015392,2
convae,CGI,leg,116,1,423.0,2,1,3,423.0,0.0009082207483622,3
convae,CGI,leg,116,2,419.0,1,0,3,419.0,0.0009156757766114,1
convae,CGI,leg,117,1,2952.0,2,1,2,2952.0,0.000813814457685,2
convae,CGI,leg,117,2,417.0,2,1,2,417.0,0.0008960185223259,1
convae,CGI,leg,118,1,352.0,1,0,3,352.0,0.0008720677837522,3
convae,CGI,leg,118,2,304.0,2,1,3,304.0,0.000862222101811,1
convae,CGI,leg,118,3,433.0,2,1,3,433.0,0.0011091069512379,0
convae,CGI,leg,118,4,768.0,1,0,3,768.0,0.0010441914026159,0
convae,FDEI,leg,1,1,582.0,2,1,2,582.0,0.0001535303032908,2
convae,FDEI,leg,1,2,403.0,2,1,2,403.0,0.0001816845146893,4
convae,FDEI,leg,2,1,578.0,1,0,2,578.0,0.0001999240652926,3
convae,FDEI,leg,2,2,603.0,1,0,2,603.0,0.0002098492666184,3
convae,FDEI,leg,3,1,431.0,1,0,2,431.0,0.0001312576669324,1
convae,FDEI,leg,3,2,555.0,2,1,2,555.0,0.0001968626126433,0
convae,FDEI,leg,3,3,766.0,2,1,2,766.0,0.0001729776941593,3
convae,FDEI,leg,4,1,550.0,1,0,2,550.0,0.0001539591619989,0
convae,FDEI,leg,4,2,419.0,1,0,2,419.0,0.0001292399961713,1
convae,FDEI,leg,6,1,416.0,1,0,1,416.0,0.000156833888468,0
convae,FDEI,leg,7,1,568.0,1,0,3,568.0,0.0002120443634649,3
convae,FDEI,leg,7,2,,1,0,3,unknown,0.0001721285086575,1
convae,FDEI,leg,7,3,411.0,2,1,3,411.0,0.0001954437202373,3
convae,FDEI,leg,8,1,319.0,1,0,3,319.0,0.0001239119947058,1
convae,FDEI,leg,8,2,325.0,1,0,3,325.0,0.0002174339161049,4
convae,FDEI,leg,8,3,344.0,2,1,3,344.0,0.0002092880822601,0
convae,FDEI,leg,8,4,322.0,2,1,3,322.0,0.0002035395004053,0
convae,FDEI,leg,9,1,891.0,1,0,1,891.0,0.0001503956131637,4
convae,FDEI,leg,10,1,566.0,1,0,2,566.0,0.0001836441806517,4
convae,FDEI,leg,10,2,743.0,2,1,2,743.0,0.0001937136694323,3
convae,FDEI,leg,10,3,2928.0,1,0,2,2928.0,0.0001502132547945,2
convae,FDEI,leg,11,1,755.0,1,0,3,755.0,0.0002332686573174,4
convae,FDEI,leg,11,2,884.0,2,1,3,884.0,0.0002874231034762,4
convae,FDEI,leg,11,3,739.0,2,1,3,739.0,0.0002292924731591,4
convae,FDEI,leg,11,4,554.0,2,1,3,554.0,0.0001576776387779,1
convae,FDEI,leg,11,5,313.0,1,0,3,313.0,0.0001831019326345,0
convae,FDEI,leg,11,6,890.0,1,0,3,890.0,0.0001920364703511,0
convae,FDEI,leg,11,7,328.0,2,1,3,328.0,0.0002517124230507,4
convae,FDEI,leg,11,8,373.0,1,0,3,373.0,0.0002430129221245,3
convae,FDEI,leg,12,1,879.0,1,0,2,879.0,0.0001639851439836,2
convae,FDEI,leg,12,2,826.0,2,1,2,826.0,0.0002270047701434,1
convae,FDEI,leg,13,1,884.0,3,1,1,884.0,0.000233118501059,4
convae,FDEI,leg,14,1,1450.0,2,1,3,1450.0,0.0001841609909509,0
convae,FDEI,leg,14,2,865.0,2,1,3,865.0,0.0001736564002284,1
convae,FDEI,leg,14,3,339.0,2,1,3,339.0,0.0001481191424924,1
convae,FDEI,leg,14,4,301.0,1,0,3,301.0,0.0002506237383799,4
convae,FDEI,leg,14,5,328.0,2,1,3,328.0,0.0001929521977411,4
convae,FDEI,leg,14,6,817.0,1,0,3,817.0,0.0001565262596492,2
convae,FDEI,leg,15,1,775.0,2,1,1,775.0,0.0002304982243865,4
convae,FDEI,leg,16,1,319.0,1,0,1,319.0,0.0001323132816781,1
convae,FDEI,leg,17,1,825.0,2,1,1,825.0,0.0001340414836401,2
convae,FDEI,leg,18,1,313.0,1,0,3,313.0,0.0002130693603062,0
convae,FDEI,leg,18,2,818.0,2,1,3,818.0,0.0001948104697436,4
convae,FDEI,leg,18,3,894.0,2,1,3,894.0,0.0001793153071933,3
convae,FDEI,leg,18,4,345.0,1,0,3,345.0,0.0001873756134175,4
convae,FDEI,leg,19,1,369.0,2,1,1,369.0,0.0001539370535673,1
convae,FDEI,leg,20,1,769.0,2,1,2,769.0,0.0002058335296515,2
convae,FDEI,leg,20,2,997.0,1,0,2,997.0,0.000147201799647,1
convae,FDEI,leg,21,1,408.0,1,0,3,408.0,0.0001610687494658,1
convae,FDEI,leg,21,2,785.0,2,1,3,785.0,0.0001500093960657,2
convae,FDEI,leg,21,3,2892.0,1,0,3,2892.0,0.0001778606289712,4
convae,FDEI,leg,22,1,331.0,1,0,3,331.0,0.0002024719407274,4
convae,FDEI,leg,22,2,743.0,2,1,3,743.0,0.0002009612970794,3
convae,FDEI,leg,22,3,437.0,1,0,3,437.0,0.0001415979084328,1
convae,FDEI,leg,22,4,6003.0,1,0,3,6003.0,0.000220684055031,0
convae,FDEI,leg,22,5,350.0,2,1,3,350.0,0.0001207410238968,1
convae,FDEI,leg,22,6,858.0,2,1,3,858.0,0.0001639615943799,0
convae,FDEI,leg,23,1,568.0,1,0,2,568.0,0.0001988653646549,3
convae,FDEI,leg,23,2,302.0,1,0,2,302.0,0.0002199118009432,3
convae,FDEI,leg,24,1,566.0,1,0,1,566.0,0.0001742141365765,4
convae,FDEI,leg,27,1,405.0,2,1,3,405.0,0.000151810579178,3
convae,FDEI,leg,27,2,317.0,2,1,3,317.0,0.0001655832373736,3
convae,FDEI,leg,27,3,8006.0,1,0,3,8006.0,0.0001417532270848,2
convae,FDEI,leg,27,4,2941.0,2,1,3,2941.0,0.0002127745114301,0
convae,FDEI,leg,27,5,774.0,2,1,3,774.0,0.0001605183143207,0
convae,FDEI,leg,27,6,327.0,2,1,3,327.0,0.0001688034086587,0
convae,FDEI,leg,27,7,584.0,2,1,3,584.0,0.0001121306275308,1
convae,FDEI,leg,27,8,550.0,1,0,3,550.0,0.0001551575839888,0
convae,FDEI,leg,27,9,779.0,1,0,3,779.0,0.0001809160883287,4
convae,FDEI,leg,28,1,313.0,1,0,3,313.0,0.0001912010164232,0
convae,FDEI,leg,28,2,826.0,2,1,3,826.0,0.0001630543805991,1
convae,FDEI,leg,28,3,817.0,1,0,3,817.0,0.0001439703038548,2
convae,FDEI,leg,29,1,2952.0,2,1,3,2952.0,0.0001465330808261,2
convae,FDEI,leg,29,2,781.0,2,1,3,781.0,0.0001983420520056,3
convae,FDEI,leg,29,3,369.0,1,0,3,369.0,0.0001576932211012,1
convae,FDEI,leg,34,1,858.0,2,1,2,858.0,0.0001898833878739,0
convae,FDEI,leg,34,2,2932.0,2,1,2,2932.0,0.0001501862444504,1
convae,FDEI,leg,35,1,586.0,1,0,3,586.0,0.0001788622647858,0
convae,FDEI,leg,35,2,317.0,2,1,3,317.0,0.000200563643658,3
convae,FDEI,leg,35,3,405.0,1,0,3,405.0,0.0001844845974119,3
convae,FDEI,leg,35,4,2892.0,1,0,3,2892.0,0.0002113230733558,4
convae,FDEI,leg,35,5,351.0,1,0,3,351.0,0.000191783358241,3
convae,FDEI,leg,36,1,582.0,2,1,1,582.0,0.0001291849566141,2
convae,FDEI,leg,37,1,739.0,1,0,1,739.0,0.0001966437933636,4
convae,FDEI,leg,39,1,882.0,2,1,2,882.0,0.0001437259632118,1
convae,FDEI,leg,39,2,794.0,2,1,2,794.0,0.000190224560356,0
convae,FDEI,leg,40,1,876.0,2,1,3,876.0,0.0001847503741856,3
convae,FDEI,leg,40,2,331.0,1,0,3,331.0,0.0002085575356613,4
convae,FDEI,leg,40,3,805.0,2,1,3,805.0,0.0001489250927802,0
convae,FDEI,leg,40,4,786.0,2,1,3,786.0,0.0001630812757866,1
convae,FDEI,leg,40,5,402.0,1,0,3,402.0,0.0001801799644454,3
convae,FDEI,leg,40,6,742.0,1,0,3,742.0,0.0001817318602422,0
convae,FDEI,leg,41,1,401.0,2,1,3,401.0,0.0002031777298923,4
convae,FDEI,leg,41,2,367.0,1,0,3,367.0,0.0001532398167242,1
convae,FDEI,leg,42,1,889.0,2,1,1,889.0,0.0001452699843866,2
convae,FDEI,leg,50,1,458.0,2,1,1,458.0,0.000193884080444,4
convae,FDEI,leg,51,1,455.0,1,0,2,455.0,0.0001833027132173,3
convae,FDEI,leg,51,2,387.0,1,0,2,387.0,0.0001854047839419,0
convae,FDEI,leg,52,1,377.0,2,1,1,377.0,0.0001309575450968,2
convae,FDEI,leg,53,1,450.0,1,0,2,450.0,0.0001887714873494,0
convae,FDEI,leg,54,1,462.0,1,0,3,462.0,0.0001729544399458,1
convae,FDEI,leg,54,2,431.0,2,1,3,431.0,0.0001410014989,1
convae,FDEI,leg,54,3,327.0,2,1,3,327.0,0.0002043210202828,0
convae,FDEI,leg,55,1,443.0,3,1,1,443.0,0.0001910989176817,4
convae,FDEI,leg,56,1,459.0,1,0,1,459.0,0.0001362393868919,2
convae,FDEI,leg,57,1,736.0,2,1,1,736.0,0.0001606920950709,1
convae,FDEI,leg,58,1,611.0,1,0,2,611.0,0.0001907887375896,4
convae,FDEI,leg,58,2,579.0,1,0,2,579.0,0.0001317221027593,2
convae,FDEI,leg,59,1,6013.0,1,0,3,6013.0,0.0001896981971286,0
convae,FDEI,leg,59,2,763.0,2,1,3,763.0,0.0001412415131198,1
convae,FDEI,leg,59,3,820.0,1,0,3,820.0,0.0001601693300472,3
convae,FDEI,leg,59,4,8001.0,1,0,3,8001.0,0.0002291177145459,4
convae,FDEI,leg,59,5,434.0,2,1,3,434.0,0.0001416493234335,1
convae,FDEI,leg,60,1,586.0,1,0,3,586.0,0.0001675960577956,0
convae,FDEI,leg,60,2,413.0,2,1,3,413.0,0.0001347198514849,2
convae,FDEI,leg,60,3,333.0,2,1,3,333.0,0.0001578135237131,3
convae,FDEI,leg,60,4,886.0,2,1,3,886.0,0.0001824738149455,3
convae,FDEI,leg,60,5,407.0,2,1,3,407.0,0.0002099504643597,4
convae,FDEI,leg,60,6,380.0,1,0,3,380.0,0.000193498930284,0
convae,FDEI,leg,60,7,583.0,2,1,3,583.0,0.0001639774052772,1
convae,FDEI,leg,61,1,575.0,1,0,1,575.0,0.000174074692768,4
convae,FDEI,leg,62,1,419.0,1,0,3,419.0,0.0001118759464588,1
convae,FDEI,leg,62,2,441.0,1,0,3,441.0,0.0001665605959715,0
convae,FDEI,leg,62,3,732.0,2,1,3,732.0,0.0001439286685733,2
convae,FDEI,leg,63,1,867.0,2,1,3,867.0,0.0002067347384235,0
convae,FDEI,leg,63,2,6012.0,1,0,3,6012.0,0.0001886509475991,3
convae,FDEI,leg,63,3,823.0,2,1,3,823.0,0.0001871454981235,3
convae,FDEI,leg,63,4,318.0,1,0,3,318.0,0.0001304145196119,2
convae,FDEI,leg,63,5,2880.0,2,1,3,2880.0,0.0001637787875216,0
convae,FDEI,leg,65,1,2925.0,1,0,2,2925.0,0.0001947048122846,3
convae,FDEI,leg,65,2,311.0,2,1,2,311.0,0.0001737592669996,4
convae,FDEI,leg,66,1,772.0,3,1,3,772.0,0.0002373105404937,1
convae,FDEI,leg,66,2,411.0,1,0,3,411.0,0.0001996693168794,3
convae,FDEI,leg,66,3,306.0,2,1,3,306.0,0.0001549178770418,2
convae,FDEI,leg,66,4,330.0,2,1,3,330.0,0.0001628456998449,3
convae,FDEI,leg,67,1,403.0,1,0,2,403.0,0.0001723031405402,4
convae,FDEI,leg,67,2,409.0,1,0,2,409.0,0.0001332779195633,2
convae,FDEI,leg,67,3,8007.0,2,1,2,8007.0,0.0001630230466174,3
convae,FDEI,leg,67,4,8003.0,2,1,2,8003.0,0.0001557845809397,3
convae,FDEI,leg,69,1,304.0,2,1,3,304.0,0.0001345141543424,1
convae,FDEI,leg,69,2,422.0,2,1,3,422.0,0.0002115285953752,4
convae,FDEI,leg,70,1,768.0,2,1,1,768.0,0.0001942219411527,0
convae,FDEI,leg,71,1,1500.0,1,0,3,1500.0,0.0001390690042171,1
convae,FDEI,leg,71,2,305.0,2,1,3,305.0,0.0001952584511272,0
convae,FDEI,leg,71,3,418.0,2,1,3,418.0,0.0002000904801761,0
convae,FDEI,leg,71,4,744.0,2,1,3,744.0,0.0001447970270502,2
convae,FDEI,leg,71,5,883.0,1,0,3,883.0,0.0001339279779957,2
convae,FDEI,leg,71,6,375.0,1,0,3,375.0,0.0001783530283208,0
convae,FDEI,leg,71,7,543.0,2,1,3,543.0,0.0002267298428209,3
convae,FDEI,leg,72,1,352.0,2,1,1,352.0,0.0001640550338682,3
convae,FDEI,leg,73,1,426.0,2,1,2,426.0,0.0001563740301935,2
convae,FDEI,leg,73,2,423.0,1,0,2,423.0,0.0002123994772773,3
convae,FDEI,leg,73,3,336.0,2,1,2,336.0,0.0001354064311826,2
convae,FDEI,leg,73,4,2917.0,2,1,2,2917.0,0.0001791887975525,3
convae,FDEI,leg,73,5,417.0,2,1,2,417.0,0.0001457563169727,1
convae,FDEI,leg,74,1,433.0,1,0,1,433.0,0.0001890327961476,0
convae,FDEI,leg,76,1,372.0,1,0,1,372.0,0.000192529253956,4
convae,FDEI,leg,77,1,549.0,1,0,2,549.0,0.0001498631632735,2
convae,FDEI,leg,77,2,365.0,1,0,2,365.0,0.0001243227508474,2
convae,FDEI,leg,79,1,472.0,2,1,3,472.0,0.0001982064419453,4
convae,FDEI,leg,79,2,406.0,3,1,3,406.0,0.0001481498878162,2
convae,FDEI,leg,79,3,873.0,1,0,3,873.0,0.00029348608435,4
convae,FDEI,leg,80,1,383.0,1,0,3,383.0,0.0001365736064365,1
convae,FDEI,leg,80,2,739.0,1,0,3,739.0,0.0001998008266151,4
convae,FDEI,leg,80,3,889.0,2,1,3,889.0,0.0001475166665353,2
convae,FDEI,leg,80,4,305.0,2,1,3,305.0,0.0002108819128291,0
convae,FDEI,leg,82,1,338.0,1,0,3,338.0,0.000154118144911,2
convae,FDEI,leg,82,2,407.0,2,1,3,407.0,0.0001853201935194,4
convae,FDEI,leg,82,3,350.0,1,0,3,350.0,0.0001269128959834,1
convae,FDEI,leg,82,4,441.0,1,0,3,441.0,0.000157918525552,0
convae,FDEI,leg,82,5,464.0,1,0,3,464.0,0.0001428105162166,1
convae,FDEI,leg,82,6,423.0,1,0,3,423.0,0.0002122420988771,3
convae,FDEI,leg,84,1,613.0,2,1,1,613.0,0.0001404028647812,2
convae,FDEI,leg,85,1,457.0,1,0,3,457.0,0.0001399821866976,2
convae,FDEI,leg,85,2,366.0,1,0,3,366.0,0.0001505612768638,2
convae,FDEI,leg,85,3,448.0,1,0,3,448.0,0.0001829993647023,3
convae,FDEI,leg,85,4,434.0,2,1,3,434.0,0.0001321997974035,1
convae,FDEI,leg,85,5,583.0,2,1,3,583.0,0.0001333238902919,1
convae,FDEI,leg,85,6,419.0,1,0,3,419.0,0.0001196560724998,1
convae,FDEI,leg,86,1,6012.0,2,1,1,6012.0,0.0002260123560867,3
convae,FDEI,leg,87,1,763.0,2,1,2,763.0,0.0002030748107374,1
convae,FDEI,leg,88,1,820.0,2,1,3,820.0,0.0001671854776292,3
convae,FDEI,leg,88,2,467.0,2,1,3,467.0,0.0002036231351667,0
convae,FDEI,leg,88,3,801.0,2,1,3,801.0,0.0001819916664519,1
convae,FDEI,leg,88,4,1458.0,1,0,3,1458.0,0.0002004670917004,4
convae,FDEI,leg,89,1,411.0,2,1,3,411.0,0.0001961456534142,3
convae,FDEI,leg,89,2,426.0,2,1,3,426.0,0.0001439987194486,2
convae,FDEI,leg,89,3,886.0,1,0,3,886.0,0.0002072354002347,3
convae,FDEI,leg,89,4,775.0,1,0,3,775.0,0.0002293260057922,4
convae,FDEI,leg,90,1,458.0,2,1,3,458.0,0.000229131305093,4
convae,FDEI,leg,90,2,422.0,1,0,3,422.0,0.0003078979009712,4
convae,FDEI,leg,90,3,452.0,1,0,3,452.0,0.0002189867658738,4
convae,FDEI,leg,90,4,413.0,1,0,3,413.0,0.0001618330358178,2
convae,FDEI,leg,94,1,333.0,2,1,1,333.0,0.0001699465865385,3
convae,FDEI,leg,96,1,1500.0,1,0,3,1500.0,0.0001513751947641,1
convae,FDEI,leg,96,2,375.0,2,1,3,375.0,0.0001781065201047,0
convae,FDEI,leg,96,3,418.0,2,1,3,418.0,0.0001586813787549,0
convae,FDEI,leg,96,4,732.0,1,0,3,732.0,0.0001547443111323,2
convae,FDEI,leg,97,1,586.0,3,1,3,586.0,0.0002146522046214,0
convae,FDEI,leg,97,2,417.0,1,0,3,417.0,0.0001617825656271,1
convae,FDEI,leg,97,3,883.0,3,1,3,883.0,0.0001663119693754,2
convae,FDEI,leg,97,4,336.0,1,0,3,336.0,0.0001643096500764,2
convae,FDEI,leg,98,1,407.0,2,1,2,407.0,0.0002764903834428,4
convae,FDEI,leg,98,2,441.0,1,0,2,441.0,0.0001786501136023,0
convae,FDEI,leg,99,1,464.0,1,0,3,464.0,0.0001330217107748,1
convae,FDEI,leg,99,2,366.0,1,0,3,366.0,0.0001366386619534,2
convae,FDEI,leg,99,3,418.0,2,1,3,418.0,0.0002019437015405,0
convae,FDEI,leg,99,4,434.0,2,1,3,434.0,0.0001236463981402,1
convae,FDEI,leg,100,1,6012.0,2,1,2,6012.0,0.0001929592298161,3
convae,FDEI,leg,100,2,6013.0,2,1,2,6013.0,0.0002070423400188,0
convae,FDEI,leg,102,1,426.0,2,1,2,426.0,0.000194379682492,2
convae,FDEI,leg,102,2,425.0,1,0,2,425.0,0.0001517242339364,2
convae,FDEI,leg,104,1,458.0,2,1,3,458.0,0.0001946404337003,4
convae,FDEI,leg,104,2,422.0,2,1,3,422.0,0.0001819583774831,4
convae,FDEI,leg,104,3,611.0,1,0,3,611.0,0.0001991493164752,4
convae,FDEI,leg,104,4,8007.0,1,0,3,8007.0,0.0001585841681318,3
convae,FDEI,leg,105,1,328.0,1,0,2,328.0,0.0001819983310844,4
convae,FDEI,leg,105,2,380.0,2,1,2,380.0,0.0001707138093282,0
convae,FDEI,leg,106,1,1500.0,2,1,3,1500.0,0.0001384809326927,1
convae,FDEI,leg,106,2,420.0,1,0,3,420.0,0.0002612095409947,4
convae,FDEI,leg,106,3,895.0,1,0,3,895.0,0.0001308661547069,2
convae,FDEI,leg,106,4,744.0,1,0,3,744.0,0.0001358083183428,2
convae,FDEI,leg,107,1,6010.0,1,0,2,6010.0,0.0002476262013715,4
convae,FDEI,leg,107,2,459.0,1,0,2,459.0,0.0002283193292687,2
convae,FDEI,leg,108,1,311.0,2,1,3,311.0,0.0001847233655919,4
convae,FDEI,leg,108,2,448.0,1,0,3,448.0,0.0001624235785031,3
convae,FDEI,leg,108,3,350.0,2,1,3,350.0,0.0001518373297585,1
convae,FDEI,leg,108,4,2880.0,2,1,3,2880.0,0.0001709849224425,0
convae,FDEI,leg,108,5,318.0,1,0,3,318.0,0.0001472074172852,2
convae,FDEI,leg,109,1,2917.0,2,1,2,2917.0,0.0001818870738001,3
convae,FDEI,leg,109,2,307.0,2,1,2,307.0,0.0001606116007182,1
convae,FDEI,leg,109,3,413.0,1,0,2,413.0,0.0001364072386655,2
convae,FDEI,leg,110,1,1446.0,1,0,1,1446.0,0.0001230227113838,1
convae,FDEI,leg,111,1,443.0,2,1,2,443.0,0.0001759953368531,4
convae,FDEI,leg,111,2,421.0,2,1,2,421.0,0.0001705966864796,3
convae,FDEI,leg,112,1,409.0,2,1,1,409.0,0.0001559849794527,2
convae,FDEI,leg,113,1,333.0,2,1,3,333.0,0.0001519220475327,3
convae,FDEI,leg,113,2,375.0,1,0,3,375.0,0.0001608820536136,0
convae,FDEI,leg,113,3,370.0,2,1,3,370.0,0.0001726096999941,0
convae,FDEI,leg,113,4,820.0,2,1,3,820.0,0.0001703174604795,3
convae,FDEI,leg,113,5,883.0,1,0,3,883.0,0.0001242099578331,2
convae,FDEI,leg,114,1,586.0,1,0,1,586.0,0.0002027507489401,0
convae,FDEI,leg,115,1,336.0,2,1,2,336.0,0.0001324900547929,2
convae,FDEI,leg,115,2,732.0,2,1,2,732.0,0.0001359089366861,2
convae,FDEI,leg,116,1,423.0,2,1,3,423.0,0.0001780729602186,3
convae,FDEI,leg,116,2,419.0,1,0,3,419.0,0.0001226025107566,1
convae,FDEI,leg,117,1,2952.0,2,1,2,2952.0,0.0001321384940335,2
convae,FDEI,leg,117,2,417.0,2,1,2,417.0,0.0001286692561279,1
convae,FDEI,leg,118,1,352.0,1,0,3,352.0,0.0001610635386492,3
convae,FDEI,leg,118,2,304.0,2,1,3,304.0,0.0001237444090899,1
convae,FDEI,leg,118,3,433.0,2,1,3,433.0,0.0001584462089441,0
convae,FDEI,leg,118,4,768.0,1,0,3,768.0,0.0001892803891678,0
convae,GEI,leg,1,1,582.0,2,1,2,582.0,0.0002237270960712,2
convae,GEI,leg,1,2,403.0,2,1,2,403.0,0.0002604869510921,4
convae,GEI,leg,2,1,578.0,1,0,2,578.0,0.0002919733621335,3
convae,GEI,leg,2,2,603.0,1,0,2,603.0,0.0003009942599667,3
convae,GEI,leg,3,1,431.0,1,0,2,431.0,0.0002192165966089,1
convae,GEI,leg,3,2,555.0,2,1,2,555.0,0.0003306136011913,0
convae,GEI,leg,3,3,766.0,2,1,2,766.0,0.0002953523146937,3
convae,GEI,leg,4,1,550.0,1,0,2,550.0,0.0002474287940481,0
convae,GEI,leg,4,2,419.0,1,0,2,419.0,0.0001895795348667,1
convae,GEI,leg,6,1,416.0,1,0,1,416.0,0.0002597900389186,0
convae,GEI,leg,7,1,568.0,1,0,3,568.0,0.0003165158906337,3
convae,GEI,leg,7,2,,1,0,3,unknown,0.000235594833578,1
convae,GEI,leg,7,3,411.0,2,1,3,411.0,0.0003013909326698,3
convae,GEI,leg,8,1,319.0,1,0,3,319.0,0.0002014097899518,1
convae,GEI,leg,8,2,325.0,1,0,3,325.0,0.0002741408225671,4
convae,GEI,leg,8,3,344.0,2,1,3,344.0,0.000312127496727,0
convae,GEI,leg,8,4,322.0,2,1,3,322.0,0.00033731558856,0
convae,GEI,leg,9,1,891.0,1,0,1,891.0,0.0002439514064462,4
convae,GEI,leg,10,1,566.0,1,0,2,566.0,0.0002559383038284,4
convae,GEI,leg,10,2,743.0,2,1,2,743.0,0.0002886147888536,3
convae,GEI,leg,10,3,2928.0,1,0,2,2928.0,0.0002126095304691,2
convae,GEI,leg,11,1,755.0,1,0,3,755.0,0.0002524450453144,4
convae,GEI,leg,11,2,884.0,2,1,3,884.0,0.000344415057043,4
convae,GEI,leg,11,3,739.0,2,1,3,739.0,0.0003147257513774,4
convae,GEI,leg,11,4,554.0,2,1,3,554.0,0.0002574318712775,1
convae,GEI,leg,11,5,313.0,1,0,3,313.0,0.0002633424132363,0
convae,GEI,leg,11,6,890.0,1,0,3,890.0,0.0002918220545964,0
convae,GEI,leg,11,7,328.0,2,1,3,328.0,0.0003061606681861,4
convae,GEI,leg,11,8,373.0,1,0,3,373.0,0.0003552800617674,3
convae,GEI,leg,12,1,879.0,1,0,2,879.0,0.0002594950023598,2
convae,GEI,leg,12,2,826.0,2,1,2,826.0,0.0003128463298101,1
convae,GEI,leg,13,1,884.0,3,1,1,884.0,0.0002945909457197,4
convae,GEI,leg,14,1,1450.0,2,1,3,1450.0,0.0002981168106392,0
convae,GEI,leg,14,2,865.0,2,1,3,865.0,0.000258377838246,1
convae,GEI,leg,14,3,339.0,2,1,3,339.0,0.0002327557074345,1
convae,GEI,leg,14,4,301.0,1,0,3,301.0,0.0003487592938737,4
convae,GEI,leg,14,5,328.0,2,1,3,328.0,0.0002650085244045,4
convae,GEI,leg,14,6,817.0,1,0,3,817.0,0.0002436642165909,2
convae,GEI,leg,15,1,775.0,2,1,1,775.0,0.0002657528602867,4
convae,GEI,leg,16,1,319.0,1,0,1,319.0,0.0002003400965934,1
convae,GEI,leg,17,1,825.0,2,1,1,825.0,0.0001964376468094,2
convae,GEI,leg,18,1,313.0,1,0,3,313.0,0.0003041672738245,0
convae,GEI,leg,18,2,818.0,2,1,3,818.0,0.0002460951066535,4
convae,GEI,leg,18,3,894.0,2,1,3,894.0,0.0002848746273131,3
convae,GEI,leg,18,4,345.0,1,0,3,345.0,0.0002326425798985,4
convae,GEI,leg,19,1,369.0,2,1,1,369.0,0.0002401038463826,1
convae,GEI,leg,20,1,769.0,2,1,2,769.0,0.0003247786485839,2
convae,GEI,leg,20,2,997.0,1,0,2,997.0,0.0002135777428587,1
convae,GEI,leg,21,1,408.0,1,0,3,408.0,0.0002156263759719,1
convae,GEI,leg,21,2,785.0,2,1,3,785.0,0.0002302161719853,2
convae,GEI,leg,21,3,2892.0,1,0,3,2892.0,0.0002549037115738,4
convae,GEI,leg,22,1,331.0,1,0,3,331.0,0.0002597127962732,4
convae,GEI,leg,22,2,743.0,2,1,3,743.0,0.0003053860206049,3
convae,GEI,leg,22,3,437.0,1,0,3,437.0,0.0002110276826749,1
convae,GEI,leg,22,4,6003.0,1,0,3,6003.0,0.0003103570467958,0
convae,GEI,leg,22,5,350.0,2,1,3,350.0,0.0001911588298188,1
convae,GEI,leg,22,6,858.0,2,1,3,858.0,0.0002705012050094,0
convae,GEI,leg,23,1,568.0,1,0,2,568.0,0.0003120022418443,3
convae,GEI,leg,23,2,302.0,1,0,2,302.0,0.0003326283654637,3
convae,GEI,leg,24,1,566.0,1,0,1,566.0,0.000240185245477,4
convae,GEI,leg,27,1,405.0,2,1,3,405.0,0.0002609038283714,3
convae,GEI,leg,27,2,317.0,2,1,3,317.0,0.0002670827556617,3
convae,GEI,leg,27,3,8006.0,1,0,3,8006.0,0.0001994344140367,2
convae,GEI,leg,27,4,2941.0,2,1,3,2941.0,0.0002922512263895,0
convae,GEI,leg,27,5,774.0,2,1,3,774.0,0.0002602301130536,0
convae,GEI,leg,27,6,327.0,2,1,3,327.0,0.0002722933439404,0
convae,GEI,leg,27,7,584.0,2,1,3,584.0,0.0001922355693144,1
convae,GEI,leg,27,8,550.0,1,0,3,550.0,0.000266097363783,0
convae,GEI,leg,27,9,779.0,1,0,3,779.0,0.0002361772399476,4
convae,GEI,leg,28,1,313.0,1,0,3,313.0,0.0002923321493047,0
convae,GEI,leg,28,2,826.0,2,1,3,826.0,0.0002316082240473,1
convae,GEI,leg,28,3,817.0,1,0,3,817.0,0.0002244307657487,2
convae,GEI,leg,29,1,2952.0,2,1,3,2952.0,0.0002337727997251,2
convae,GEI,leg,29,2,781.0,2,1,3,781.0,0.000299050922123,3
convae,GEI,leg,29,3,369.0,1,0,3,369.0,0.0002360233924668,1
convae,GEI,leg,34,1,858.0,2,1,2,858.0,0.0003024826227273,0
convae,GEI,leg,34,2,2932.0,2,1,2,2932.0,0.0002131743431642,1
convae,GEI,leg,35,1,586.0,1,0,3,586.0,0.0002779195201583,0
convae,GEI,leg,35,2,317.0,2,1,3,317.0,0.0002861530985683,3
convae,GEI,leg,35,3,405.0,1,0,3,405.0,0.0002902387958866,3
convae,GEI,leg,35,4,2892.0,1,0,3,2892.0,0.0002461888192513,4
convae,GEI,leg,35,5,351.0,1,0,3,351.0,0.0002977173840918,3
convae,GEI,leg,36,1,582.0,2,1,1,582.0,0.0002156332364016,2
convae,GEI,leg,37,1,739.0,1,0,1,739.0,0.0002612839271023,4
convae,GEI,leg,39,1,882.0,2,1,2,882.0,0.0002111373332274,1
convae,GEI,leg,39,2,794.0,2,1,2,794.0,0.0002927994787569,0
convae,GEI,leg,40,1,876.0,2,1,3,876.0,0.0002617993937301,3
convae,GEI,leg,40,2,331.0,1,0,3,331.0,0.0002372992355958,4
convae,GEI,leg,40,3,805.0,2,1,3,805.0,0.0002541270667466,0
convae,GEI,leg,40,4,786.0,2,1,3,786.0,0.0002292703338753,1
convae,GEI,leg,40,5,402.0,1,0,3,402.0,0.0002872497498174,3
convae,GEI,leg,40,6,742.0,1,0,3,742.0,0.0002710771759187,0
convae,GEI,leg,41,1,401.0,2,1,3,401.0,0.0002593757491685,4
convae,GEI,leg,41,2,367.0,1,0,3,367.0,0.0002091888588382,1
convae,GEI,leg,42,1,889.0,2,1,1,889.0,0.0002169467928373,2
convae,GEI,leg,50,1,458.0,2,1,1,458.0,0.0002460630841798,4
convae,GEI,leg,51,1,455.0,1,0,2,455.0,0.0002833881668133,3
convae,GEI,leg,51,2,387.0,1,0,2,387.0,0.0002829828295752,0
convae,GEI,leg,52,1,377.0,2,1,1,377.0,0.0002045573361867,2
convae,GEI,leg,53,1,450.0,1,0,2,450.0,0.0002939055541193,0
convae,GEI,leg,54,1,462.0,1,0,3,462.0,0.0002382893729432,1
convae,GEI,leg,54,2,431.0,2,1,3,431.0,0.0002095132191204,1
convae,GEI,leg,54,3,327.0,2,1,3,327.0,0.0002907433624689,0
convae,GEI,leg,55,1,443.0,3,1,1,443.0,0.0002307580126758,4
convae,GEI,leg,56,1,459.0,1,0,1,459.0,0.0002089342291938,2
convae,GEI,leg,57,1,736.0,2,1,1,736.0,0.0002268609335361,1
convae,GEI,leg,58,1,611.0,1,0,2,611.0,0.0002307758082419,4
convae,GEI,leg,58,2,579.0,1,0,2,579.0,0.0002051770816684,2
convae,GEI,leg,59,1,6013.0,1,0,3,6013.0,0.0002760593287853,0
convae,GEI,leg,59,2,763.0,2,1,3,763.0,0.0002395522798386,1
convae,GEI,leg,59,3,820.0,1,0,3,820.0,0.0002540450535889,3
convae,GEI,leg,59,4,8001.0,1,0,3,8001.0,0.0002721546433432,4
convae,GEI,leg,59,5,434.0,2,1,3,434.0,0.0002068400952504,1
convae,GEI,leg,60,1,586.0,1,0,3,586.0,0.0002669094208517,0
convae,GEI,leg,60,2,413.0,2,1,3,413.0,0.0002143617908586,2
convae,GEI,leg,60,3,333.0,2,1,3,333.0,0.0002710711090393,3
convae,GEI,leg,60,4,886.0,2,1,3,886.0,0.0003003753285943,3
convae,GEI,leg,60,5,407.0,2,1,3,407.0,0.0002757004933813,4
convae,GEI,leg,60,6,380.0,1,0,3,380.0,0.0002937770789555,0
convae,GEI,leg,60,7,583.0,2,1,3,583.0,0.0002482633493715,1
convae,GEI,leg,61,1,575.0,1,0,1,575.0,0.0002319235078175,4
convae,GEI,leg,62,1,419.0,1,0,3,419.0,0.0001878655042245,1
convae,GEI,leg,62,2,441.0,1,0,3,441.0,0.0002721239268014,0
convae,GEI,leg,62,3,732.0,2,1,3,732.0,0.0002254685318297,2
convae,GEI,leg,63,1,867.0,2,1,3,867.0,0.0003007872486098,0
convae,GEI,leg,63,2,6012.0,1,0,3,6012.0,0.0002727727506204,3
convae,GEI,leg,63,3,823.0,2,1,3,823.0,0.0002962336356259,3
convae,GEI,leg,63,4,318.0,1,0,3,318.0,0.0002007447521548,2
convae,GEI,leg,63,5,2880.0,2,1,3,2880.0,0.0002546635078033,0
convae,GEI,leg,65,1,2925.0,1,0,2,2925.0,0.0003155511636357,3
convae,GEI,leg,65,2,311.0,2,1,2,311.0,0.0002268582816213,4
convae,GEI,leg,66,1,772.0,3,1,3,772.0,0.000343139454344,1
convae,GEI,leg,66,2,411.0,1,0,3,411.0,0.0003114357885871,3
convae,GEI,leg,66,3,306.0,2,1,3,306.0,0.0002378768051704,2
convae,GEI,leg,66,4,330.0,2,1,3,330.0,0.0002655607979529,3
convae,GEI,leg,67,1,403.0,1,0,2,403.0,0.0002340291761548,4
convae,GEI,leg,67,2,409.0,1,0,2,409.0,0.0002154735761689,2
convae,GEI,leg,67,3,8007.0,2,1,2,8007.0,0.0002805924796612,3
convae,GEI,leg,67,4,8003.0,2,1,2,8003.0,0.000267082114338,3
convae,GEI,leg,69,1,304.0,2,1,3,304.0,0.0002281815663445,1
convae,GEI,leg,69,2,422.0,2,1,3,422.0,0.0002747278542503,4
convae,GEI,leg,70,1,768.0,2,1,1,768.0,0.0003013659006683,0
convae,GEI,leg,71,1,1500.0,1,0,3,1500.0,0.0001984799368074,1
convae,GEI,leg,71,2,305.0,2,1,3,305.0,0.0002839808323934,0
convae,GEI,leg,71,3,418.0,2,1,3,418.0,0.0003330639482578,0
convae,GEI,leg,71,4,744.0,2,1,3,744.0,0.0002155329169578,2
convae,GEI,leg,71,5,883.0,1,0,3,883.0,0.0002144302584797,2
convae,GEI,leg,71,6,375.0,1,0,3,375.0,0.0002682462935165,0
convae,GEI,leg,71,7,543.0,2,1,3,543.0,0.0003319344303401,3
convae,GEI,leg,72,1,352.0,2,1,1,352.0,0.0002624724798402,3
convae,GEI,leg,73,1,426.0,2,1,2,426.0,0.0002401113242376,2
convae,GEI,leg,73,2,423.0,1,0,2,423.0,0.000301604156751,3
convae,GEI,leg,73,3,336.0,2,1,2,336.0,0.0002095149443115,2
convae,GEI,leg,73,4,2917.0,2,1,2,2917.0,0.0002678067740773,3
convae,GEI,leg,73,5,417.0,2,1,2,417.0,0.000209009231993,1
convae,GEI,leg,74,1,433.0,1,0,1,433.0,0.0002851223195415,0
convae,GEI,leg,76,1,372.0,1,0,1,372.0,0.0002479705722447,4
convae,GEI,leg,77,1,549.0,1,0,2,549.0,0.0002351188155149,2
convae,GEI,leg,77,2,365.0,1,0,2,365.0,0.0001894764599199,2
convae,GEI,leg,79,1,472.0,2,1,3,472.0,0.0002779064871858,4
convae,GEI,leg,79,2,406.0,3,1,3,406.0,0.0002098287776999,2
convae,GEI,leg,79,3,873.0,1,0,3,873.0,0.0003723250920302,4
convae,GEI,leg,80,1,383.0,1,0,3,383.0,0.0002050778625621,1
convae,GEI,leg,80,2,739.0,1,0,3,739.0,0.0002724525443343,4
convae,GEI,leg,80,3,889.0,2,1,3,889.0,0.0002147744813644,2
convae,GEI,leg,80,4,305.0,2,1,3,305.0,0.0003310641717492,0
convae,GEI,leg,82,1,338.0,1,0,3,338.0,0.0002161862610678,2
convae,GEI,leg,82,2,407.0,2,1,3,407.0,0.0002602197456519,4
convae,GEI,leg,82,3,350.0,1,0,3,350.0,0.0001955275475858,1
convae,GEI,leg,82,4,441.0,1,0,3,441.0,0.0002656149179009,0
convae,GEI,leg,82,5,464.0,1,0,3,464.0,0.0001992876715759,1
convae,GEI,leg,82,6,423.0,1,0,3,423.0,0.0002892652375435,3
convae,GEI,leg,84,1,613.0,2,1,1,613.0,0.0002113777196629,2
convae,GEI,leg,85,1,457.0,1,0,3,457.0,0.0002225591151121,2
convae,GEI,leg,85,2,366.0,1,0,3,366.0,0.0002140663977073,2
convae,GEI,leg,85,3,448.0,1,0,3,448.0,0.0002659153979038,3
convae,GEI,leg,85,4,434.0,2,1,3,434.0,0.0001990337841561,1
convae,GEI,leg,85,5,583.0,2,1,3,583.0,0.0001974764831671,1
convae,GEI,leg,85,6,419.0,1,0,3,419.0,0.0001928216592031,1
convae,GEI,leg,86,1,6012.0,2,1,1,6012.0,0.000320042304408,3
convae,GEI,leg,87,1,763.0,2,1,2,763.0,0.0002847003369035,1
convae,GEI,leg,88,1,820.0,2,1,3,820.0,0.0002654047208567,3
convae,GEI,leg,88,2,467.0,2,1,3,467.0,0.0003150882461341,0
convae,GEI,leg,88,3,801.0,2,1,3,801.0,0.0002864690626867,1
convae,GEI,leg,88,4,1458.0,1,0,3,1458.0,0.0002373544757978,4
convae,GEI,leg,89,1,411.0,2,1,3,411.0,0.0003356260571401,3
convae,GEI,leg,89,2,426.0,2,1,3,426.0,0.0002268228729304,2
convae,GEI,leg,89,3,886.0,1,0,3,886.0,0.0003121643723938,3
convae,GEI,leg,89,4,775.0,1,0,3,775.0,0.0002441311973962,4
convae,GEI,leg,90,1,458.0,2,1,3,458.0,0.0002722155405859,4
convae,GEI,leg,90,2,422.0,1,0,3,422.0,0.0003366344811053,4
convae,GEI,leg,90,3,452.0,1,0,3,452.0,0.000272560058403,4
convae,GEI,leg,90,4,413.0,1,0,3,413.0,0.000222196796094,2
convae,GEI,leg,94,1,333.0,2,1,1,333.0,0.0002890942785848,3
convae,GEI,leg,96,1,1500.0,1,0,3,1500.0,0.0002033793396549,1
convae,GEI,leg,96,2,375.0,2,1,3,375.0,0.0002757943368271,0
convae,GEI,leg,96,3,418.0,2,1,3,418.0,0.0002795839494578,0
convae,GEI,leg,96,4,732.0,1,0,3,732.0,0.0002176772081939,2
convae,GEI,leg,97,1,586.0,3,1,3,586.0,0.000304082628149,0
convae,GEI,leg,97,2,417.0,1,0,3,417.0,0.0002108160246565,1
convae,GEI,leg,97,3,883.0,3,1,3,883.0,0.0002558553599859,2
convae,GEI,leg,97,4,336.0,1,0,3,336.0,0.0002284107346592,2
convae,GEI,leg,98,1,407.0,2,1,2,407.0,0.0003590711604126,4
convae,GEI,leg,98,2,441.0,1,0,2,441.0,0.0002827837963068,0
convae,GEI,leg,99,1,464.0,1,0,3,464.0,0.0001976568981682,1
convae,GEI,leg,99,2,366.0,1,0,3,366.0,0.0002150843604279,2
convae,GEI,leg,99,3,418.0,2,1,3,418.0,0.0003043507342226,0
convae,GEI,leg,99,4,434.0,2,1,3,434.0,0.0002046132530511,1
convae,GEI,leg,100,1,6012.0,2,1,2,6012.0,0.0002729945984395,3
convae,GEI,leg,100,2,6013.0,2,1,2,6013.0,0.0003109454452741,0
convae,GEI,leg,102,1,426.0,2,1,2,426.0,0.0002769451753481,2
convae,GEI,leg,102,2,425.0,1,0,2,425.0,0.0002218192998303,2
convae,GEI,leg,104,1,458.0,2,1,3,458.0,0.0002408077254787,4
convae,GEI,leg,104,2,422.0,2,1,3,422.0,0.0002366374828852,4
convae,GEI,leg,104,3,611.0,1,0,3,611.0,0.0002326229579734,4
convae,GEI,leg,104,4,8007.0,1,0,3,8007.0,0.0002710853606051,3
convae,GEI,leg,105,1,328.0,1,0,2,328.0,0.0002526924053151,4
convae,GEI,leg,105,2,380.0,2,1,2,380.0,0.0002814572496415,0
convae,GEI,leg,106,1,1500.0,2,1,3,1500.0,0.0001997849616346,1
convae,GEI,leg,106,2,420.0,1,0,3,420.0,0.0003327206565101,4
convae,GEI,leg,106,3,895.0,1,0,3,895.0,0.0002294909759454,2
convae,GEI,leg,106,4,744.0,1,0,3,744.0,0.0002319363214458,2
convae,GEI,leg,107,1,6010.0,1,0,2,6010.0,0.0003286292817392,4
convae,GEI,leg,107,2,459.0,1,0,2,459.0,0.0003361993399639,2
convae,GEI,leg,108,1,311.0,2,1,3,311.0,0.0002346105881393,4
convae,GEI,leg,108,2,448.0,1,0,3,448.0,0.0002649680874939,3
convae,GEI,leg,108,3,350.0,2,1,3,350.0,0.0002305477915797,1
convae,GEI,leg,108,4,2880.0,2,1,3,2880.0,0.0002723592082475,0
convae,GEI,leg,108,5,318.0,1,0,3,318.0,0.0002281928464071,2
convae,GEI,leg,109,1,2917.0,2,1,2,2917.0,0.0002864351689179,3
convae,GEI,leg,109,2,307.0,2,1,2,307.0,0.0002490841447566,1
convae,GEI,leg,109,3,413.0,1,0,2,413.0,0.0002053065441148,2
convae,GEI,leg,110,1,1446.0,1,0,1,1446.0,0.0001922302523299,1
convae,GEI,leg,111,1,443.0,2,1,2,443.0,0.0002330158082338,4
convae,GEI,leg,111,2,421.0,2,1,2,421.0,0.0002731400394016,3
convae,GEI,leg,112,1,409.0,2,1,1,409.0,0.0002188312503642,2
convae,GEI,leg,113,1,333.0,2,1,3,333.0,0.0002705977652415,3
convae,GEI,leg,113,2,375.0,1,0,3,375.0,0.0002568277901642,0
convae,GEI,leg,113,3,370.0,2,1,3,370.0,0.0002679950699338,0
convae,GEI,leg,113,4,820.0,2,1,3,820.0,0.0002528563188542,3
convae,GEI,leg,113,5,883.0,1,0,3,883.0,0.0001982038897366,2
convae,GEI,leg,114,1,586.0,1,0,1,586.0,0.0002961312590438,0
convae,GEI,leg,115,1,336.0,2,1,2,336.0,0.0002098309435366,2
convae,GEI,leg,115,2,732.0,2,1,2,732.0,0.0002088403002394,2
convae,GEI,leg,116,1,423.0,2,1,3,423.0,0.0002757156004971,3
convae,GEI,leg,116,2,419.0,1,0,3,419.0,0.0002023246742153,1
convae,GEI,leg,117,1,2952.0,2,1,2,2952.0,0.00019803102567,2
convae,GEI,leg,117,2,417.0,2,1,2,417.0,0.0001972179534277,1
convae,GEI,leg,118,1,352.0,1,0,3,352.0,0.000267204101773,3
convae,GEI,leg,118,2,304.0,2,1,3,304.0,0.0001959022693982,1
convae,GEI,leg,118,3,433.0,2,1,3,433.0,0.0002780623427598,0
convae,GEI,leg,118,4,768.0,1,0,3,768.0,0.000277701212326,0
convae,HEI,leg,1,1,582.0,2,1,2,582.0,0.0003017083482087,2
convae,HEI,leg,1,2,403.0,2,1,2,403.0,0.0004094610382552,4
convae,HEI,leg,2,1,578.0,1,0,2,578.0,0.0003005032858942,3
convae,HEI,leg,2,2,603.0,1,0,2,603.0,0.0003134957283195,3
convae,HEI,leg,3,1,431.0,1,0,2,431.0,0.0003241898839651,1
convae,HEI,leg,3,2,555.0,2,1,2,555.0,0.0003411931495459,0
convae,HEI,leg,3,3,766.0,2,1,2,766.0,0.000277798670814,3
convae,HEI,leg,4,1,550.0,1,0,2,550.0,0.0002950081554725,0
convae,HEI,leg,4,2,419.0,1,0,2,419.0,0.0002866517405401,1
convae,HEI,leg,6,1,416.0,1,0,1,416.0,0.0002825156490351,0
convae,HEI,leg,7,1,568.0,1,0,3,568.0,0.0003129378183462,3
convae,HEI,leg,7,2,,1,0,3,unknown,0.0003480892243075,1
convae,HEI,leg,7,3,411.0,2,1,3,411.0,0.0002856180220734,3
convae,HEI,leg,8,1,319.0,1,0,3,319.0,0.0002832178934113,1
convae,HEI,leg,8,2,325.0,1,0,3,325.0,0.0004448579733655,4
convae,HEI,leg,8,3,344.0,2,1,3,344.0,0.0003642431602202,0
convae,HEI,leg,8,4,322.0,2,1,3,322.0,0.000307980907059,0
convae,HEI,leg,9,1,891.0,1,0,1,891.0,0.0003315629879944,4
convae,HEI,leg,10,1,566.0,1,0,2,566.0,0.0003523895376067,4
convae,HEI,leg,10,2,743.0,2,1,2,743.0,0.0003436625979147,3
convae,HEI,leg,10,3,2928.0,1,0,2,2928.0,0.0003087974054789,2
convae,HEI,leg,11,1,755.0,1,0,3,755.0,0.0004082386541656,4
convae,HEI,leg,11,2,884.0,2,1,3,884.0,0.0004965577483579,4
convae,HEI,leg,11,3,739.0,2,1,3,739.0,0.0003991744488303,4
convae,HEI,leg,11,4,554.0,2,1,3,554.0,0.0003765978066478,1
convae,HEI,leg,11,5,313.0,1,0,3,313.0,0.0003519666241481,0
convae,HEI,leg,11,6,890.0,1,0,3,890.0,0.0003422704412022,0
convae,HEI,leg,11,7,328.0,2,1,3,328.0,0.0004858031603904,4
convae,HEI,leg,11,8,373.0,1,0,3,373.0,0.0003734484180864,3
convae,HEI,leg,12,1,879.0,1,0,2,879.0,0.0003587788319068,2
convae,HEI,leg,12,2,826.0,2,1,2,826.0,0.000454466178174,1
convae,HEI,leg,13,1,884.0,3,1,1,884.0,0.0004516334566944,4
convae,HEI,leg,14,1,1450.0,2,1,3,1450.0,0.0003305563383037,0
convae,HEI,leg,14,2,865.0,2,1,3,865.0,0.0003630967778412,1
convae,HEI,leg,14,3,339.0,2,1,3,339.0,0.0003021803150962,1
convae,HEI,leg,14,4,301.0,1,0,3,301.0,0.0004840743025521,4
convae,HEI,leg,14,5,328.0,2,1,3,328.0,0.0004008988195911,4
convae,HEI,leg,14,6,817.0,1,0,3,817.0,0.0003516559557216,2
convae,HEI,leg,15,1,775.0,2,1,1,775.0,0.0004098691914757,4
convae,HEI,leg,16,1,319.0,1,0,1,319.0,0.0003294857857067,1
convae,HEI,leg,17,1,825.0,2,1,1,825.0,0.0003047450324326,2
convae,HEI,leg,18,1,313.0,1,0,3,313.0,0.0004033822020014,0
convae,HEI,leg,18,2,818.0,2,1,3,818.0,0.000388788572467,4
convae,HEI,leg,18,3,894.0,2,1,3,894.0,0.0003033066526325,3
convae,HEI,leg,18,4,345.0,1,0,3,345.0,0.0003561824820021,4
convae,HEI,leg,19,1,369.0,2,1,1,369.0,0.0003754583694639,1
convae,HEI,leg,20,1,769.0,2,1,2,769.0,0.0004312420891697,2
convae,HEI,leg,20,2,997.0,1,0,2,997.0,0.0003450715640366,1
convae,HEI,leg,21,1,408.0,1,0,3,408.0,0.0003563318301034,1
convae,HEI,leg,21,2,785.0,2,1,3,785.0,0.0003976359494117,2
convae,HEI,leg,21,3,2892.0,1,0,3,2892.0,0.0003637666879747,4
convae,HEI,leg,22,1,331.0,1,0,3,331.0,0.0003994050837205,4
convae,HEI,leg,22,2,743.0,2,1,3,743.0,0.0003210543378745,3
convae,HEI,leg,22,3,437.0,1,0,3,437.0,0.0003549052939782,1
convae,HEI,leg,22,4,6003.0,1,0,3,6003.0,0.0003715817860904,0
convae,HEI,leg,22,5,350.0,2,1,3,350.0,0.0003173503611268,1
convae,HEI,leg,22,6,858.0,2,1,3,858.0,0.0003289791544803,0
convae,HEI,leg,23,1,568.0,1,0,2,568.0,0.000361996286665,3
convae,HEI,leg,23,2,302.0,1,0,2,302.0,0.0003575142804442,3
convae,HEI,leg,24,1,566.0,1,0,1,566.0,0.0003779060368995,4
convae,HEI,leg,27,1,405.0,2,1,3,405.0,0.0003263212841911,3
convae,HEI,leg,27,2,317.0,2,1,3,317.0,0.0002804232629257,3
convae,HEI,leg,27,3,8006.0,1,0,3,8006.0,0.0003621351356603,2
convae,HEI,leg,27,4,2941.0,2,1,3,2941.0,0.0004027272465036,0
convae,HEI,leg,27,5,774.0,2,1,3,774.0,0.0003441534868519,0
convae,HEI,leg,27,6,327.0,2,1,3,327.0,0.0003233927044285,0
convae,HEI,leg,27,7,584.0,2,1,3,584.0,0.0002777096873614,1
convae,HEI,leg,27,8,550.0,1,0,3,550.0,0.000282203235838,0
convae,HEI,leg,27,9,779.0,1,0,3,779.0,0.0003441408984004,4
convae,HEI,leg,28,1,313.0,1,0,3,313.0,0.000274436478503,0
convae,HEI,leg,28,2,826.0,2,1,3,826.0,0.0003010107424675,1
convae,HEI,leg,28,3,817.0,1,0,3,817.0,0.0003467192228916,2
convae,HEI,leg,29,1,2952.0,2,1,3,2952.0,0.0002814562705882,2
convae,HEI,leg,29,2,781.0,2,1,3,781.0,0.0002681810562665,3
convae,HEI,leg,29,3,369.0,1,0,3,369.0,0.000306603596578,1
convae,HEI,leg,34,1,858.0,2,1,2,858.0,0.0003035462404012,0
convae,HEI,leg,34,2,2932.0,2,1,2,2932.0,0.000288428216759,1
convae,HEI,leg,35,1,586.0,1,0,3,586.0,0.0003117852916702,0
convae,HEI,leg,35,2,317.0,2,1,3,317.0,0.0002856361831719,3
convae,HEI,leg,35,3,405.0,1,0,3,405.0,0.0002518664610265,3
convae,HEI,leg,35,4,2892.0,1,0,3,2892.0,0.0003368956761754,4
convae,HEI,leg,35,5,351.0,1,0,3,351.0,0.0003267919499194,3
convae,HEI,leg,36,1,582.0,2,1,1,582.0,0.0002462620920188,2
convae,HEI,leg,37,1,739.0,1,0,1,739.0,0.0003460074504902,4
convae,HEI,leg,39,1,882.0,2,1,2,882.0,0.0002823606820824,1
convae,HEI,leg,39,2,794.0,2,1,2,794.0,0.0002673004269126,0
convae,HEI,leg,40,1,876.0,2,1,3,876.0,0.0002605690812687,3
convae,HEI,leg,40,2,331.0,1,0,3,331.0,0.0003261182527057,4
convae,HEI,leg,40,3,805.0,2,1,3,805.0,0.0002371195971649,0
convae,HEI,leg,40,4,786.0,2,1,3,786.0,0.0002963123570225,1
convae,HEI,leg,40,5,402.0,1,0,3,402.0,0.0002378752305958,3
convae,HEI,leg,40,6,742.0,1,0,3,742.0,0.000283338222576,0
convae,HEI,leg,41,1,401.0,2,1,3,401.0,0.0003298502083255,4
convae,HEI,leg,41,2,367.0,1,0,3,367.0,0.0002817482941745,1
convae,HEI,leg,42,1,889.0,2,1,1,889.0,0.0001787664599153,2
convae,HEI,leg,50,1,458.0,2,1,1,458.0,0.0003439346902369,4
convae,HEI,leg,51,1,455.0,1,0,2,455.0,0.0002631572981666,3
convae,HEI,leg,51,2,387.0,1,0,2,387.0,0.0003058042930206,0
convae,HEI,leg,52,1,377.0,2,1,1,377.0,0.0003087782602769,2
convae,HEI,leg,53,1,450.0,1,0,2,450.0,0.0003778612695492,0
convae,HEI,leg,54,1,462.0,1,0,3,462.0,0.0003876401080597,1
convae,HEI,leg,54,2,431.0,2,1,3,431.0,0.0003217728173811,1
convae,HEI,leg,54,3,327.0,2,1,3,327.0,0.0003557382733561,0
convae,HEI,leg,55,1,443.0,3,1,1,443.0,0.0003554415185177,4
convae,HEI,leg,56,1,459.0,1,0,1,459.0,0.000322749635216,2
convae,HEI,leg,57,1,736.0,2,1,1,736.0,0.0003740150507332,1
convae,HEI,leg,58,1,611.0,1,0,2,611.0,0.000351142791693,4
convae,HEI,leg,58,2,579.0,1,0,2,579.0,0.0002682377792856,2
convae,HEI,leg,59,1,6013.0,1,0,3,6013.0,0.0003539041538412,0
convae,HEI,leg,59,2,763.0,2,1,3,763.0,0.0002626971722098,1
convae,HEI,leg,59,3,820.0,1,0,3,820.0,0.0002540186258556,3
convae,HEI,leg,59,4,8001.0,1,0,3,8001.0,0.000389917925614,4
convae,HEI,leg,59,5,434.0,2,1,3,434.0,0.000308619096772,1
convae,HEI,leg,60,1,586.0,1,0,3,586.0,0.000280254267732,0
convae,HEI,leg,60,2,413.0,2,1,3,413.0,0.0003214698663214,2
convae,HEI,leg,60,3,333.0,2,1,3,333.0,0.0002862390401008,3
convae,HEI,leg,60,4,886.0,2,1,3,886.0,0.0003059543032085,3
convae,HEI,leg,60,5,407.0,2,1,3,407.0,0.0003612849313634,4
convae,HEI,leg,60,6,380.0,1,0,3,380.0,0.0003173360455548,0
convae,HEI,leg,60,7,583.0,2,1,3,583.0,0.0003170365264687,1
convae,HEI,leg,61,1,575.0,1,0,1,575.0,0.0003243144965381,4
convae,HEI,leg,62,1,419.0,1,0,3,419.0,0.0002401449181728,1
convae,HEI,leg,62,2,441.0,1,0,3,441.0,0.0003085537979911,0
convae,HEI,leg,62,3,732.0,2,1,3,732.0,0.0002850702892626,2
convae,HEI,leg,63,1,867.0,2,1,3,867.0,0.0003631489879418,0
convae,HEI,leg,63,2,6012.0,1,0,3,6012.0,0.0002705889304966,3
convae,HEI,leg,63,3,823.0,2,1,3,823.0,0.000324750127964,3
convae,HEI,leg,63,4,318.0,1,0,3,318.0,0.000308371982862,2
convae,HEI,leg,63,5,2880.0,2,1,3,2880.0,0.0003071735508886,0
convae,HEI,leg,65,1,2925.0,1,0,2,2925.0,0.0003169267363387,3
convae,HEI,leg,65,2,311.0,2,1,2,311.0,0.0003326437972646,4
convae,HEI,leg,66,1,772.0,3,1,3,772.0,0.0004545582238885,1
convae,HEI,leg,66,2,411.0,1,0,3,411.0,0.0003463224718524,3
convae,HEI,leg,66,3,306.0,2,1,3,306.0,0.0003661703246363,2
convae,HEI,leg,66,4,330.0,2,1,3,330.0,0.0002853293643476,3
convae,HEI,leg,67,1,403.0,1,0,2,403.0,0.0003041601249654,4
convae,HEI,leg,67,2,409.0,1,0,2,409.0,0.0003086866788743,2
convae,HEI,leg,67,3,8007.0,2,1,2,8007.0,0.0002699970067919,3
convae,HEI,leg,67,4,8003.0,2,1,2,8003.0,0.0002868094714358,3
convae,HEI,leg,69,1,304.0,2,1,3,304.0,0.0002877562888897,1
convae,HEI,leg,69,2,422.0,2,1,3,422.0,0.0003230550598042,4
convae,HEI,leg,70,1,768.0,2,1,1,768.0,0.0002973453617111,0
convae,HEI,leg,71,1,1500.0,1,0,3,1500.0,0.0002906435423938,1
convae,HEI,leg,71,2,305.0,2,1,3,305.0,0.0003115607803174,0
convae,HEI,leg,71,3,418.0,2,1,3,418.0,0.0003728862729764,0
convae,HEI,leg,71,4,744.0,2,1,3,744.0,0.0003138251532535,2
convae,HEI,leg,71,5,883.0,1,0,3,883.0,0.0003020177265914,2
convae,HEI,leg,71,6,375.0,1,0,3,375.0,0.0003005457909283,0
convae,HEI,leg,71,7,543.0,2,1,3,543.0,0.0003567852426468,3
convae,HEI,leg,72,1,352.0,2,1,1,352.0,0.0002659717497913,3
convae,HEI,leg,73,1,426.0,2,1,2,426.0,0.0003458745224634,2
convae,HEI,leg,73,2,423.0,1,0,2,423.0,0.000351810700522,3
convae,HEI,leg,73,3,336.0,2,1,2,336.0,0.0003242758592511,2
convae,HEI,leg,73,4,2917.0,2,1,2,2917.0,0.0003163098008371,3
convae,HEI,leg,73,5,417.0,2,1,2,417.0,0.0003360513938888,1
convae,HEI,leg,74,1,433.0,1,0,1,433.0,0.0003592212871258,0
convae,HEI,leg,76,1,372.0,1,0,1,372.0,0.000307806291162,4
convae,HEI,leg,77,1,549.0,1,0,2,549.0,0.0002965738806508,2
convae,HEI,leg,77,2,365.0,1,0,2,365.0,0.0002893209561872,2
convae,HEI,leg,79,1,472.0,2,1,3,472.0,0.0003486955240424,4
convae,HEI,leg,79,2,406.0,3,1,3,406.0,0.0002277479213192,2
convae,HEI,leg,79,3,873.0,1,0,3,873.0,0.0004119756492097,4
convae,HEI,leg,80,1,383.0,1,0,3,383.0,0.0002832663394164,1
convae,HEI,leg,80,2,739.0,1,0,3,739.0,0.0003134801436084,4
convae,HEI,leg,80,3,889.0,2,1,3,889.0,0.0002889881544411,2
convae,HEI,leg,80,4,305.0,2,1,3,305.0,0.0003018958794544,0
convae,HEI,leg,82,1,338.0,1,0,3,338.0,0.0002830160038207,2
convae,HEI,leg,82,2,407.0,2,1,3,407.0,0.0003155603326652,4
convae,HEI,leg,82,3,350.0,1,0,3,350.0,0.000268032950716,1
convae,HEI,leg,82,4,441.0,1,0,3,441.0,0.0002493394330875,0
convae,HEI,leg,82,5,464.0,1,0,3,464.0,0.0003083751467551,1
convae,HEI,leg,82,6,423.0,1,0,3,423.0,0.0002896800835428,3
convae,HEI,leg,84,1,613.0,2,1,1,613.0,0.0002792526809369,2
convae,HEI,leg,85,1,457.0,1,0,3,457.0,0.0002690717361272,2
convae,HEI,leg,85,2,366.0,1,0,3,366.0,0.0002925614873759,2
convae,HEI,leg,85,3,448.0,1,0,3,448.0,0.000255598519111,3
convae,HEI,leg,85,4,434.0,2,1,3,434.0,0.0002897281336355,1
convae,HEI,leg,85,5,583.0,2,1,3,583.0,0.0002850579264552,1
convae,HEI,leg,85,6,419.0,1,0,3,419.0,0.0002641037225701,1
convae,HEI,leg,86,1,6012.0,2,1,1,6012.0,0.0002924284270146,3
convae,HEI,leg,87,1,763.0,2,1,2,763.0,0.0003992756085478,1
convae,HEI,leg,88,1,820.0,2,1,3,820.0,0.0002456226144646,3
convae,HEI,leg,88,2,467.0,2,1,3,467.0,0.0003134128433885,0
convae,HEI,leg,88,3,801.0,2,1,3,801.0,0.0003398981682645,1
convae,HEI,leg,88,4,1458.0,1,0,3,1458.0,0.0003311140281665,4
convae,HEI,leg,89,1,411.0,2,1,3,411.0,0.0002951074860996,3
convae,HEI,leg,89,2,426.0,2,1,3,426.0,0.0002881345412894,2
convae,HEI,leg,89,3,886.0,1,0,3,886.0,0.0003070250190366,3
convae,HEI,leg,89,4,775.0,1,0,3,775.0,0.0003432161081582,4
convae,HEI,leg,90,1,458.0,2,1,3,458.0,0.0003536968016937,4
convae,HEI,leg,90,2,422.0,1,0,3,422.0,0.0004240936395945,4
convae,HEI,leg,90,3,452.0,1,0,3,452.0,0.0003871081474547,4
convae,HEI,leg,90,4,413.0,1,0,3,413.0,0.0002682163065765,2
convae,HEI,leg,94,1,333.0,2,1,1,333.0,0.0002474765481973,3
convae,HEI,leg,96,1,1500.0,1,0,3,1500.0,0.0002976447576656,1
convae,HEI,leg,96,2,375.0,2,1,3,375.0,0.0002777584292768,0
convae,HEI,leg,96,3,418.0,2,1,3,418.0,0.0002700503108299,0
convae,HEI,leg,96,4,732.0,1,0,3,732.0,0.0003004382134855,2
convae,HEI,leg,97,1,586.0,3,1,3,586.0,0.0003102728811262,0
convae,HEI,leg,97,2,417.0,1,0,3,417.0,0.0003182717382693,1
convae,HEI,leg,97,3,883.0,3,1,3,883.0,0.0003295924176806,2
convae,HEI,leg,97,4,336.0,1,0,3,336.0,0.0003208587020506,2
convae,HEI,leg,98,1,407.0,2,1,2,407.0,0.0004204074624629,4
convae,HEI,leg,98,2,441.0,1,0,2,441.0,0.0002994321721205,0
convae,HEI,leg,99,1,464.0,1,0,3,464.0,0.0002926500011922,1
convae,HEI,leg,99,2,366.0,1,0,3,366.0,0.0002930267828806,2
convae,HEI,leg,99,3,418.0,2,1,3,418.0,0.0003173351622535,0
convae,HEI,leg,99,4,434.0,2,1,3,434.0,0.0002890980398572,1
convae,HEI,leg,100,1,6012.0,2,1,2,6012.0,0.0002614237458581,3
convae,HEI,leg,100,2,6013.0,2,1,2,6013.0,0.0003006759947222,0
convae,HEI,leg,102,1,426.0,2,1,2,426.0,0.0003717611062115,2
convae,HEI,leg,102,2,425.0,1,0,2,425.0,0.000280315011055,2
convae,HEI,leg,104,1,458.0,2,1,3,458.0,0.0003345262162232,4
convae,HEI,leg,104,2,422.0,2,1,3,422.0,0.000314379991154,4
convae,HEI,leg,104,3,611.0,1,0,3,611.0,0.0003195302284812,4
convae,HEI,leg,104,4,8007.0,1,0,3,8007.0,0.0002559783817177,3
convae,HEI,leg,105,1,328.0,1,0,2,328.0,0.0003167545341727,4
convae,HEI,leg,105,2,380.0,2,1,2,380.0,0.0002776799684963,0
convae,HEI,leg,106,1,1500.0,2,1,3,1500.0,0.0002757317280304,1
convae,HEI,leg,106,2,420.0,1,0,3,420.0,0.0003808045045688,4
convae,HEI,leg,106,3,895.0,1,0,3,895.0,0.0002886824510389,2
convae,HEI,leg,106,4,744.0,1,0,3,744.0,0.0002824699179958,2
convae,HEI,leg,107,1,6010.0,1,0,2,6010.0,0.0004007662369076,4
convae,HEI,leg,107,2,459.0,1,0,2,459.0,0.0004046492237544,2
convae,HEI,leg,108,1,311.0,2,1,3,311.0,0.0003136967049014,4
convae,HEI,leg,108,2,448.0,1,0,3,448.0,0.0002451104979578,3
convae,HEI,leg,108,3,350.0,2,1,3,350.0,0.0003141154764307,1
convae,HEI,leg,108,4,2880.0,2,1,3,2880.0,0.0002885814516048,0
convae,HEI,leg,108,5,318.0,1,0,3,318.0,0.0003094868359767,2
convae,HEI,leg,109,1,2917.0,2,1,2,2917.0,0.0002663883205968,3
convae,HEI,leg,109,2,307.0,2,1,2,307.0,0.0003097062515073,1
convae,HEI,leg,109,3,413.0,1,0,2,413.0,0.000277983073969,2
convae,HEI,leg,110,1,1446.0,1,0,1,1446.0,0.000278717778308,1
convae,HEI,leg,111,1,443.0,2,1,2,443.0,0.0003065156279658,4
convae,HEI,leg,111,2,421.0,2,1,2,421.0,0.0002546806742126,3
convae,HEI,leg,112,1,409.0,2,1,1,409.0,0.0002897195779412,2
convae,HEI,leg,113,1,333.0,2,1,3,333.0,0.0002523323289804,3
convae,HEI,leg,113,2,375.0,1,0,3,375.0,0.0002678207198875,0
convae,HEI,leg,113,3,370.0,2,1,3,370.0,0.0002922028767275,0
convae,HEI,leg,113,4,820.0,2,1,3,820.0,0.0002483419111261,3
convae,HEI,leg,113,5,883.0,1,0,3,883.0,0.0002676905744756,2
convae,HEI,leg,114,1,586.0,1,0,1,586.0,0.0003360215426558,0
convae,HEI,leg,115,1,336.0,2,1,2,336.0,0.0002907969925824,2
convae,HEI,leg,115,2,732.0,2,1,2,732.0,0.0002731811646998,2
convae,HEI,leg,116,1,423.0,2,1,3,423.0,0.0002587398964404,3
convae,HEI,leg,116,2,419.0,1,0,3,419.0,0.000265077827914,1
convae,HEI,leg,117,1,2952.0,2,1,2,2952.0,0.0002826968090793,2
convae,HEI,leg,117,2,417.0,2,1,2,417.0,0.0002594450816104,1
convae,HEI,leg,118,1,352.0,1,0,3,352.0,0.0002378665077331,3
convae,HEI,leg,118,2,304.0,2,1,3,304.0,0.0002643405100065,1
convae,HEI,leg,118,3,433.0,2,1,3,433.0,0.0002782356407098,0
convae,HEI,leg,118,4,768.0,1,0,3,768.0,0.0002981726099581,0
patchcore,CGI,full,1,1,582.0,2,1,2,582.0,6.65387161154496,2
patchcore,CGI,full,1,2,403.0,2,1,2,403.0,6.704712018734071,4
patchcore,CGI,full,2,1,578.0,1,0,2,578.0,6.859064236665383,3
patchcore,CGI,full,2,2,603.0,1,0,2,603.0,6.759079250422391,3
patchcore,CGI,full,3,1,431.0,1,0,2,431.0,6.748741961814262,1
patchcore,CGI,full,3,2,555.0,2,1,2,555.0,6.693423052091856,0
patchcore,CGI,full,3,3,766.0,2,1,2,766.0,6.970747029339826,3
patchcore,CGI,full,4,1,550.0,1,0,2,550.0,6.5321436784206295,0
patchcore,CGI,full,4,2,419.0,1,0,2,419.0,6.617470875764504,1
patchcore,CGI,full,6,1,416.0,1,0,1,416.0,6.5009211131504605,0
patchcore,CGI,full,7,1,568.0,1,0,3,568.0,6.802684773790076,3
patchcore,CGI,full,7,2,,1,0,3,unknown,6.920595637074223,1
patchcore,CGI,full,7,3,411.0,2,1,3,411.0,6.9386919376462,3
patchcore,CGI,full,8,1,319.0,1,0,3,319.0,7.14508356153965,1
patchcore,CGI,full,8,2,325.0,1,0,3,325.0,6.875553839134447,4
patchcore,CGI,full,8,3,344.0,2,1,3,344.0,6.84519524872303,0
patchcore,CGI,full,8,4,322.0,2,1,3,322.0,7.067763134285256,0
patchcore,CGI,full,9,1,891.0,1,0,1,891.0,6.982674293518066,4
patchcore,CGI,full,10,1,566.0,1,0,2,566.0,6.247188505373504,4
patchcore,CGI,full,10,2,743.0,2,1,2,743.0,6.716389679327244,3
patchcore,CGI,full,10,3,2928.0,1,0,2,2928.0,6.810333868352378,2
patchcore,CGI,full,11,1,755.0,1,0,3,755.0,6.981414262638536,4
patchcore,CGI,full,11,2,884.0,2,1,3,884.0,6.717811790379611,4
patchcore,CGI,full,11,3,739.0,2,1,3,739.0,6.978512036800384,4
patchcore,CGI,full,11,4,554.0,2,1,3,554.0,6.795779005010077,1
patchcore,CGI,full,11,5,313.0,1,0,3,313.0,6.678129196166992,0
patchcore,CGI,full,11,6,890.0,1,0,3,890.0,7.176360620034708,0
patchcore,CGI,full,11,7,328.0,2,1,3,328.0,7.268790701602367,4
patchcore,CGI,full,11,8,373.0,1,0,3,373.0,6.698195226264723,3
patchcore,CGI,full,12,1,879.0,1,0,2,879.0,7.303982478600961,2
patchcore,CGI,full,12,2,826.0,2,1,2,826.0,6.896858374277751,1
patchcore,CGI,full,13,1,884.0,3,1,1,884.0,6.704989518874731,4
patchcore,CGI,full,14,1,1450.0,2,1,3,1450.0,6.974528614679972,0
patchcore,CGI,full,14,2,865.0,2,1,3,865.0,6.709097205268012,1
patchcore,CGI,full,14,3,339.0,2,1,3,339.0,7.079711680942111,1
patchcore,CGI,full,14,4,301.0,1,0,3,301.0,7.187531503764066,4
patchcore,CGI,full,14,5,328.0,2,1,3,328.0,7.235071790979264,4
patchcore,CGI,full,14,6,817.0,1,0,3,817.0,7.074904313901576,2
patchcore,CGI,full,15,1,775.0,2,1,1,775.0,7.038083038832012,4
patchcore,CGI,full,16,1,319.0,1,0,1,319.0,7.140832832881382,1
patchcore,CGI,full,17,1,825.0,2,1,1,825.0,6.769653463363648,2
patchcore,CGI,full,18,1,313.0,1,0,3,313.0,6.919568477532803,0
patchcore,CGI,full,18,2,818.0,2,1,3,818.0,6.907327102578205,4
patchcore,CGI,full,18,3,894.0,2,1,3,894.0,6.84060101895719,3
patchcore,CGI,full,18,4,345.0,1,0,3,345.0,7.331107803753444,4
patchcore,CGI,full,19,1,369.0,2,1,1,369.0,7.12999654497419,1
patchcore,CGI,full,20,1,769.0,2,1,2,769.0,6.742068529129028,2
patchcore,CGI,full,20,2,997.0,1,0,2,997.0,6.990395499438774,1
patchcore,CGI,full,21,1,408.0,1,0,3,408.0,7.067991083318537,1
patchcore,CGI,full,21,2,785.0,2,1,3,785.0,7.066976174712181,2
patchcore,CGI,full,21,3,2892.0,1,0,3,2892.0,7.123747794858871,4
patchcore,CGI,full,22,1,331.0,1,0,3,331.0,6.75756469139686,4
patchcore,CGI,full,22,2,743.0,2,1,3,743.0,7.067405957442063,3
patchcore,CGI,full,22,3,437.0,1,0,3,437.0,6.988511318384215,1
patchcore,CGI,full,22,4,6003.0,1,0,3,6003.0,6.696240095865159,0
patchcore,CGI,full,22,5,350.0,2,1,3,350.0,6.7341547998888736,1
patchcore,CGI,full,22,6,858.0,2,1,3,858.0,6.938907048281501,0
patchcore,CGI,full,23,1,568.0,1,0,2,568.0,6.811205267906189,3
patchcore,CGI,full,23,2,302.0,1,0,2,302.0,6.864025844468011,3
patchcore,CGI,full,24,1,566.0,1,0,1,566.0,6.754950417412652,4
patchcore,CGI,full,27,1,405.0,2,1,3,405.0,6.856543932205591,3
patchcore,CGI,full,27,2,317.0,2,1,3,317.0,6.798878584589277,3
patchcore,CGI,full,27,3,8006.0,1,0,3,8006.0,6.844949534445098,2
patchcore,CGI,full,27,4,2941.0,2,1,3,2941.0,7.021702317630544,0
patchcore,CGI,full,27,5,774.0,2,1,3,774.0,6.825347471237182,0
patchcore,CGI,full,27,6,327.0,2,1,3,327.0,6.559972817557199,0
patchcore,CGI,full,27,7,584.0,2,1,3,584.0,6.955356486638388,1
patchcore,CGI,full,27,8,550.0,1,0,3,550.0,6.803818909327189,0
patchcore,CGI,full,27,9,779.0,1,0,3,779.0,7.084630507689256,4
patchcore,CGI,full,28,1,313.0,1,0,3,313.0,7.021743202209473,0
patchcore,CGI,full,28,2,826.0,2,1,3,826.0,7.080717154911587,1
patchcore,CGI,full,28,3,817.0,1,0,3,817.0,7.557289617402213,2
patchcore,CGI,full,29,1,2952.0,2,1,3,2952.0,7.161350117789374,2
patchcore,CGI,full,29,2,781.0,2,1,3,781.0,7.025403213500977,3
patchcore,CGI,full,29,3,369.0,1,0,3,369.0,7.117287291420831,1
patchcore,CGI,full,34,1,858.0,2,1,2,858.0,6.972768810060289,0
patchcore,CGI,full,34,2,2932.0,2,1,2,2932.0,6.807894342824032,1
patchcore,CGI,full,35,1,586.0,1,0,3,586.0,6.597171318240282,0
patchcore,CGI,full,35,2,317.0,2,1,3,317.0,6.987598493364122,3
patchcore,CGI,full,35,3,405.0,1,0,3,405.0,7.212367231195623,3
patchcore,CGI,full,35,4,2892.0,1,0,3,2892.0,6.930364276087562,4
patchcore,CGI,full,35,5,351.0,1,0,3,351.0,6.91177716255188,3
patchcore,CGI,full,36,1,582.0,2,1,1,582.0,6.667365189256339,2
patchcore,CGI,full,37,1,739.0,1,0,1,739.0,6.946674929724799,4
patchcore,CGI,full,39,1,882.0,2,1,2,882.0,7.035643956240485,1
patchcore,CGI,full,39,2,794.0,2,1,2,794.0,7.285963177680969,0
patchcore,CGI,full,40,1,876.0,2,1,3,876.0,7.190098519227942,3
patchcore,CGI,full,40,2,331.0,1,0,3,331.0,6.861337213516236,4
patchcore,CGI,full,40,3,805.0,2,1,3,805.0,7.249375477815286,0
patchcore,CGI,full,40,4,786.0,2,1,3,786.0,7.113121259212494,1
patchcore,CGI,full,40,5,402.0,1,0,3,402.0,7.087481021881104,3
patchcore,CGI,full,40,6,742.0,1,0,3,742.0,7.050421150107133,0
patchcore,CGI,full,41,1,401.0,2,1,3,401.0,7.086867498314899,4
patchcore,CGI,full,41,2,367.0,1,0,3,367.0,6.833743163517544,1
patchcore,CGI,full,42,1,889.0,2,1,1,889.0,7.41442334651947,2
patchcore,CGI,full,50,1,458.0,2,1,1,458.0,6.531752930747138,4
patchcore,CGI,full,51,1,455.0,1,0,2,455.0,6.756034060222347,3
patchcore,CGI,full,51,2,387.0,1,0,2,387.0,6.868421880822432,0
patchcore,CGI,full,52,1,377.0,2,1,1,377.0,6.660380037207353,2
patchcore,CGI,full,53,1,450.0,1,0,2,450.0,6.851754983266194,0
patchcore,CGI,full,54,1,462.0,1,0,3,462.0,6.869977513138129,1
patchcore,CGI,full,54,2,431.0,2,1,3,431.0,6.664771587290662,1
patchcore,CGI,full,54,3,327.0,2,1,3,327.0,6.845161692301432,0
patchcore,CGI,full,55,1,443.0,3,1,1,443.0,6.48900919182356,4
patchcore,CGI,full,56,1,459.0,1,0,1,459.0,6.5560692461525525,2
patchcore,CGI,full,57,1,736.0,2,1,1,736.0,6.776777754889594,1
patchcore,CGI,full,58,1,611.0,1,0,2,611.0,6.803512141818092,4
patchcore,CGI,full,58,2,579.0,1,0,2,579.0,6.782711426417033,2
patchcore,CGI,full,59,1,6013.0,1,0,3,6013.0,6.726733451419406,0
patchcore,CGI,full,59,2,763.0,2,1,3,763.0,7.357853293418884,1
patchcore,CGI,full,59,3,820.0,1,0,3,820.0,6.654267263412476,3
patchcore,CGI,full,59,4,8001.0,1,0,3,8001.0,6.974590832536871,4
patchcore,CGI,full,59,5,434.0,2,1,3,434.0,6.487312837080522,1
patchcore,CGI,full,60,1,586.0,1,0,3,586.0,6.459887517125983,0
patchcore,CGI,full,60,2,413.0,2,1,3,413.0,6.718456602096557,2
patchcore,CGI,full,60,3,333.0,2,1,3,333.0,6.860214710235596,3
patchcore,CGI,full,60,4,886.0,2,1,3,886.0,6.614358901977539,3
patchcore,CGI,full,60,5,407.0,2,1,3,407.0,6.764455367357303,4
patchcore,CGI,full,60,6,380.0,1,0,3,380.0,6.61326915877206,0
patchcore,CGI,full,60,7,583.0,2,1,3,583.0,6.808266700842442,1
patchcore,CGI,full,61,1,575.0,1,0,1,575.0,6.739408504962921,4
patchcore,CGI,full,62,1,419.0,1,0,3,419.0,6.547963170444264,1
patchcore,CGI,full,62,2,441.0,1,0,3,441.0,6.780513559068952,0
patchcore,CGI,full,62,3,732.0,2,1,3,732.0,6.690185215738085,2
patchcore,CGI,full,63,1,867.0,2,1,3,867.0,6.556303626015072,0
patchcore,CGI,full,63,2,6012.0,1,0,3,6012.0,6.560847475415184,3
patchcore,CGI,full,63,3,823.0,2,1,3,823.0,6.781571301546964,3
patchcore,CGI,full,63,4,318.0,1,0,3,318.0,6.787370958993601,2
patchcore,CGI,full,63,5,2880.0,2,1,3,2880.0,6.63857374693218,0
patchcore,CGI,full,65,1,2925.0,1,0,2,2925.0,6.894276590058298,3
patchcore,CGI,full,65,2,311.0,2,1,2,311.0,6.574562102556229,4
patchcore,CGI,full,66,1,772.0,3,1,3,772.0,7.000913947820664,1
patchcore,CGI,full,66,2,411.0,1,0,3,411.0,6.484581663495018,3
patchcore,CGI,full,66,3,306.0,2,1,3,306.0,6.76934353928817,2
patchcore,CGI,full,66,4,330.0,2,1,3,330.0,6.935467842297676,3
patchcore,CGI,full,67,1,403.0,1,0,2,403.0,6.608360792461195,4
patchcore,CGI,full,67,2,409.0,1,0,2,409.0,6.643071288154239,2
patchcore,CGI,full,67,3,8007.0,2,1,2,8007.0,6.610591772440317,3
patchcore,CGI,full,67,4,8003.0,2,1,2,8003.0,6.599555015563965,3
patchcore,CGI,full,69,1,304.0,2,1,3,304.0,6.914015865325927,1
patchcore,CGI,full,69,2,422.0,2,1,3,422.0,6.726633469263713,4
patchcore,CGI,full,70,1,768.0,2,1,1,768.0,7.123094916343689,0
patchcore,CGI,full,71,1,1500.0,1,0,3,1500.0,6.633954262733459,1
patchcore,CGI,full,71,2,305.0,2,1,3,305.0,6.77979223544781,0
patchcore,CGI,full,71,3,418.0,2,1,3,418.0,6.995898270025486,0
patchcore,CGI,full,71,4,744.0,2,1,3,744.0,6.619952125982805,2
patchcore,CGI,full,71,5,883.0,1,0,3,883.0,6.68138185414401,2
patchcore,CGI,full,71,6,375.0,1,0,3,375.0,6.983910583868259,0
patchcore,CGI,full,71,7,543.0,2,1,3,543.0,6.906998580152338,3
patchcore,CGI,full,72,1,352.0,2,1,1,352.0,6.796787050035265,3
patchcore,CGI,full,73,1,426.0,2,1,2,426.0,6.756412162780761,2
patchcore,CGI,full,73,2,423.0,1,0,2,423.0,7.166252871354421,3
patchcore,CGI,full,73,3,336.0,2,1,2,336.0,6.479702391275546,2
patchcore,CGI,full,73,4,2917.0,2,1,2,2917.0,6.691924276806059,3
patchcore,CGI,full,73,5,417.0,2,1,2,417.0,6.56827285554674,1
patchcore,CGI,full,74,1,433.0,1,0,1,433.0,6.834581397300543,0
patchcore,CGI,full,76,1,372.0,1,0,1,372.0,6.838498858844533,4
patchcore,CGI,full,77,1,549.0,1,0,2,549.0,6.730292358913937,2
patchcore,CGI,full,77,2,365.0,1,0,2,365.0,6.544176505162166,2
patchcore,CGI,full,79,1,472.0,2,1,3,472.0,6.99748554683867,4
patchcore,CGI,full,79,2,406.0,3,1,3,406.0,6.88702209179218,2
patchcore,CGI,full,79,3,873.0,1,0,3,873.0,7.064747403065364,4
patchcore,CGI,full,80,1,383.0,1,0,3,383.0,6.572195065988077,1
patchcore,CGI,full,80,2,739.0,1,0,3,739.0,6.713453830816807,4
patchcore,CGI,full,80,3,889.0,2,1,3,889.0,6.475586635310475,2
patchcore,CGI,full,80,4,305.0,2,1,3,305.0,6.642323223320213,0
patchcore,CGI,full,82,1,338.0,1,0,3,338.0,6.648793163753691,2
patchcore,CGI,full,82,2,407.0,2,1,3,407.0,6.812217163317131,4
patchcore,CGI,full,82,3,350.0,1,0,3,350.0,7.031925707152396,1
patchcore,CGI,full,82,4,441.0,1,0,3,441.0,6.529022979736328,0
patchcore,CGI,full,82,5,464.0,1,0,3,464.0,6.421105425408546,1
patchcore,CGI,full,82,6,423.0,1,0,3,423.0,6.726682469958351,3
patchcore,CGI,full,84,1,613.0,2,1,1,613.0,6.5647730509440105,2
patchcore,CGI,full,85,1,457.0,1,0,3,457.0,6.891006130642361,2
patchcore,CGI,full,85,2,366.0,1,0,3,366.0,6.500432147536167,2
patchcore,CGI,full,85,3,448.0,1,0,3,448.0,6.350814970528207,3
patchcore,CGI,full,85,4,434.0,2,1,3,434.0,6.486847587253736,1
patchcore,CGI,full,85,5,583.0,2,1,3,583.0,6.4180909395217896,1
patchcore,CGI,full,85,6,419.0,1,0,3,419.0,6.723354952675956,1
patchcore,CGI,full,86,1,6012.0,2,1,1,6012.0,6.898070469880715,3
patchcore,CGI,full,87,1,763.0,2,1,2,763.0,6.974974027701786,1
patchcore,CGI,full,88,1,820.0,2,1,3,820.0,6.616901887429727,3
patchcore,CGI,full,88,2,467.0,2,1,3,467.0,6.641456580162048,0
patchcore,CGI,full,88,3,801.0,2,1,3,801.0,6.992356120215522,1
patchcore,CGI,full,88,4,1458.0,1,0,3,1458.0,6.406826135847304,4
patchcore,CGI,full,89,1,411.0,2,1,3,411.0,6.885666871682192,3
patchcore,CGI,full,89,2,426.0,2,1,3,426.0,6.740378280018652,2
patchcore,CGI,full,89,3,886.0,1,0,3,886.0,6.841993390297403,3
patchcore,CGI,full,89,4,775.0,1,0,3,775.0,6.752084064483642,4
patchcore,CGI,full,90,1,458.0,2,1,3,458.0,6.875439126612776,4
patchcore,CGI,full,90,2,422.0,1,0,3,422.0,6.98476208959307,4
patchcore,CGI,full,90,3,452.0,1,0,3,452.0,6.727411623354311,4
patchcore,CGI,full,90,4,413.0,1,0,3,413.0,6.623278865814209,2
patchcore,CGI,full,94,1,333.0,2,1,1,333.0,6.743154213346284,3
patchcore,CGI,full,96,1,1500.0,1,0,3,1500.0,6.426553165912628,1
patchcore,CGI,full,96,2,375.0,2,1,3,375.0,6.537106191789782,0
patchcore,CGI,full,96,3,418.0,2,1,3,418.0,6.848699557153802,0
patchcore,CGI,full,96,4,732.0,1,0,3,732.0,6.495090484619141,2
patchcore,CGI,full,97,1,586.0,3,1,3,586.0,6.973480354655873,0
patchcore,CGI,full,97,2,417.0,1,0,3,417.0,6.81307014764524,1
patchcore,CGI,full,97,3,883.0,3,1,3,883.0,7.3607264657815294,2
patchcore,CGI,full,97,4,336.0,1,0,3,336.0,6.940868245230781,2
patchcore,CGI,full,98,1,407.0,2,1,2,407.0,7.0245269168506965,4
patchcore,CGI,full,98,2,441.0,1,0,2,441.0,6.675591890202012,0
patchcore,CGI,full,99,1,464.0,1,0,3,464.0,6.873478339268611,1
patchcore,CGI,full,99,2,366.0,1,0,3,366.0,7.025754103789458,2
patchcore,CGI,full,99,3,418.0,2,1,3,418.0,6.846775233745575,0
patchcore,CGI,full,99,4,434.0,2,1,3,434.0,6.699390923104635,1
patchcore,CGI,full,100,1,6012.0,2,1,2,6012.0,6.506407260894775,3
patchcore,CGI,full,100,2,6013.0,2,1,2,6013.0,6.7205612485001724,0
patchcore,CGI,full,102,1,426.0,2,1,2,426.0,6.892770495908014,2
patchcore,CGI,full,102,2,425.0,1,0,2,425.0,6.637966383071173,2
patchcore,CGI,full,104,1,458.0,2,1,3,458.0,6.667546685536703,4
patchcore,CGI,full,104,2,422.0,2,1,3,422.0,6.557601108107456,4
patchcore,CGI,full,104,3,611.0,1,0,3,611.0,6.38054650869125,4
patchcore,CGI,full,104,4,8007.0,1,0,3,8007.0,6.614012002944946,3
patchcore,CGI,full,105,1,328.0,1,0,2,328.0,6.857269600818031,4
patchcore,CGI,full,105,2,380.0,2,1,2,380.0,6.430649048573262,0
patchcore,CGI,full,106,1,1500.0,2,1,3,1500.0,6.473573895387871,1
patchcore,CGI,full,106,2,420.0,1,0,3,420.0,6.781438246005919,4
patchcore,CGI,full,106,3,895.0,1,0,3,895.0,6.871898858443551,2
patchcore,CGI,full,106,4,744.0,1,0,3,744.0,6.92495784163475,2
patchcore,CGI,full,107,1,6010.0,1,0,2,6010.0,7.044579781591892,4
patchcore,CGI,full,107,2,459.0,1,0,2,459.0,7.015406983797668,2
patchcore,CGI,full,108,1,311.0,2,1,3,311.0,6.303804769748595,4
patchcore,CGI,full,108,2,448.0,1,0,3,448.0,6.6432106559341015,3
patchcore,CGI,full,108,3,350.0,2,1,3,350.0,7.096509039402008,1
patchcore,CGI,full,108,4,2880.0,2,1,3,2880.0,6.72460948228836,0
patchcore,CGI,full,108,5,318.0,1,0,3,318.0,6.599281263351441,2
patchcore,CGI,full,109,1,2917.0,2,1,2,2917.0,6.647375665059903,3
patchcore,CGI,full,109,2,307.0,2,1,2,307.0,6.681542559103533,1
patchcore,CGI,full,109,3,413.0,1,0,2,413.0,6.618691016466189,2
patchcore,CGI,full,110,1,1446.0,1,0,1,1446.0,6.60549984258764,1
patchcore,CGI,full,111,1,443.0,2,1,2,443.0,6.668768696163012,4
patchcore,CGI,full,111,2,421.0,2,1,2,421.0,6.598075257407294,3
patchcore,CGI,full,112,1,409.0,2,1,1,409.0,6.848205681200381,2
patchcore,CGI,full,113,1,333.0,2,1,3,333.0,6.826616128285726,3
patchcore,CGI,full,113,2,375.0,1,0,3,375.0,6.718509867384627,0
patchcore,CGI,full,113,3,370.0,2,1,3,370.0,6.615706017142848,0
patchcore,CGI,full,113,4,820.0,2,1,3,820.0,6.572375498319927,3
patchcore,CGI,full,113,5,883.0,1,0,3,883.0,6.600497979384202,2
patchcore,CGI,full,114,1,586.0,1,0,1,586.0,6.870964457591374,0
patchcore,CGI,full,115,1,336.0,2,1,2,336.0,6.743029151644025,2
patchcore,CGI,full,115,2,732.0,2,1,2,732.0,6.741958752656594,2
patchcore,CGI,full,116,1,423.0,2,1,3,423.0,6.830670693341424,3
patchcore,CGI,full,116,2,419.0,1,0,3,419.0,6.57882273537772,1
patchcore,CGI,full,117,1,2952.0,2,1,2,2952.0,6.6156846804496565,2
patchcore,CGI,full,117,2,417.0,2,1,2,417.0,6.593437343835831,1
patchcore,CGI,full,118,1,352.0,1,0,3,352.0,6.923770387967427,3
patchcore,CGI,full,118,2,304.0,2,1,3,304.0,6.440497623549567,1
patchcore,CGI,full,118,3,433.0,2,1,3,433.0,6.573706838819716,0
patchcore,CGI,full,118,4,768.0,1,0,3,768.0,6.7446701685587565,0
patchcore,CGI,leg,1,1,582.0,2,1,2,582.0,7.4075398445129395,2
patchcore,CGI,leg,1,2,403.0,2,1,2,403.0,7.624508822836527,4
patchcore,CGI,leg,2,1,578.0,1,0,2,578.0,7.177906488760923,3
patchcore,CGI,leg,2,2,603.0,1,0,2,603.0,7.023488890041005,3
patchcore,CGI,leg,3,1,431.0,1,0,2,431.0,7.762019376497011,1
patchcore,CGI,leg,3,2,555.0,2,1,2,555.0,8.137699488047007,0
patchcore,CGI,leg,3,3,766.0,2,1,2,766.0,6.80692559701425,3
patchcore,CGI,leg,4,1,550.0,1,0,2,550.0,6.834045874766814,0
patchcore,CGI,leg,4,2,419.0,1,0,2,419.0,6.746928484011919,1
patchcore,CGI,leg,6,1,416.0,1,0,1,416.0,6.492899094309125,0
patchcore,CGI,leg,7,1,568.0,1,0,3,568.0,6.85153313900562,3
patchcore,CGI,leg,7,2,,1,0,3,unknown,6.87139430752507,1
patchcore,CGI,leg,7,3,411.0,2,1,3,411.0,7.0551872586095055,3
patchcore,CGI,leg,8,1,319.0,1,0,3,319.0,6.618715330958366,1
patchcore,CGI,leg,8,2,325.0,1,0,3,325.0,7.158583987842906,4
patchcore,CGI,leg,8,3,344.0,2,1,3,344.0,7.267693445086479,0
patchcore,CGI,leg,8,4,322.0,2,1,3,322.0,8.02437001687509,0
patchcore,CGI,leg,9,1,891.0,1,0,1,891.0,6.960502414703369,4
patchcore,CGI,leg,10,1,566.0,1,0,2,566.0,6.67812937184384,4
patchcore,CGI,leg,10,2,743.0,2,1,2,743.0,7.213896972377126,3
patchcore,CGI,leg,10,3,2928.0,1,0,2,2928.0,6.637250970049602,2
patchcore,CGI,leg,11,1,755.0,1,0,3,755.0,7.10924612089645,4
patchcore,CGI,leg,11,2,884.0,2,1,3,884.0,7.490853092887185,4
patchcore,CGI,leg,11,3,739.0,2,1,3,739.0,7.565650594234467,4
patchcore,CGI,leg,11,4,554.0,2,1,3,554.0,7.576549012610253,1
patchcore,CGI,leg,11,5,313.0,1,0,3,313.0,6.622186231613159,0
patchcore,CGI,leg,11,6,890.0,1,0,3,890.0,7.22806251371229,0
patchcore,CGI,leg,11,7,328.0,2,1,3,328.0,7.160486211168005,4
patchcore,CGI,leg,11,8,373.0,1,0,3,373.0,7.588463205279726,3
patchcore,CGI,leg,12,1,879.0,1,0,2,879.0,7.279849838327478,2
patchcore,CGI,leg,12,2,826.0,2,1,2,826.0,7.056092023849487,1
patchcore,CGI,leg,13,1,884.0,3,1,1,884.0,7.564146812145527,4
patchcore,CGI,leg,14,1,1450.0,2,1,3,1450.0,7.403948958714803,0
patchcore,CGI,leg,14,2,865.0,2,1,3,865.0,7.262025260925293,1
patchcore,CGI,leg,14,3,339.0,2,1,3,339.0,7.9029704517788355,1
patchcore,CGI,leg,14,4,301.0,1,0,3,301.0,7.370811689983714,4
patchcore,CGI,leg,14,5,328.0,2,1,3,328.0,7.252978365472022,4
patchcore,CGI,leg,14,6,817.0,1,0,3,817.0,7.384135304427728,2
patchcore,CGI,leg,15,1,775.0,2,1,1,775.0,7.232065188257318,4
patchcore,CGI,leg,16,1,319.0,1,0,1,319.0,6.532573001725333,1
patchcore,CGI,leg,17,1,825.0,2,1,1,825.0,6.959762557347616,2
patchcore,CGI,leg,18,1,313.0,1,0,3,313.0,6.939352634625557,0
patchcore,CGI,leg,18,2,818.0,2,1,3,818.0,6.988488954046498,4
patchcore,CGI,leg,18,3,894.0,2,1,3,894.0,7.0174276377703695,3
patchcore,CGI,leg,18,4,345.0,1,0,3,345.0,7.009978686060224,4
patchcore,CGI,leg,19,1,369.0,2,1,1,369.0,7.566504001617432,1
patchcore,CGI,leg,20,1,769.0,2,1,2,769.0,7.808622292109898,2
patchcore,CGI,leg,20,2,997.0,1,0,2,997.0,6.854615711584324,1
patchcore,CGI,leg,21,1,408.0,1,0,3,408.0,7.023057301839192,1
patchcore,CGI,leg,21,2,785.0,2,1,3,785.0,7.385860562324524,2
patchcore,CGI,leg,21,3,2892.0,1,0,3,2892.0,6.661255313504126,4
patchcore,CGI,leg,22,1,331.0,1,0,3,331.0,6.543460845947266,4
patchcore,CGI,leg,22,2,743.0,2,1,3,743.0,7.631925937456963,3
patchcore,CGI,leg,22,3,437.0,1,0,3,437.0,6.670010866120804,1
patchcore,CGI,leg,22,4,6003.0,1,0,3,6003.0,6.813159579322452,0
patchcore,CGI,leg,22,5,350.0,2,1,3,350.0,6.813009114101015,1
patchcore,CGI,leg,22,6,858.0,2,1,3,858.0,6.844302191453822,0
patchcore,CGI,leg,23,1,568.0,1,0,2,568.0,7.043460536003113,3
patchcore,CGI,leg,23,2,302.0,1,0,2,302.0,7.168316933843824,3
patchcore,CGI,leg,24,1,566.0,1,0,1,566.0,6.558387306001452,4
patchcore,CGI,leg,27,1,405.0,2,1,3,405.0,7.24825581526145,3
patchcore,CGI,leg,27,2,317.0,2,1,3,317.0,6.566099609647479,3
patchcore,CGI,leg,27,3,8006.0,1,0,3,8006.0,6.757780161770907,2
patchcore,CGI,leg,27,4,2941.0,2,1,3,2941.0,6.795622194514555,0
patchcore,CGI,leg,27,5,774.0,2,1,3,774.0,6.596332105000814,0
patchcore,CGI,leg,27,6,327.0,2,1,3,327.0,6.833315127236503,0
patchcore,CGI,leg,27,7,584.0,2,1,3,584.0,7.345662784576416,1
patchcore,CGI,leg,27,8,550.0,1,0,3,550.0,6.820936012268066,0
patchcore,CGI,leg,27,9,779.0,1,0,3,779.0,6.741943762852595,4
patchcore,CGI,leg,28,1,313.0,1,0,3,313.0,6.720840787887573,0
patchcore,CGI,leg,28,2,826.0,2,1,3,826.0,7.331208995410374,1
patchcore,CGI,leg,28,3,817.0,1,0,3,817.0,7.316800321851458,2
patchcore,CGI,leg,29,1,2952.0,2,1,3,2952.0,6.737419181399876,2
patchcore,CGI,leg,29,2,781.0,2,1,3,781.0,8.214795739310128,3
patchcore,CGI,leg,29,3,369.0,1,0,3,369.0,6.9301813046137495,1
patchcore,CGI,leg,34,1,858.0,2,1,2,858.0,7.701031393475002,0
patchcore,CGI,leg,34,2,2932.0,2,1,2,2932.0,6.878520212675396,1
patchcore,CGI,leg,35,1,586.0,1,0,3,586.0,6.672417047547131,0
patchcore,CGI,leg,35,2,317.0,2,1,3,317.0,6.713543563418918,3
patchcore,CGI,leg,35,3,405.0,1,0,3,405.0,7.461897221478549,3
patchcore,CGI,leg,35,4,2892.0,1,0,3,2892.0,6.728035926818848,4
patchcore,CGI,leg,35,5,351.0,1,0,3,351.0,6.726116442680359,3
patchcore,CGI,leg,36,1,582.0,2,1,1,582.0,7.470954385297052,2
patchcore,CGI,leg,37,1,739.0,1,0,1,739.0,6.993246687783135,4
patchcore,CGI,leg,39,1,882.0,2,1,2,882.0,6.701051305322086,1
patchcore,CGI,leg,39,2,794.0,2,1,2,794.0,7.177007123827934,0
patchcore,CGI,leg,40,1,876.0,2,1,3,876.0,6.83174517689919,3
patchcore,CGI,leg,40,2,331.0,1,0,3,331.0,7.00594391822815,4
patchcore,CGI,leg,40,3,805.0,2,1,3,805.0,7.219344567029904,0
patchcore,CGI,leg,40,4,786.0,2,1,3,786.0,6.995377087593079,1
patchcore,CGI,leg,40,5,402.0,1,0,3,402.0,7.145271384716034,3
patchcore,CGI,leg,40,6,742.0,1,0,3,742.0,7.000051912508513,0
patchcore,CGI,leg,41,1,401.0,2,1,3,401.0,6.801180093184762,4
patchcore,CGI,leg,41,2,367.0,1,0,3,367.0,6.806171660520593,1
patchcore,CGI,leg,42,1,889.0,2,1,1,889.0,7.373093803723653,2
patchcore,CGI,leg,50,1,458.0,2,1,1,458.0,7.51460501882765,4
patchcore,CGI,leg,51,1,455.0,1,0,2,455.0,6.917473432494373,3
patchcore,CGI,leg,51,2,387.0,1,0,2,387.0,7.035538083628604,0
patchcore,CGI,leg,52,1,377.0,2,1,1,377.0,6.980346604397423,2
patchcore,CGI,leg,53,1,450.0,1,0,2,450.0,6.974829037984212,0
patchcore,CGI,leg,54,1,462.0,1,0,3,462.0,7.052889648748904,1
patchcore,CGI,leg,54,2,431.0,2,1,3,431.0,6.699847190938097,1
patchcore,CGI,leg,54,3,327.0,2,1,3,327.0,7.039408789740668,0
patchcore,CGI,leg,55,1,443.0,3,1,1,443.0,6.699388138083524,4
patchcore,CGI,leg,56,1,459.0,1,0,1,459.0,6.982646221067848,2
patchcore,CGI,leg,57,1,736.0,2,1,1,736.0,6.949072530534532,1
patchcore,CGI,leg,58,1,611.0,1,0,2,611.0,6.72133621715364,4
patchcore,CGI,leg,58,2,579.0,1,0,2,579.0,6.962330795469738,2
patchcore,CGI,leg,59,1,6013.0,1,0,3,6013.0,6.885479874081081,0
patchcore,CGI,leg,59,2,763.0,2,1,3,763.0,7.293578216007778,1
patchcore,CGI,leg,59,3,820.0,1,0,3,820.0,6.448293507099152,3
patchcore,CGI,leg,59,4,8001.0,1,0,3,8001.0,6.946069901639765,4
patchcore,CGI,leg,59,5,434.0,2,1,3,434.0,6.601705930449746,1
patchcore,CGI,leg,60,1,586.0,1,0,3,586.0,6.608994647076256,0
patchcore,CGI,leg,60,2,413.0,2,1,3,413.0,7.25065895318985,2
patchcore,CGI,leg,60,3,333.0,2,1,3,333.0,7.055782631465367,3
patchcore,CGI,leg,60,4,886.0,2,1,3,886.0,9.318537493009824,3
patchcore,CGI,leg,60,5,407.0,2,1,3,407.0,7.1385955688280935,4
patchcore,CGI,leg,60,6,380.0,1,0,3,380.0,7.705630688440232,0
patchcore,CGI,leg,60,7,583.0,2,1,3,583.0,7.890583050556672,1
patchcore,CGI,leg,61,1,575.0,1,0,1,575.0,6.609150719642639,4
patchcore,CGI,leg,62,1,419.0,1,0,3,419.0,6.623575771556181,1
patchcore,CGI,leg,62,2,441.0,1,0,3,441.0,7.083287906646729,0
patchcore,CGI,leg,62,3,732.0,2,1,3,732.0,6.856581780645582,2
patchcore,CGI,leg,63,1,867.0,2,1,3,867.0,7.5234700952257425,0
patchcore,CGI,leg,63,2,6012.0,1,0,3,6012.0,7.033405610493252,3
patchcore,CGI,leg,63,3,823.0,2,1,3,823.0,6.592157775705511,3
patchcore,CGI,leg,63,4,318.0,1,0,3,318.0,6.719651299853657,2
patchcore,CGI,leg,63,5,2880.0,2,1,3,2880.0,6.643572280281468,0
patchcore,CGI,leg,65,1,2925.0,1,0,2,2925.0,6.943927996086352,3
patchcore,CGI,leg,65,2,311.0,2,1,2,311.0,6.3034054189920425,4
patchcore,CGI,leg,66,1,772.0,3,1,3,772.0,7.59273620446523,1
patchcore,CGI,leg,66,2,411.0,1,0,3,411.0,7.197500569479806,3
patchcore,CGI,leg,66,3,306.0,2,1,3,306.0,8.371919820183201,2
patchcore,CGI,leg,66,4,330.0,2,1,3,330.0,6.550503510695237,3
patchcore,CGI,leg,67,1,403.0,1,0,2,403.0,6.580837726593018,4
patchcore,CGI,leg,67,2,409.0,1,0,2,409.0,8.114164113998413,2
patchcore,CGI,leg,67,3,8007.0,2,1,2,8007.0,7.320790625907279,3
patchcore,CGI,leg,67,4,8003.0,2,1,2,8003.0,6.596236882890974,3
patchcore,CGI,leg,69,1,304.0,2,1,3,304.0,7.429173240661621,1
patchcore,CGI,leg,69,2,422.0,2,1,3,422.0,7.1895027955373125,4
patchcore,CGI,leg,70,1,768.0,2,1,1,768.0,7.467730065186818,0
patchcore,CGI,leg,71,1,1500.0,1,0,3,1500.0,6.546014034748078,1
patchcore,CGI,leg,71,2,305.0,2,1,3,305.0,6.741808781257043,0
patchcore,CGI,leg,71,3,418.0,2,1,3,418.0,7.65262665399691,0
patchcore,CGI,leg,71,4,744.0,2,1,3,744.0,6.836825825951316,2
patchcore,CGI,leg,71,5,883.0,1,0,3,883.0,7.314628557725386,2
patchcore,CGI,leg,71,6,375.0,1,0,3,375.0,6.531493128799811,0
patchcore,CGI,leg,71,7,543.0,2,1,3,543.0,7.066650498997081,3
patchcore,CGI,leg,72,1,352.0,2,1,1,352.0,6.480173071225484,3
patchcore,CGI,leg,73,1,426.0,2,1,2,426.0,7.113025245666504,2
patchcore,CGI,leg,73,2,423.0,1,0,2,423.0,6.888473053773244,3
patchcore,CGI,leg,73,3,336.0,2,1,2,336.0,6.652289378933791,2
patchcore,CGI,leg,73,4,2917.0,2,1,2,2917.0,6.447410401843843,3
patchcore,CGI,leg,73,5,417.0,2,1,2,417.0,6.952699383099874,1
patchcore,CGI,leg,74,1,433.0,1,0,1,433.0,7.208986226902452,0
patchcore,CGI,leg,76,1,372.0,1,0,1,372.0,6.9183688584496,4
patchcore,CGI,leg,77,1,549.0,1,0,2,549.0,7.670744818610114,2
patchcore,CGI,leg,77,2,365.0,1,0,2,365.0,6.460608861385247,2
patchcore,CGI,leg,79,1,472.0,2,1,3,472.0,7.555905376161847,4
patchcore,CGI,leg,79,2,406.0,3,1,3,406.0,7.527068954247695,2
patchcore,CGI,leg,79,3,873.0,1,0,3,873.0,7.650525987148285,4
patchcore,CGI,leg,80,1,383.0,1,0,3,383.0,7.0446231043016585,1
patchcore,CGI,leg,80,2,739.0,1,0,3,739.0,7.608699248387263,4
patchcore,CGI,leg,80,3,889.0,2,1,3,889.0,7.161241950058356,2
patchcore,CGI,leg,80,4,305.0,2,1,3,305.0,7.946357933250633,0
patchcore,CGI,leg,82,1,338.0,1,0,3,338.0,6.799951769056774,2
patchcore,CGI,leg,82,2,407.0,2,1,3,407.0,7.294957175399318,4
patchcore,CGI,leg,82,3,350.0,1,0,3,350.0,6.313677845579205,1
patchcore,CGI,leg,82,4,441.0,1,0,3,441.0,7.030966336386545,0
patchcore,CGI,leg,82,5,464.0,1,0,3,464.0,6.312372775788003,1
patchcore,CGI,leg,82,6,423.0,1,0,3,423.0,6.5522224221910745,3
patchcore,CGI,leg,84,1,613.0,2,1,1,613.0,8.279974757300483,2
patchcore,CGI,leg,85,1,457.0,1,0,3,457.0,7.0621490266588,2
patchcore,CGI,leg,85,2,366.0,1,0,3,366.0,6.578814972278684,2
patchcore,CGI,leg,85,3,448.0,1,0,3,448.0,6.354499595921214,3
patchcore,CGI,leg,85,4,434.0,2,1,3,434.0,6.856834525647371,1
patchcore,CGI,leg,85,5,583.0,2,1,3,583.0,6.584926670247858,1
patchcore,CGI,leg,85,6,419.0,1,0,3,419.0,6.892874331701369,1
patchcore,CGI,leg,86,1,6012.0,2,1,1,6012.0,7.558609717931503,3
patchcore,CGI,leg,87,1,763.0,2,1,2,763.0,8.001673758029938,1
patchcore,CGI,leg,88,1,820.0,2,1,3,820.0,6.812036372519828,3
patchcore,CGI,leg,88,2,467.0,2,1,3,467.0,7.206499755382538,0
patchcore,CGI,leg,88,3,801.0,2,1,3,801.0,7.537495814429389,1
patchcore,CGI,leg,88,4,1458.0,1,0,3,1458.0,6.684294319152832,4
patchcore,CGI,leg,89,1,411.0,2,1,3,411.0,7.569867280813364,3
patchcore,CGI,leg,89,2,426.0,2,1,3,426.0,7.52565121096234,2
patchcore,CGI,leg,89,3,886.0,1,0,3,886.0,7.034678692720374,3
patchcore,CGI,leg,89,4,775.0,1,0,3,775.0,6.815305643081665,4
patchcore,CGI,leg,90,1,458.0,2,1,3,458.0,7.8169756905507235,4
patchcore,CGI,leg,90,2,422.0,1,0,3,422.0,7.458109353269849,4
patchcore,CGI,leg,90,3,452.0,1,0,3,452.0,6.7592621820944325,4
patchcore,CGI,leg,90,4,413.0,1,0,3,413.0,6.99410304069519,2
patchcore,CGI,leg,94,1,333.0,2,1,1,333.0,6.935569713855612,3
patchcore,CGI,leg,96,1,1500.0,1,0,3,1500.0,6.53413987159729,1
patchcore,CGI,leg,96,2,375.0,2,1,3,375.0,6.773403129062137,0
patchcore,CGI,leg,96,3,418.0,2,1,3,418.0,7.161424963097823,0
patchcore,CGI,leg,96,4,732.0,1,0,3,732.0,6.522427484724257,2
patchcore,CGI,leg,97,1,586.0,3,1,3,586.0,7.060447059978138,0
patchcore,CGI,leg,97,2,417.0,1,0,3,417.0,6.610048686756807,1
patchcore,CGI,leg,97,3,883.0,3,1,3,883.0,7.683257857958476,2
patchcore,CGI,leg,97,4,336.0,1,0,3,336.0,6.51013344305533,2
patchcore,CGI,leg,98,1,407.0,2,1,2,407.0,7.959907523068515,4
patchcore,CGI,leg,98,2,441.0,1,0,2,441.0,7.170150224552598,0
patchcore,CGI,leg,99,1,464.0,1,0,3,464.0,6.807619547232603,1
patchcore,CGI,leg,99,2,366.0,1,0,3,366.0,6.668862304172,2
patchcore,CGI,leg,99,3,418.0,2,1,3,418.0,7.316804826259613,0
patchcore,CGI,leg,99,4,434.0,2,1,3,434.0,6.752402631247916,1
patchcore,CGI,leg,100,1,6012.0,2,1,2,6012.0,6.578624725341797,3
patchcore,CGI,leg,100,2,6013.0,2,1,2,6013.0,8.14184456336789,0
patchcore,CGI,leg,102,1,426.0,2,1,2,426.0,7.449585100700116,2
patchcore,CGI,leg,102,2,425.0,1,0,2,425.0,7.267627613885062,2
patchcore,CGI,leg,104,1,458.0,2,1,3,458.0,7.894281260172526,4
patchcore,CGI,leg,104,2,422.0,2,1,3,422.0,6.509013597355333,4
patchcore,CGI,leg,104,3,611.0,1,0,3,611.0,6.498078847542788,4
patchcore,CGI,leg,104,4,8007.0,1,0,3,8007.0,7.083423300793297,3
patchcore,CGI,leg,105,1,328.0,1,0,2,328.0,6.9414297906976,4
patchcore,CGI,leg,105,2,380.0,2,1,2,380.0,8.26207042384792,0
patchcore,CGI,leg,106,1,1500.0,2,1,3,1500.0,7.525124605311904,1
patchcore,CGI,leg,106,2,420.0,1,0,3,420.0,7.790636039361721,4
patchcore,CGI,leg,106,3,895.0,1,0,3,895.0,6.941783448924189,2
patchcore,CGI,leg,106,4,744.0,1,0,3,744.0,6.769031951824824,2
patchcore,CGI,leg,107,1,6010.0,1,0,2,6010.0,7.725560955703258,4
patchcore,CGI,leg,107,2,459.0,1,0,2,459.0,7.463769224823499,2
patchcore,CGI,leg,108,1,311.0,2,1,3,311.0,6.827121467125125,4
patchcore,CGI,leg,108,2,448.0,1,0,3,448.0,6.920302094639959,3
patchcore,CGI,leg,108,3,350.0,2,1,3,350.0,7.267152941226959,1
patchcore,CGI,leg,108,4,2880.0,2,1,3,2880.0,6.533244633674622,0
patchcore,CGI,leg,108,5,318.0,1,0,3,318.0,6.751925909519196,2
patchcore,CGI,leg,109,1,2917.0,2,1,2,2917.0,7.451765072054979,3
patchcore,CGI,leg,109,2,307.0,2,1,2,307.0,7.8848384402014995,1
patchcore,CGI,leg,109,3,413.0,1,0,2,413.0,6.493751721504407,2
patchcore,CGI,leg,110,1,1446.0,1,0,1,1446.0,6.535899583031149,1
patchcore,CGI,leg,111,1,443.0,2,1,2,443.0,6.604638493579367,4
patchcore,CGI,leg,111,2,421.0,2,1,2,421.0,6.7785036828782825,3
patchcore,CGI,leg,112,1,409.0,2,1,1,409.0,7.403401833993417,2
patchcore,CGI,leg,113,1,333.0,2,1,3,333.0,7.01541433069441,3
patchcore,CGI,leg,113,2,375.0,1,0,3,375.0,6.241937199154416,0
patchcore,CGI,leg,113,3,370.0,2,1,3,370.0,6.729468107223511,0
patchcore,CGI,leg,113,4,820.0,2,1,3,820.0,6.376990556716919,3
patchcore,CGI,leg,113,5,883.0,1,0,3,883.0,6.645965490585718,2
patchcore,CGI,leg,114,1,586.0,1,0,1,586.0,6.751698364814122,0
patchcore,CGI,leg,115,1,336.0,2,1,2,336.0,6.549299296878633,2
patchcore,CGI,leg,115,2,732.0,2,1,2,732.0,6.779427870725974,2
patchcore,CGI,leg,116,1,423.0,2,1,3,423.0,6.992849490221809,3
patchcore,CGI,leg,116,2,419.0,1,0,3,419.0,6.849569034576416,1
patchcore,CGI,leg,117,1,2952.0,2,1,2,2952.0,6.543047244732197,2
patchcore,CGI,leg,117,2,417.0,2,1,2,417.0,6.742436900734901,1
patchcore,CGI,leg,118,1,352.0,1,0,3,352.0,6.377468612458971,3
patchcore,CGI,leg,118,2,304.0,2,1,3,304.0,6.608547978931004,1
patchcore,CGI,leg,118,3,433.0,2,1,3,433.0,7.8202628824445934,0
patchcore,CGI,leg,118,4,768.0,1,0,3,768.0,6.7138160228729244,0
patchcore,CGI_percow,leg,1,1,582.0,2,1,2,582.0,-1.0,2
patchcore,CGI_percow,leg,1,2,403.0,2,1,2,403.0,1.0,4
patchcore,CGI_percow,leg,2,1,578.0,1,0,2,578.0,7.177906488761,3
patchcore,CGI_percow,leg,2,2,603.0,1,0,2,603.0,7.023488890041,3
patchcore,CGI_percow,leg,3,1,431.0,1,0,2,431.0,1.0,1
patchcore,CGI_percow,leg,3,2,555.0,2,1,2,555.0,8.137699488047,0
patchcore,CGI_percow,leg,3,3,766.0,2,1,2,766.0,6.806925597014,3
patchcore,CGI_percow,leg,4,1,550.0,1,0,2,550.0,1.0,0
patchcore,CGI_percow,leg,4,2,419.0,1,0,2,419.0,-0.301508769985,1
patchcore,CGI_percow,leg,6,1,416.0,1,0,1,416.0,6.492899094309,0
patchcore,CGI_percow,leg,7,1,568.0,1,0,3,568.0,-1.0,3
patchcore,CGI_percow,leg,7,2,,1,0,3,unknown,6.871394307525,1
patchcore,CGI_percow,leg,7,3,411.0,2,1,3,411.0,-1.009200905847,3
patchcore,CGI_percow,leg,8,1,319.0,1,0,3,319.0,1.0,1
patchcore,CGI_percow,leg,8,2,325.0,1,0,3,325.0,7.158583987843,4
patchcore,CGI_percow,leg,8,3,344.0,2,1,3,344.0,7.267693445086,0
patchcore,CGI_percow,leg,8,4,322.0,2,1,3,322.0,8.024370016875,0
patchcore,CGI_percow,leg,9,1,891.0,1,0,1,891.0,6.960502414703,4
patchcore,CGI_percow,leg,10,1,566.0,1,0,2,566.0,1.0,4
patchcore,CGI_percow,leg,10,2,743.0,2,1,2,743.0,-1.0,3
patchcore,CGI_percow,leg,10,3,2928.0,1,0,2,2928.0,6.63725097005,2
patchcore,CGI_percow,leg,11,1,755.0,1,0,3,755.0,7.109246120896,4
patchcore,CGI_percow,leg,11,2,884.0,2,1,3,884.0,-1.0,4
patchcore,CGI_percow,leg,11,3,739.0,2,1,3,739.0,0.628990877744,4
patchcore,CGI_percow,leg,11,4,554.0,2,1,3,554.0,7.57654901261,1
patchcore,CGI_percow,leg,11,5,313.0,1,0,3,313.0,-1.045864028341,0
patchcore,CGI_percow,leg,11,6,890.0,1,0,3,890.0,7.228062513712,0
patchcore,CGI_percow,leg,11,7,328.0,2,1,3,328.0,0.322932099628,4
patchcore,CGI_percow,leg,11,8,373.0,1,0,3,373.0,7.58846320528,3
patchcore,CGI_percow,leg,12,1,879.0,1,0,2,879.0,7.279849838327,2
patchcore,CGI_percow,leg,12,2,826.0,2,1,2,826.0,-1.0,1
patchcore,CGI_percow,leg,13,1,884.0,3,1,1,884.0,1.0,4
patchcore,CGI_percow,leg,14,1,1450.0,2,1,3,1450.0,7.403948958715,0
patchcore,CGI_percow,leg,14,2,865.0,2,1,3,865.0,7.262025260925,1
patchcore,CGI_percow,leg,14,3,339.0,2,1,3,339.0,7.902970451779,1
patchcore,CGI_percow,leg,14,4,301.0,1,0,3,301.0,7.370811689984,4
patchcore,CGI_percow,leg,14,5,328.0,2,1,3,328.0,1.03092069293,4
patchcore,CGI_percow,leg,14,6,817.0,1,0,3,817.0,1.0,2
patchcore,CGI_percow,leg,15,1,775.0,2,1,1,775.0,1.0,4
patchcore,CGI_percow,leg,16,1,319.0,1,0,1,319.0,-1.0,1
patchcore,CGI_percow,leg,17,1,825.0,2,1,1,825.0,6.959762557348,2
patchcore,CGI_percow,leg,18,1,313.0,1,0,3,313.0,1.347326534814,0
patchcore,CGI_percow,leg,18,2,818.0,2,1,3,818.0,6.988488954046,4
patchcore,CGI_percow,leg,18,3,894.0,2,1,3,894.0,7.01742763777,3
patchcore,CGI_percow,leg,18,4,345.0,1,0,3,345.0,7.00997868606,4
patchcore,CGI_percow,leg,19,1,369.0,2,1,1,369.0,1.0,1
patchcore,CGI_percow,leg,20,1,769.0,2,1,2,769.0,7.80862229211,2
patchcore,CGI_percow,leg,20,2,997.0,1,0,2,997.0,6.854615711584,1
patchcore,CGI_percow,leg,21,1,408.0,1,0,3,408.0,7.023057301839,1
patchcore,CGI_percow,leg,21,2,785.0,2,1,3,785.0,7.385860562325,2
patchcore,CGI_percow,leg,21,3,2892.0,1,0,3,2892.0,-1.0,4
patchcore,CGI_percow,leg,22,1,331.0,1,0,3,331.0,-1.0,4
patchcore,CGI_percow,leg,22,2,743.0,2,1,3,743.0,1.0,3
patchcore,CGI_percow,leg,22,3,437.0,1,0,3,437.0,6.670010866121,1
patchcore,CGI_percow,leg,22,4,6003.0,1,0,3,6003.0,6.813159579322,0
patchcore,CGI_percow,leg,22,5,350.0,2,1,3,350.0,0.038681228194,1
patchcore,CGI_percow,leg,22,6,858.0,2,1,3,858.0,-1.0,0
patchcore,CGI_percow,leg,23,1,568.0,1,0,2,568.0,1.0,3
patchcore,CGI_percow,leg,23,2,302.0,1,0,2,302.0,7.168316933844,3
patchcore,CGI_percow,leg,24,1,566.0,1,0,1,566.0,-1.0,4
patchcore,CGI_percow,leg,27,1,405.0,2,1,3,405.0,-1.0,3
patchcore,CGI_percow,leg,27,2,317.0,2,1,3,317.0,-1.0,3
patchcore,CGI_percow,leg,27,3,8006.0,1,0,3,8006.0,6.757780161771,2
patchcore,CGI_percow,leg,27,4,2941.0,2,1,3,2941.0,6.795622194515,0
patchcore,CGI_percow,leg,27,5,774.0,2,1,3,774.0,6.596332105001,0
patchcore,CGI_percow,leg,27,6,327.0,2,1,3,327.0,-1.0,0
patchcore,CGI_percow,leg,27,7,584.0,2,1,3,584.0,7.345662784576,1
patchcore,CGI_percow,leg,27,8,550.0,1,0,3,550.0,-1.0,0
patchcore,CGI_percow,leg,27,9,779.0,1,0,3,779.0,6.741943762853,4
patchcore,CGI_percow,leg,28,1,313.0,1,0,3,313.0,-0.301462506472,0
patchcore,CGI_percow,leg,28,2,826.0,2,1,3,826.0,1.0,1
patchcore,CGI_percow,leg,28,3,817.0,1,0,3,817.0,-1.0,2
patchcore,CGI_percow,leg,29,1,2952.0,2,1,3,2952.0,1.0,2
patchcore,CGI_percow,leg,29,2,781.0,2,1,3,781.0,8.21479573931,3
patchcore,CGI_percow,leg,29,3,369.0,1,0,3,369.0,-1.0,1
patchcore,CGI_percow,leg,34,1,858.0,2,1,2,858.0,1.0,0
patchcore,CGI_percow,leg,34,2,2932.0,2,1,2,2932.0,6.878520212675,1
patchcore,CGI_percow,leg,35,1,586.0,1,0,3,586.0,-0.582736106261,0
patchcore,CGI_percow,leg,35,2,317.0,2,1,3,317.0,1.0,3
patchcore,CGI_percow,leg,35,3,405.0,1,0,3,405.0,1.0,3
patchcore,CGI_percow,leg,35,4,2892.0,1,0,3,2892.0,1.0,4
patchcore,CGI_percow,leg,35,5,351.0,1,0,3,351.0,6.72611644268,3
patchcore,CGI_percow,leg,36,1,582.0,2,1,1,582.0,1.0,2
patchcore,CGI_percow,leg,37,1,739.0,1,0,1,739.0,-1.411435663673,4
patchcore,CGI_percow,leg,39,1,882.0,2,1,2,882.0,6.701051305322,1
patchcore,CGI_percow,leg,39,2,794.0,2,1,2,794.0,7.177007123828,0
patchcore,CGI_percow,leg,40,1,876.0,2,1,3,876.0,6.831745176899,3
patchcore,CGI_percow,leg,40,2,331.0,1,0,3,331.0,1.0,4
patchcore,CGI_percow,leg,40,3,805.0,2,1,3,805.0,7.21934456703,0
patchcore,CGI_percow,leg,40,4,786.0,2,1,3,786.0,6.995377087593,1
patchcore,CGI_percow,leg,40,5,402.0,1,0,3,402.0,7.145271384716,3
patchcore,CGI_percow,leg,40,6,742.0,1,0,3,742.0,7.000051912509,0
patchcore,CGI_percow,leg,41,1,401.0,2,1,3,401.0,6.801180093185,4
patchcore,CGI_percow,leg,41,2,367.0,1,0,3,367.0,6.806171660521,1
patchcore,CGI_percow,leg,42,1,889.0,2,1,1,889.0,1.0,2
patchcore,CGI_percow,leg,50,1,458.0,2,1,1,458.0,-1.387724753568,4
patchcore,CGI_percow,leg,51,1,455.0,1,0,2,455.0,6.917473432494,3
patchcore,CGI_percow,leg,51,2,387.0,1,0,2,387.0,7.035538083629,0
patchcore,CGI_percow,leg,52,1,377.0,2,1,1,377.0,6.980346604397,2
patchcore,CGI_percow,leg,53,1,450.0,1,0,2,450.0,6.974829037984,0
patchcore,CGI_percow,leg,54,1,462.0,1,0,3,462.0,7.052889648749,1
patchcore,CGI_percow,leg,54,2,431.0,2,1,3,431.0,-1.0,1
patchcore,CGI_percow,leg,54,3,327.0,2,1,3,327.0,1.0,0
patchcore,CGI_percow,leg,55,1,443.0,3,1,1,443.0,1.0,4
patchcore,CGI_percow,leg,56,1,459.0,1,0,1,459.0,-1.0,2
patchcore,CGI_percow,leg,57,1,736.0,2,1,1,736.0,6.949072530535,1
patchcore,CGI_percow,leg,58,1,611.0,1,0,2,611.0,1.0,4
patchcore,CGI_percow,leg,58,2,579.0,1,0,2,579.0,6.96233079547,2
patchcore,CGI_percow,leg,59,1,6013.0,1,0,3,6013.0,-1.0,0
patchcore,CGI_percow,leg,59,2,763.0,2,1,3,763.0,-1.0,1
patchcore,CGI_percow,leg,59,3,820.0,1,0,3,820.0,-0.511670175019,3
patchcore,CGI_percow,leg,59,4,8001.0,1,0,3,8001.0,6.94606990164,4
patchcore,CGI_percow,leg,59,5,434.0,2,1,3,434.0,-1.2917161274,1
patchcore,CGI_percow,leg,60,1,586.0,1,0,3,586.0,-0.948762704423,0
patchcore,CGI_percow,leg,60,2,413.0,2,1,3,413.0,1.074823889268,2
patchcore,CGI_percow,leg,60,3,333.0,2,1,3,333.0,1.071591937846,3
patchcore,CGI_percow,leg,60,4,886.0,2,1,3,886.0,1.0,3
patchcore,CGI_percow,leg,60,5,407.0,2,1,3,407.0,-0.915209172351,4
patchcore,CGI_percow,leg,60,6,380.0,1,0,3,380.0,-1.0,0
patchcore,CGI_percow,leg,60,7,583.0,2,1,3,583.0,1.0,1
patchcore,CGI_percow,leg,61,1,575.0,1,0,1,575.0,6.609150719643,4
patchcore,CGI_percow,leg,62,1,419.0,1,0,3,419.0,-1.489429555669,1
patchcore,CGI_percow,leg,62,2,441.0,1,0,3,441.0,-0.200578555716,0
patchcore,CGI_percow,leg,62,3,732.0,2,1,3,732.0,0.959751679498,2
patchcore,CGI_percow,leg,63,1,867.0,2,1,3,867.0,7.523470095226,0
patchcore,CGI_percow,leg,63,2,6012.0,1,0,3,6012.0,-0.058624259634,3
patchcore,CGI_percow,leg,63,3,823.0,2,1,3,823.0,6.592157775706,3
patchcore,CGI_percow,leg,63,4,318.0,1,0,3,318.0,-1.0,2
patchcore,CGI_percow,leg,63,5,2880.0,2,1,3,2880.0,1.0,0
patchcore,CGI_percow,leg,65,1,2925.0,1,0,2,2925.0,6.943927996086,3
patchcore,CGI_percow,leg,65,2,311.0,2,1,2,311.0,-1.0,4
patchcore,CGI_percow,leg,66,1,772.0,3,1,3,772.0,7.592736204465,1
patchcore,CGI_percow,leg,66,2,411.0,1,0,3,411.0,-0.353382733816,3
patchcore,CGI_percow,leg,66,3,306.0,2,1,3,306.0,8.371919820183,2
patchcore,CGI_percow,leg,66,4,330.0,2,1,3,330.0,6.550503510695,3
patchcore,CGI_percow,leg,67,1,403.0,1,0,2,403.0,-1.0,4
patchcore,CGI_percow,leg,67,2,409.0,1,0,2,409.0,1.0,2
patchcore,CGI_percow,leg,67,3,8007.0,2,1,2,8007.0,1.0,3
patchcore,CGI_percow,leg,67,4,8003.0,2,1,2,8003.0,6.596236882891,3
patchcore,CGI_percow,leg,69,1,304.0,2,1,3,304.0,1.0,1
patchcore,CGI_percow,leg,69,2,422.0,2,1,3,422.0,0.343713510204,4
patchcore,CGI_percow,leg,70,1,768.0,2,1,1,768.0,1.0,0
patchcore,CGI_percow,leg,71,1,1500.0,1,0,3,1500.0,-0.694283323125,1
patchcore,CGI_percow,leg,71,2,305.0,2,1,3,305.0,-1.0,0
patchcore,CGI_percow,leg,71,3,418.0,2,1,3,418.0,1.344801151046,0
patchcore,CGI_percow,leg,71,4,744.0,2,1,3,744.0,1.0,2
patchcore,CGI_percow,leg,71,5,883.0,1,0,3,883.0,0.23294341314,2
patchcore,CGI_percow,leg,71,6,375.0,1,0,3,375.0,0.073101077023,0
patchcore,CGI_percow,leg,71,7,543.0,2,1,3,543.0,7.066650498997,3
patchcore,CGI_percow,leg,72,1,352.0,2,1,1,352.0,1.0,3
patchcore,CGI_percow,leg,73,1,426.0,2,1,2,426.0,-1.392840027784,2
patchcore,CGI_percow,leg,73,2,423.0,1,0,2,423.0,0.411114675408,3
patchcore,CGI_percow,leg,73,3,336.0,2,1,2,336.0,1.362990601296,2
patchcore,CGI_percow,leg,73,4,2917.0,2,1,2,2917.0,-1.0,3
patchcore,CGI_percow,leg,73,5,417.0,2,1,2,417.0,1.306329811002,1
patchcore,CGI_percow,leg,74,1,433.0,1,0,1,433.0,-1.0,0
patchcore,CGI_percow,leg,76,1,372.0,1,0,1,372.0,6.91836885845,4
patchcore,CGI_percow,leg,77,1,549.0,1,0,2,549.0,7.67074481861,2
patchcore,CGI_percow,leg,77,2,365.0,1,0,2,365.0,6.460608861385,2
patchcore,CGI_percow,leg,79,1,472.0,2,1,3,472.0,7.555905376162,4
patchcore,CGI_percow,leg,79,2,406.0,3,1,3,406.0,7.527068954248,2
patchcore,CGI_percow,leg,79,3,873.0,1,0,3,873.0,7.650525987148,4
patchcore,CGI_percow,leg,80,1,383.0,1,0,3,383.0,7.044623104302,1
patchcore,CGI_percow,leg,80,2,739.0,1,0,3,739.0,0.782444785929,4
patchcore,CGI_percow,leg,80,3,889.0,2,1,3,889.0,-1.0,2
patchcore,CGI_percow,leg,80,4,305.0,2,1,3,305.0,1.0,0
patchcore,CGI_percow,leg,82,1,338.0,1,0,3,338.0,6.799951769057,2
patchcore,CGI_percow,leg,82,2,407.0,2,1,3,407.0,-0.476094577438,4
patchcore,CGI_percow,leg,82,3,350.0,1,0,3,350.0,-1.243627272498,1
patchcore,CGI_percow,leg,82,4,441.0,1,0,3,441.0,-1.112074604085,0
patchcore,CGI_percow,leg,82,5,464.0,1,0,3,464.0,-1.0,1
patchcore,CGI_percow,leg,82,6,423.0,1,0,3,423.0,-1.377409949063,3
patchcore,CGI_percow,leg,84,1,613.0,2,1,1,613.0,8.2799747573,2
patchcore,CGI_percow,leg,85,1,457.0,1,0,3,457.0,7.062149026659,2
patchcore,CGI_percow,leg,85,2,366.0,1,0,3,366.0,-1.0,2
patchcore,CGI_percow,leg,85,3,448.0,1,0,3,448.0,-1.0,3
patchcore,CGI_percow,leg,85,4,434.0,2,1,3,434.0,1.144458188711,1
patchcore,CGI_percow,leg,85,5,583.0,2,1,3,583.0,-1.0,1
patchcore,CGI_percow,leg,85,6,419.0,1,0,3,419.0,1.103990165571,1
patchcore,CGI_percow,leg,86,1,6012.0,2,1,1,6012.0,1.253004246788,3
patchcore,CGI_percow,leg,87,1,763.0,2,1,2,763.0,1.0,1
patchcore,CGI_percow,leg,88,1,820.0,2,1,3,820.0,1.397607930065,3
patchcore,CGI_percow,leg,88,2,467.0,2,1,3,467.0,7.206499755383,0
patchcore,CGI_percow,leg,88,3,801.0,2,1,3,801.0,7.537495814429,1
patchcore,CGI_percow,leg,88,4,1458.0,1,0,3,1458.0,6.684294319153,4
patchcore,CGI_percow,leg,89,1,411.0,2,1,3,411.0,1.362583639663,3
patchcore,CGI_percow,leg,89,2,426.0,2,1,3,426.0,0.908546138525,2
patchcore,CGI_percow,leg,89,3,886.0,1,0,3,886.0,-1.0,3
patchcore,CGI_percow,leg,89,4,775.0,1,0,3,775.0,-1.0,4
patchcore,CGI_percow,leg,90,1,458.0,2,1,3,458.0,0.457928050646,4
patchcore,CGI_percow,leg,90,2,422.0,1,0,3,422.0,1.016165032231,4
patchcore,CGI_percow,leg,90,3,452.0,1,0,3,452.0,6.759262182094,4
patchcore,CGI_percow,leg,90,4,413.0,1,0,3,413.0,0.258556148505,2
patchcore,CGI_percow,leg,94,1,333.0,2,1,1,333.0,-1.335025622438,3
patchcore,CGI_percow,leg,96,1,1500.0,1,0,3,1500.0,-0.719853183984,1
patchcore,CGI_percow,leg,96,2,375.0,2,1,3,375.0,1.186557050543,0
patchcore,CGI_percow,leg,96,3,418.0,2,1,3,418.0,-1.051389227213,0
patchcore,CGI_percow,leg,96,4,732.0,1,0,3,732.0,-1.379407682029,2
patchcore,CGI_percow,leg,97,1,586.0,3,1,3,586.0,1.656682527858,0
patchcore,CGI_percow,leg,97,2,417.0,1,0,3,417.0,-1.122341651158,1
patchcore,CGI_percow,leg,97,3,883.0,3,1,3,883.0,1.091544445932,2
patchcore,CGI_percow,leg,97,4,336.0,1,0,3,336.0,-1.008133426995,2
patchcore,CGI_percow,leg,98,1,407.0,2,1,2,407.0,1.391303749789,4
patchcore,CGI_percow,leg,98,2,441.0,1,0,2,441.0,1.312653159801,0
patchcore,CGI_percow,leg,99,1,464.0,1,0,3,464.0,1.0,1
patchcore,CGI_percow,leg,99,2,366.0,1,0,3,366.0,1.0,2
patchcore,CGI_percow,leg,99,3,418.0,2,1,3,418.0,-0.293411923833,0
patchcore,CGI_percow,leg,99,4,434.0,2,1,3,434.0,0.147257938689,1
patchcore,CGI_percow,leg,100,1,6012.0,2,1,2,6012.0,-1.194379987154,3
patchcore,CGI_percow,leg,100,2,6013.0,2,1,2,6013.0,1.0,0
patchcore,CGI_percow,leg,102,1,426.0,2,1,2,426.0,0.484293889259,2
patchcore,CGI_percow,leg,102,2,425.0,1,0,2,425.0,7.267627613885,2
patchcore,CGI_percow,leg,104,1,458.0,2,1,3,458.0,0.929796702922,4
patchcore,CGI_percow,leg,104,2,422.0,2,1,3,422.0,-1.359878542435,4
patchcore,CGI_percow,leg,104,3,611.0,1,0,3,611.0,-1.0,4
patchcore,CGI_percow,leg,104,4,8007.0,1,0,3,8007.0,-1.0,3
patchcore,CGI_percow,leg,105,1,328.0,1,0,2,328.0,-1.353852792558,4
patchcore,CGI_percow,leg,105,2,380.0,2,1,2,380.0,1.0,0
patchcore,CGI_percow,leg,106,1,1500.0,2,1,3,1500.0,1.414136507109,1
patchcore,CGI_percow,leg,106,2,420.0,1,0,3,420.0,7.790636039362,4
patchcore,CGI_percow,leg,106,3,895.0,1,0,3,895.0,6.941783448924,2
patchcore,CGI_percow,leg,106,4,744.0,1,0,3,744.0,-1.0,2
patchcore,CGI_percow,leg,107,1,6010.0,1,0,2,6010.0,7.725560955703,4
patchcore,CGI_percow,leg,107,2,459.0,1,0,2,459.0,1.0,2
patchcore,CGI_percow,leg,108,1,311.0,2,1,3,311.0,1.0,4
patchcore,CGI_percow,leg,108,2,448.0,1,0,3,448.0,1.0,3
patchcore,CGI_percow,leg,108,3,350.0,2,1,3,350.0,1.204946044304,1
patchcore,CGI_percow,leg,108,4,2880.0,2,1,3,2880.0,-1.0,0
patchcore,CGI_percow,leg,108,5,318.0,1,0,3,318.0,1.0,2
patchcore,CGI_percow,leg,109,1,2917.0,2,1,2,2917.0,1.0,3
patchcore,CGI_percow,leg,109,2,307.0,2,1,2,307.0,7.884838440201,1
patchcore,CGI_percow,leg,109,3,413.0,1,0,2,413.0,-1.333380037772,2
patchcore,CGI_percow,leg,110,1,1446.0,1,0,1,1446.0,6.535899583031,1
patchcore,CGI_percow,leg,111,1,443.0,2,1,2,443.0,-1.0,4
patchcore,CGI_percow,leg,111,2,421.0,2,1,2,421.0,6.778503682878,3
patchcore,CGI_percow,leg,112,1,409.0,2,1,1,409.0,-1.0,2
patchcore,CGI_percow,leg,113,1,333.0,2,1,3,333.0,0.263433684591,3
patchcore,CGI_percow,leg,113,2,375.0,1,0,3,375.0,-1.259658127566,0
patchcore,CGI_percow,leg,113,3,370.0,2,1,3,370.0,6.729468107224,0
patchcore,CGI_percow,leg,113,4,820.0,2,1,3,820.0,-0.885937755045,3
patchcore,CGI_percow,leg,113,5,883.0,1,0,3,883.0,-1.324487859072,2
patchcore,CGI_percow,leg,114,1,586.0,1,0,1,586.0,-0.125183717174,0
patchcore,CGI_percow,leg,115,1,336.0,2,1,2,336.0,-0.354857174301,2
patchcore,CGI_percow,leg,115,2,732.0,2,1,2,732.0,0.419656002531,2
patchcore,CGI_percow,leg,116,1,423.0,2,1,3,423.0,0.966295273655,3
patchcore,CGI_percow,leg,116,2,419.0,1,0,3,419.0,0.686948160083,1
patchcore,CGI_percow,leg,117,1,2952.0,2,1,2,2952.0,-1.0,2
patchcore,CGI_percow,leg,117,2,417.0,2,1,2,417.0,-0.183988159844,1
patchcore,CGI_percow,leg,118,1,352.0,1,0,3,352.0,-1.0,3
patchcore,CGI_percow,leg,118,2,304.0,2,1,3,304.0,-1.0,1
patchcore,CGI_percow,leg,118,3,433.0,2,1,3,433.0,1.0,0
patchcore,CGI_percow,leg,118,4,768.0,1,0,3,768.0,-1.0,0
patchcore,FDEI,full,1,1,582.0,2,1,2,582.0,5.42573336551064,2
patchcore,FDEI,full,1,2,403.0,2,1,2,403.0,5.301268193779922,4
patchcore,FDEI,full,2,1,578.0,1,0,2,578.0,5.282749860714644,3
patchcore,FDEI,full,2,2,603.0,1,0,2,603.0,5.372076684778387,3
patchcore,FDEI,full,3,1,431.0,1,0,2,431.0,5.529409511669262,1
patchcore,FDEI,full,3,2,555.0,2,1,2,555.0,5.2540072750400855,0
patchcore,FDEI,full,3,3,766.0,2,1,2,766.0,5.391716162363688,3
patchcore,FDEI,full,4,1,550.0,1,0,2,550.0,5.282012572655311,0
patchcore,FDEI,full,4,2,419.0,1,0,2,419.0,5.405502563867813,1
patchcore,FDEI,full,6,1,416.0,1,0,1,416.0,5.077012232371739,0
patchcore,FDEI,full,7,1,568.0,1,0,3,568.0,5.458754265562017,3
patchcore,FDEI,full,7,2,,1,0,3,unknown,5.535082949532403,1
patchcore,FDEI,full,7,3,411.0,2,1,3,411.0,5.573696923810382,3
patchcore,FDEI,full,8,1,319.0,1,0,3,319.0,5.402234375476837,1
patchcore,FDEI,full,8,2,325.0,1,0,3,325.0,5.53999780886101,4
patchcore,FDEI,full,8,3,344.0,2,1,3,344.0,5.329517334699631,0
patchcore,FDEI,full,8,4,322.0,2,1,3,322.0,5.660154042420564,0
patchcore,FDEI,full,9,1,891.0,1,0,1,891.0,5.624386672973633,4
patchcore,FDEI,full,10,1,566.0,1,0,2,566.0,5.183091690665798,4
patchcore,FDEI,full,10,2,743.0,2,1,2,743.0,5.358655092192859,3
patchcore,FDEI,full,10,3,2928.0,1,0,2,2928.0,5.21831507799102,2
patchcore,FDEI,full,11,1,755.0,1,0,3,755.0,5.694061556527781,4
patchcore,FDEI,full,11,2,884.0,2,1,3,884.0,5.3980772278525615,4
patchcore,FDEI,full,11,3,739.0,2,1,3,739.0,5.668723213672638,4
patchcore,FDEI,full,11,4,554.0,2,1,3,554.0,5.634847874337054,1
patchcore,FDEI,full,11,5,313.0,1,0,3,313.0,5.200142393112182,0
patchcore,FDEI,full,11,6,890.0,1,0,3,890.0,5.74431275032662,0
patchcore,FDEI,full,11,7,328.0,2,1,3,328.0,5.903025789463774,4
patchcore,FDEI,full,11,8,373.0,1,0,3,373.0,5.325244889114842,3
patchcore,FDEI,full,12,1,879.0,1,0,2,879.0,5.773528063738787,2
patchcore,FDEI,full,12,2,826.0,2,1,2,826.0,5.536307513713837,1
patchcore,FDEI,full,13,1,884.0,3,1,1,884.0,5.457350192925869,4
patchcore,FDEI,full,14,1,1450.0,2,1,3,1450.0,5.3106176376342775,0
patchcore,FDEI,full,14,2,865.0,2,1,3,865.0,5.582989226447212,1
patchcore,FDEI,full,14,3,339.0,2,1,3,339.0,5.629223611619738,1
patchcore,FDEI,full,14,4,301.0,1,0,3,301.0,5.598848082802513,4
patchcore,FDEI,full,14,5,328.0,2,1,3,328.0,5.688004138621878,4
patchcore,FDEI,full,14,6,817.0,1,0,3,817.0,5.933135300147824,2
patchcore,FDEI,full,15,1,775.0,2,1,1,775.0,5.5941047793940495,4
patchcore,FDEI,full,16,1,319.0,1,0,1,319.0,5.478381344250271,1
patchcore,FDEI,full,17,1,825.0,2,1,1,825.0,5.443048842748007,2
patchcore,FDEI,full,18,1,313.0,1,0,3,313.0,5.440969247084397,0
patchcore,FDEI,full,18,2,818.0,2,1,3,818.0,5.726783203042072,4
patchcore,FDEI,full,18,3,894.0,2,1,3,894.0,5.561155783163534,3
patchcore,FDEI,full,18,4,345.0,1,0,3,345.0,5.650245649474008,4
patchcore,FDEI,full,19,1,369.0,2,1,1,369.0,5.837709290640695,1
patchcore,FDEI,full,20,1,769.0,2,1,2,769.0,5.527506499063401,2
patchcore,FDEI,full,20,2,997.0,1,0,2,997.0,5.593963657937398,1
patchcore,FDEI,full,21,1,408.0,1,0,3,408.0,5.414562413186738,1
patchcore,FDEI,full,21,2,785.0,2,1,3,785.0,5.76125805079937,2
patchcore,FDEI,full,21,3,2892.0,1,0,3,2892.0,5.637072578553231,4
patchcore,FDEI,full,22,1,331.0,1,0,3,331.0,5.350297402112912,4
patchcore,FDEI,full,22,2,743.0,2,1,3,743.0,5.680611268067971,3
patchcore,FDEI,full,22,3,437.0,1,0,3,437.0,5.485368850619294,1
patchcore,FDEI,full,22,4,6003.0,1,0,3,6003.0,5.340482904797509,0
patchcore,FDEI,full,22,5,350.0,2,1,3,350.0,5.110822874924232,1
patchcore,FDEI,full,22,6,858.0,2,1,3,858.0,5.673604179831112,0
patchcore,FDEI,full,23,1,568.0,1,0,2,568.0,5.247970795631408,3
patchcore,FDEI,full,23,2,302.0,1,0,2,302.0,5.530056913693746,3
patchcore,FDEI,full,24,1,566.0,1,0,1,566.0,5.494666284985012,4
patchcore,FDEI,full,27,1,405.0,2,1,3,405.0,5.488957515129676,3
patchcore,FDEI,full,27,2,317.0,2,1,3,317.0,5.368727428572519,3
patchcore,FDEI,full,27,3,8006.0,1,0,3,8006.0,5.528720277728456,2
patchcore,FDEI,full,27,4,2941.0,2,1,3,2941.0,5.420122258803424,0
patchcore,FDEI,full,27,5,774.0,2,1,3,774.0,5.025355211893717,0
patchcore,FDEI,full,27,6,327.0,2,1,3,327.0,5.359177466801235,0
patchcore,FDEI,full,27,7,584.0,2,1,3,584.0,5.771826966603597,1
patchcore,FDEI,full,27,8,550.0,1,0,3,550.0,5.109011824925741,0
patchcore,FDEI,full,27,9,779.0,1,0,3,779.0,5.313812035780686,4
patchcore,FDEI,full,28,1,313.0,1,0,3,313.0,5.469060897827148,0
patchcore,FDEI,full,28,2,826.0,2,1,3,826.0,5.412411264010838,1
patchcore,FDEI,full,28,3,817.0,1,0,3,817.0,6.079202651977539,2
patchcore,FDEI,full,29,1,2952.0,2,1,3,2952.0,5.54758526219262,2
patchcore,FDEI,full,29,2,781.0,2,1,3,781.0,5.421998310089111,3
patchcore,FDEI,full,29,3,369.0,1,0,3,369.0,5.646196683247884,1
patchcore,FDEI,full,34,1,858.0,2,1,2,858.0,5.402825262811449,0
patchcore,FDEI,full,34,2,2932.0,2,1,2,2932.0,5.313962409370824,1
patchcore,FDEI,full,35,1,586.0,1,0,3,586.0,5.231152883390101,0
patchcore,FDEI,full,35,2,317.0,2,1,3,317.0,5.49412194357978,3
patchcore,FDEI,full,35,3,405.0,1,0,3,405.0,5.624943061308428,3
patchcore,FDEI,full,35,4,2892.0,1,0,3,2892.0,5.477794602859852,4
patchcore,FDEI,full,35,5,351.0,1,0,3,351.0,5.425957119464874,3
patchcore,FDEI,full,36,1,582.0,2,1,1,582.0,5.184490845121187,2
patchcore,FDEI,full,37,1,739.0,1,0,1,739.0,5.540482269393073,4
patchcore,FDEI,full,39,1,882.0,2,1,2,882.0,5.583760023117065,1
patchcore,FDEI,full,39,2,794.0,2,1,2,794.0,5.71152426302433,0
patchcore,FDEI,full,40,1,876.0,2,1,3,876.0,5.663521688811633,3
patchcore,FDEI,full,40,2,331.0,1,0,3,331.0,5.4673723793029785,4
patchcore,FDEI,full,40,3,805.0,2,1,3,805.0,5.384198995736929,0
patchcore,FDEI,full,40,4,786.0,2,1,3,786.0,5.698346590995788,1
patchcore,FDEI,full,40,5,402.0,1,0,3,402.0,5.524760437011719,3
patchcore,FDEI,full,40,6,742.0,1,0,3,742.0,5.855506206813612,0
patchcore,FDEI,full,41,1,401.0,2,1,3,401.0,5.722173649331798,4
patchcore,FDEI,full,41,2,367.0,1,0,3,367.0,5.153808622944112,1
patchcore,FDEI,full,42,1,889.0,2,1,1,889.0,5.7052068511645,2
patchcore,FDEI,full,50,1,458.0,2,1,1,458.0,5.028254787127177,4
patchcore,FDEI,full,51,1,455.0,1,0,2,455.0,5.364829040155178,3
patchcore,FDEI,full,51,2,387.0,1,0,2,387.0,5.388565992054186,0
patchcore,FDEI,full,52,1,377.0,2,1,1,377.0,5.326333183991282,2
patchcore,FDEI,full,53,1,450.0,1,0,2,450.0,5.436723033587138,0
patchcore,FDEI,full,54,1,462.0,1,0,3,462.0,5.408031239801524,1
patchcore,FDEI,full,54,2,431.0,2,1,3,431.0,5.192696946732541,1
patchcore,FDEI,full,54,3,327.0,2,1,3,327.0,5.294234551323784,0
patchcore,FDEI,full,55,1,443.0,3,1,1,443.0,5.026693621347117,4
patchcore,FDEI,full,56,1,459.0,1,0,1,459.0,5.270948444924703,2
patchcore,FDEI,full,57,1,736.0,2,1,1,736.0,5.300263267093235,1
patchcore,FDEI,full,58,1,611.0,1,0,2,611.0,5.435359841301327,4
patchcore,FDEI,full,58,2,579.0,1,0,2,579.0,5.287009613854544,2
patchcore,FDEI,full,59,1,6013.0,1,0,3,6013.0,5.138616816202799,0
patchcore,FDEI,full,59,2,763.0,2,1,3,763.0,6.11610620362418,1
patchcore,FDEI,full,59,3,820.0,1,0,3,820.0,5.29856196641922,3
patchcore,FDEI,full,59,4,8001.0,1,0,3,8001.0,5.523596666075966,4
patchcore,FDEI,full,59,5,434.0,2,1,3,434.0,5.148358074101535,1
patchcore,FDEI,full,60,1,586.0,1,0,3,586.0,5.002802208850258,0
patchcore,FDEI,full,60,2,413.0,2,1,3,413.0,5.469189119338989,2
patchcore,FDEI,full,60,3,333.0,2,1,3,333.0,5.223840536390032,3
patchcore,FDEI,full,60,4,886.0,2,1,3,886.0,5.157587296253926,3
patchcore,FDEI,full,60,5,407.0,2,1,3,407.0,5.482482567811624,4
patchcore,FDEI,full,60,6,380.0,1,0,3,380.0,5.300503867013114,0
patchcore,FDEI,full,60,7,583.0,2,1,3,583.0,5.350543547899295,1
patchcore,FDEI,full,61,1,575.0,1,0,1,575.0,5.229184412956238,4
patchcore,FDEI,full,62,1,419.0,1,0,3,419.0,5.226001248640173,1
patchcore,FDEI,full,62,2,441.0,1,0,3,441.0,5.427964905330113,0
patchcore,FDEI,full,62,3,732.0,2,1,3,732.0,5.217256824175517,2
patchcore,FDEI,full,63,1,867.0,2,1,3,867.0,5.091556855610439,0
patchcore,FDEI,full,63,2,6012.0,1,0,3,6012.0,5.103921175003052,3
patchcore,FDEI,full,63,3,823.0,2,1,3,823.0,5.20622007413344,3
patchcore,FDEI,full,63,4,318.0,1,0,3,318.0,5.323340194169865,2
patchcore,FDEI,full,63,5,2880.0,2,1,3,2880.0,5.235585463674445,0
patchcore,FDEI,full,65,1,2925.0,1,0,2,2925.0,5.409263972080115,3
patchcore,FDEI,full,65,2,311.0,2,1,2,311.0,5.094752684235573,4
patchcore,FDEI,full,66,1,772.0,3,1,3,772.0,5.546317408482234,1
patchcore,FDEI,full,66,2,411.0,1,0,3,411.0,5.277996721721831,3
patchcore,FDEI,full,66,3,306.0,2,1,3,306.0,5.288935899734497,2
patchcore,FDEI,full,66,4,330.0,2,1,3,330.0,5.2447722141559305,3
patchcore,FDEI,full,67,1,403.0,1,0,2,403.0,5.145207166671753,4
patchcore,FDEI,full,67,2,409.0,1,0,2,409.0,5.232839527584257,2
patchcore,FDEI,full,67,3,8007.0,2,1,2,8007.0,5.090710987915864,3
patchcore,FDEI,full,67,4,8003.0,2,1,2,8003.0,5.231163038526263,3
patchcore,FDEI,full,69,1,304.0,2,1,3,304.0,5.489319381713867,1
patchcore,FDEI,full,69,2,422.0,2,1,3,422.0,5.194875293307835,4
patchcore,FDEI,full,70,1,768.0,2,1,1,768.0,5.5316197872161865,0
patchcore,FDEI,full,71,1,1500.0,1,0,3,1500.0,5.261262154579162,1
patchcore,FDEI,full,71,2,305.0,2,1,3,305.0,5.37379824809539,0
patchcore,FDEI,full,71,3,418.0,2,1,3,418.0,5.315268062963718,0
patchcore,FDEI,full,71,4,744.0,2,1,3,744.0,5.158349113030867,2
patchcore,FDEI,full,71,5,883.0,1,0,3,883.0,5.36126743663441,2
patchcore,FDEI,full,71,6,375.0,1,0,3,375.0,5.267902711542641,0
patchcore,FDEI,full,71,7,543.0,2,1,3,543.0,5.4933912970803,3
patchcore,FDEI,full,72,1,352.0,2,1,1,352.0,5.202271262804668,3
patchcore,FDEI,full,73,1,426.0,2,1,2,426.0,5.674229793548584,2
patchcore,FDEI,full,73,2,423.0,1,0,2,423.0,5.581910024086635,3
patchcore,FDEI,full,73,3,336.0,2,1,2,336.0,5.0733445795570935,2
patchcore,FDEI,full,73,4,2917.0,2,1,2,2917.0,5.186855770292736,3
patchcore,FDEI,full,73,5,417.0,2,1,2,417.0,5.353959176275465,1
patchcore,FDEI,full,74,1,433.0,1,0,1,433.0,5.388529611188312,0
patchcore,FDEI,full,76,1,372.0,1,0,1,372.0,5.291959818671732,4
patchcore,FDEI,full,77,1,549.0,1,0,2,549.0,5.367503643035889,2
patchcore,FDEI,full,77,2,365.0,1,0,2,365.0,5.043906945448655,2
patchcore,FDEI,full,79,1,472.0,2,1,3,472.0,5.653468063899449,4
patchcore,FDEI,full,79,2,406.0,3,1,3,406.0,5.428051031552828,2
patchcore,FDEI,full,79,3,873.0,1,0,3,873.0,5.543316801389058,4
patchcore,FDEI,full,80,1,383.0,1,0,3,383.0,5.028418218767321,1
patchcore,FDEI,full,80,2,739.0,1,0,3,739.0,5.316240714146541,4
patchcore,FDEI,full,80,3,889.0,2,1,3,889.0,5.265635467157131,2
patchcore,FDEI,full,80,4,305.0,2,1,3,305.0,5.2334114280906885,0
patchcore,FDEI,full,82,1,338.0,1,0,3,338.0,5.269688685735066,2
patchcore,FDEI,full,82,2,407.0,2,1,3,407.0,5.638552261121346,4
patchcore,FDEI,full,82,3,350.0,1,0,3,350.0,5.375623861948649,1
patchcore,FDEI,full,82,4,441.0,1,0,3,441.0,5.2496408871241975,0
patchcore,FDEI,full,82,5,464.0,1,0,3,464.0,5.006190005769121,1
patchcore,FDEI,full,82,6,423.0,1,0,3,423.0,5.296563455036709,3
patchcore,FDEI,full,84,1,613.0,2,1,1,613.0,5.111399788326687,2
patchcore,FDEI,full,85,1,457.0,1,0,3,457.0,5.418555768330892,2
patchcore,FDEI,full,85,2,366.0,1,0,3,366.0,5.190008163452148,2
patchcore,FDEI,full,85,3,448.0,1,0,3,448.0,4.935989298471591,3
patchcore,FDEI,full,85,4,434.0,2,1,3,434.0,5.189543299053026,1
patchcore,FDEI,full,85,5,583.0,2,1,3,583.0,5.039311343973333,1
patchcore,FDEI,full,85,6,419.0,1,0,3,419.0,5.286172458103725,1
patchcore,FDEI,full,86,1,6012.0,2,1,1,6012.0,5.381489949348645,3
patchcore,FDEI,full,87,1,763.0,2,1,2,763.0,5.5523496099880765,1
patchcore,FDEI,full,88,1,820.0,2,1,3,820.0,5.16801523517918,3
patchcore,FDEI,full,88,2,467.0,2,1,3,467.0,5.256035876274109,0
patchcore,FDEI,full,88,3,801.0,2,1,3,801.0,5.410397995842827,1
patchcore,FDEI,full,88,4,1458.0,1,0,3,1458.0,5.04674399693807,4
patchcore,FDEI,full,89,1,411.0,2,1,3,411.0,5.444465624980437,3
patchcore,FDEI,full,89,2,426.0,2,1,3,426.0,5.535446144813715,2
patchcore,FDEI,full,89,3,886.0,1,0,3,886.0,5.373875822339739,3
patchcore,FDEI,full,89,4,775.0,1,0,3,775.0,5.43476936340332,4
patchcore,FDEI,full,90,1,458.0,2,1,3,458.0,5.244791224851447,4
patchcore,FDEI,full,90,2,422.0,1,0,3,422.0,5.451088743550437,4
patchcore,FDEI,full,90,3,452.0,1,0,3,452.0,5.278114919309263,4
patchcore,FDEI,full,90,4,413.0,1,0,3,413.0,5.381533689498902,2
patchcore,FDEI,full,94,1,333.0,2,1,1,333.0,5.376986766683644,3
patchcore,FDEI,full,96,1,1500.0,1,0,3,1500.0,5.0895193934440615,1
patchcore,FDEI,full,96,2,375.0,2,1,3,375.0,5.076037767771128,0
patchcore,FDEI,full,96,3,418.0,2,1,3,418.0,5.487673056753058,0
patchcore,FDEI,full,96,4,732.0,1,0,3,732.0,5.070493348439535,2
patchcore,FDEI,full,97,1,586.0,3,1,3,586.0,5.4300530953840775,0
patchcore,FDEI,full,97,2,417.0,1,0,3,417.0,5.50969436121922,1
patchcore,FDEI,full,97,3,883.0,3,1,3,883.0,5.979427566130956,2
patchcore,FDEI,full,97,4,336.0,1,0,3,336.0,5.5253960997970015,2
patchcore,FDEI,full,98,1,407.0,2,1,2,407.0,5.671165821769021,4
patchcore,FDEI,full,98,2,441.0,1,0,2,441.0,5.272266033083894,0
patchcore,FDEI,full,99,1,464.0,1,0,3,464.0,5.23338273855356,1
patchcore,FDEI,full,99,2,366.0,1,0,3,366.0,5.436856643573658,2
patchcore,FDEI,full,99,3,418.0,2,1,3,418.0,5.463920712471008,0
patchcore,FDEI,full,99,4,434.0,2,1,3,434.0,5.167543190281566,1
patchcore,FDEI,full,100,1,6012.0,2,1,2,6012.0,4.945502115332562,3
patchcore,FDEI,full,100,2,6013.0,2,1,2,6013.0,5.12051364852161,0
patchcore,FDEI,full,102,1,426.0,2,1,2,426.0,5.53376135332831,2
patchcore,FDEI,full,102,2,425.0,1,0,2,425.0,5.277759517942156,2
patchcore,FDEI,full,104,1,458.0,2,1,3,458.0,5.119661755032009,4
patchcore,FDEI,full,104,2,422.0,2,1,3,422.0,5.105643682701643,4
patchcore,FDEI,full,104,3,611.0,1,0,3,611.0,5.020891421880478,4
patchcore,FDEI,full,104,4,8007.0,1,0,3,8007.0,4.95013259586535,3
patchcore,FDEI,full,105,1,328.0,1,0,2,328.0,5.381367846539146,4
patchcore,FDEI,full,105,2,380.0,2,1,2,380.0,4.945061529004896,0
patchcore,FDEI,full,106,1,1500.0,2,1,3,1500.0,5.022517714389535,1
patchcore,FDEI,full,106,2,420.0,1,0,3,420.0,5.5112247932248,4
patchcore,FDEI,full,106,3,895.0,1,0,3,895.0,5.434493666109831,2
patchcore,FDEI,full,106,4,744.0,1,0,3,744.0,5.300525575876236,2
patchcore,FDEI,full,107,1,6010.0,1,0,2,6010.0,5.550256632268429,4
patchcore,FDEI,full,107,2,459.0,1,0,2,459.0,5.6056719529824175,2
patchcore,FDEI,full,108,1,311.0,2,1,3,311.0,5.05817686639181,4
patchcore,FDEI,full,108,2,448.0,1,0,3,448.0,5.323815062239364,3
patchcore,FDEI,full,108,3,350.0,2,1,3,350.0,5.6306143522262575,1
patchcore,FDEI,full,108,4,2880.0,2,1,3,2880.0,5.128141510486603,0
patchcore,FDEI,full,108,5,318.0,1,0,3,318.0,5.242658865451813,2
patchcore,FDEI,full,109,1,2917.0,2,1,2,2917.0,5.215027064811893,3
patchcore,FDEI,full,109,2,307.0,2,1,2,307.0,5.409056587652727,1
patchcore,FDEI,full,109,3,413.0,1,0,2,413.0,5.152119905520708,2
patchcore,FDEI,full,110,1,1446.0,1,0,1,1446.0,5.121504601310281,1
patchcore,FDEI,full,111,1,443.0,2,1,2,443.0,5.215843843377155,4
patchcore,FDEI,full,111,2,421.0,2,1,2,421.0,5.077390021748013,3
patchcore,FDEI,full,112,1,409.0,2,1,1,409.0,5.211236830110903,2
patchcore,FDEI,full,113,1,333.0,2,1,3,333.0,5.356399562623766,3
patchcore,FDEI,full,113,2,375.0,1,0,3,375.0,5.100428104400635,0
patchcore,FDEI,full,113,3,370.0,2,1,3,370.0,5.186628529899998,0
patchcore,FDEI,full,113,4,820.0,2,1,3,820.0,5.170806859668932,3
patchcore,FDEI,full,113,5,883.0,1,0,3,883.0,5.18774475195469,2
patchcore,FDEI,full,114,1,586.0,1,0,1,586.0,5.536568224430084,0
patchcore,FDEI,full,115,1,336.0,2,1,2,336.0,5.094493389129639,2
patchcore,FDEI,full,115,2,732.0,2,1,2,732.0,5.299713733868721,2
patchcore,FDEI,full,116,1,423.0,2,1,3,423.0,5.569494135239545,3
patchcore,FDEI,full,116,2,419.0,1,0,3,419.0,5.370310688018799,1
patchcore,FDEI,full,117,1,2952.0,2,1,2,2952.0,5.081340068425888,2
patchcore,FDEI,full,117,2,417.0,2,1,2,417.0,5.132627665996552,1
patchcore,FDEI,full,118,1,352.0,1,0,3,352.0,5.335732698440552,3
patchcore,FDEI,full,118,2,304.0,2,1,3,304.0,5.09935720761617,1
patchcore,FDEI,full,118,3,433.0,2,1,3,433.0,5.26440261469947,0
patchcore,FDEI,full,118,4,768.0,1,0,3,768.0,5.143268505732219,0
patchcore,FDEI,leg,1,1,582.0,2,1,2,582.0,5.52933659051594,2
patchcore,FDEI,leg,1,2,403.0,2,1,2,403.0,5.589696767853527,4
patchcore,FDEI,leg,2,1,578.0,1,0,2,578.0,5.48191831050775,3
patchcore,FDEI,leg,2,2,603.0,1,0,2,603.0,5.31583233313127,3
patchcore,FDEI,leg,3,1,431.0,1,0,2,431.0,5.4615167153848185,1
patchcore,FDEI,leg,3,2,555.0,2,1,2,555.0,5.912272105345855,0
patchcore,FDEI,leg,3,3,766.0,2,1,2,766.0,5.400160595222756,3
patchcore,FDEI,leg,4,1,550.0,1,0,2,550.0,5.208393023564265,0
patchcore,FDEI,leg,4,2,419.0,1,0,2,419.0,5.2791871168674565,1
patchcore,FDEI,leg,6,1,416.0,1,0,1,416.0,5.230712924684797,0
patchcore,FDEI,leg,7,1,568.0,1,0,3,568.0,5.373171299061877,3
patchcore,FDEI,leg,7,2,,1,0,3,unknown,5.504830024860524,1
patchcore,FDEI,leg,7,3,411.0,2,1,3,411.0,5.431580831838208,3
patchcore,FDEI,leg,8,1,319.0,1,0,3,319.0,5.341551065444946,1
patchcore,FDEI,leg,8,2,325.0,1,0,3,325.0,5.357969919840495,4
patchcore,FDEI,leg,8,3,344.0,2,1,3,344.0,5.510444924235344,0
patchcore,FDEI,leg,8,4,322.0,2,1,3,322.0,6.049127260843913,0
patchcore,FDEI,leg,9,1,891.0,1,0,1,891.0,5.386557731628418,4
patchcore,FDEI,leg,10,1,566.0,1,0,2,566.0,5.171883595617194,4
patchcore,FDEI,leg,10,2,743.0,2,1,2,743.0,5.458177403705876,3
patchcore,FDEI,leg,10,3,2928.0,1,0,2,2928.0,5.268322618996224,2
patchcore,FDEI,leg,11,1,755.0,1,0,3,755.0,5.4717648195665936,4
patchcore,FDEI,leg,11,2,884.0,2,1,3,884.0,5.781802090731534,4
patchcore,FDEI,leg,11,3,739.0,2,1,3,739.0,5.554521310329437,4
patchcore,FDEI,leg,11,4,554.0,2,1,3,554.0,5.451809365698632,1
patchcore,FDEI,leg,11,5,313.0,1,0,3,313.0,5.1570405006408695,0
patchcore,FDEI,leg,11,6,890.0,1,0,3,890.0,5.436987284067515,0
patchcore,FDEI,leg,11,7,328.0,2,1,3,328.0,5.531620979309082,4
patchcore,FDEI,leg,11,8,373.0,1,0,3,373.0,5.4387262951244,3
patchcore,FDEI,leg,12,1,879.0,1,0,2,879.0,5.61355761245445,2
patchcore,FDEI,leg,12,2,826.0,2,1,2,826.0,5.584687640269597,1
patchcore,FDEI,leg,13,1,884.0,3,1,1,884.0,5.687236064519638,4
patchcore,FDEI,leg,14,1,1450.0,2,1,3,1450.0,5.571661202112834,0
patchcore,FDEI,leg,14,2,865.0,2,1,3,865.0,5.637326706780327,1
patchcore,FDEI,leg,14,3,339.0,2,1,3,339.0,5.605953682793511,1
patchcore,FDEI,leg,14,4,301.0,1,0,3,301.0,5.616528901186856,4
patchcore,FDEI,leg,14,5,328.0,2,1,3,328.0,5.48856930022544,4
patchcore,FDEI,leg,14,6,817.0,1,0,3,817.0,5.647296021624309,2
patchcore,FDEI,leg,15,1,775.0,2,1,1,775.0,5.706755650670905,4
patchcore,FDEI,leg,16,1,319.0,1,0,1,319.0,5.496139628546579,1
patchcore,FDEI,leg,17,1,825.0,2,1,1,825.0,5.402904637654623,2
patchcore,FDEI,leg,18,1,313.0,1,0,3,313.0,5.480438611446282,0
patchcore,FDEI,leg,18,2,818.0,2,1,3,818.0,5.298462743344515,4
patchcore,FDEI,leg,18,3,894.0,2,1,3,894.0,5.454551374590075,3
patchcore,FDEI,leg,18,4,345.0,1,0,3,345.0,5.576727509498596,4
patchcore,FDEI,leg,19,1,369.0,2,1,1,369.0,5.7924453326634,1
patchcore,FDEI,leg,20,1,769.0,2,1,2,769.0,5.8498089881170365,2
patchcore,FDEI,leg,20,2,997.0,1,0,2,997.0,5.535240673437351,1
patchcore,FDEI,leg,21,1,408.0,1,0,3,408.0,5.631361238884203,1
patchcore,FDEI,leg,21,2,785.0,2,1,3,785.0,5.775959134101868,2
patchcore,FDEI,leg,21,3,2892.0,1,0,3,2892.0,5.413341168434389,4
patchcore,FDEI,leg,22,1,331.0,1,0,3,331.0,5.424936050023788,4
patchcore,FDEI,leg,22,2,743.0,2,1,3,743.0,5.331801646795029,3
patchcore,FDEI,leg,22,3,437.0,1,0,3,437.0,5.123688087906948,1
patchcore,FDEI,leg,22,4,6003.0,1,0,3,6003.0,5.521943444297428,0
patchcore,FDEI,leg,22,5,350.0,2,1,3,350.0,5.417575704640355,1
patchcore,FDEI,leg,22,6,858.0,2,1,3,858.0,5.434855026357314,0
patchcore,FDEI,leg,23,1,568.0,1,0,2,568.0,5.342474889755249,3
patchcore,FDEI,leg,23,2,302.0,1,0,2,302.0,5.809839513566759,3
patchcore,FDEI,leg,24,1,566.0,1,0,1,566.0,5.254349602593316,4
patchcore,FDEI,leg,27,1,405.0,2,1,3,405.0,5.465087205935747,3
patchcore,FDEI,leg,27,2,317.0,2,1,3,317.0,5.371958749634879,3
patchcore,FDEI,leg,27,3,8006.0,1,0,3,8006.0,5.404297872023149,2
patchcore,FDEI,leg,27,4,2941.0,2,1,3,2941.0,5.384198553421918,0
patchcore,FDEI,leg,27,5,774.0,2,1,3,774.0,5.225874932607015,0
patchcore,FDEI,leg,27,6,327.0,2,1,3,327.0,5.2592764036996025,0
patchcore,FDEI,leg,27,7,584.0,2,1,3,584.0,5.132424942652384,1
patchcore,FDEI,leg,27,8,550.0,1,0,3,550.0,5.224960072835287,0
patchcore,FDEI,leg,27,9,779.0,1,0,3,779.0,5.418726535943838,4
patchcore,FDEI,leg,28,1,313.0,1,0,3,313.0,5.316040595372518,0
patchcore,FDEI,leg,28,2,826.0,2,1,3,826.0,5.654193775994437,1
patchcore,FDEI,leg,28,3,817.0,1,0,3,817.0,5.658110669681004,2
patchcore,FDEI,leg,29,1,2952.0,2,1,3,2952.0,5.4805938667721215,2
patchcore,FDEI,leg,29,2,781.0,2,1,3,781.0,5.708162334987096,3
patchcore,FDEI,leg,29,3,369.0,1,0,3,369.0,5.522097004784478,1
patchcore,FDEI,leg,34,1,858.0,2,1,2,858.0,5.558349304729038,0
patchcore,FDEI,leg,34,2,2932.0,2,1,2,2932.0,5.512444696928325,1
patchcore,FDEI,leg,35,1,586.0,1,0,3,586.0,5.344250527823844,0
patchcore,FDEI,leg,35,2,317.0,2,1,3,317.0,5.453184445699056,3
patchcore,FDEI,leg,35,3,405.0,1,0,3,405.0,5.525389736348933,3
patchcore,FDEI,leg,35,4,2892.0,1,0,3,2892.0,5.386473101238872,4
patchcore,FDEI,leg,35,5,351.0,1,0,3,351.0,5.332021045684814,3
patchcore,FDEI,leg,36,1,582.0,2,1,1,582.0,5.464498256814891,2
patchcore,FDEI,leg,37,1,739.0,1,0,1,739.0,5.499295088979933,4
patchcore,FDEI,leg,39,1,882.0,2,1,2,882.0,5.380877999698415,1
patchcore,FDEI,leg,39,2,794.0,2,1,2,794.0,5.532082498073578,0
patchcore,FDEI,leg,40,1,876.0,2,1,3,876.0,5.34041402777847,3
patchcore,FDEI,leg,40,2,331.0,1,0,3,331.0,5.387217626571656,4
patchcore,FDEI,leg,40,3,805.0,2,1,3,805.0,5.534589999761337,0
patchcore,FDEI,leg,40,4,786.0,2,1,3,786.0,5.500652039051056,1
patchcore,FDEI,leg,40,5,402.0,1,0,3,402.0,5.448026204109192,3
patchcore,FDEI,leg,40,6,742.0,1,0,3,742.0,5.3841313186444735,0
patchcore,FDEI,leg,41,1,401.0,2,1,3,401.0,5.34681510925293,4
patchcore,FDEI,leg,41,2,367.0,1,0,3,367.0,5.262296773949448,1
patchcore,FDEI,leg,42,1,889.0,2,1,1,889.0,5.733704686164856,2
patchcore,FDEI,leg,50,1,458.0,2,1,1,458.0,5.440541876686944,4
patchcore,FDEI,leg,51,1,455.0,1,0,2,455.0,5.378908983091029,3
patchcore,FDEI,leg,51,2,387.0,1,0,2,387.0,5.42737603187561,0
patchcore,FDEI,leg,52,1,377.0,2,1,1,377.0,5.413500635247481,2
patchcore,FDEI,leg,53,1,450.0,1,0,2,450.0,5.594834791289435,0
patchcore,FDEI,leg,54,1,462.0,1,0,3,462.0,5.448153982357103,1
patchcore,FDEI,leg,54,2,431.0,2,1,3,431.0,5.3709046891395085,1
patchcore,FDEI,leg,54,3,327.0,2,1,3,327.0,5.46955812242296,0
patchcore,FDEI,leg,55,1,443.0,3,1,1,443.0,5.366535186767578,4
patchcore,FDEI,leg,56,1,459.0,1,0,1,459.0,5.251111577196819,2
patchcore,FDEI,leg,57,1,736.0,2,1,1,736.0,5.404979313744439,1
patchcore,FDEI,leg,58,1,611.0,1,0,2,611.0,5.2860366730462935,4
patchcore,FDEI,leg,58,2,579.0,1,0,2,579.0,5.4018684682391935,2
patchcore,FDEI,leg,59,1,6013.0,1,0,3,6013.0,5.381300936804878,0
patchcore,FDEI,leg,59,2,763.0,2,1,3,763.0,5.64582770211356,1
patchcore,FDEI,leg,59,3,820.0,1,0,3,820.0,5.026545715332031,3
patchcore,FDEI,leg,59,4,8001.0,1,0,3,8001.0,5.517834706739946,4
patchcore,FDEI,leg,59,5,434.0,2,1,3,434.0,5.281481807882136,1
patchcore,FDEI,leg,60,1,586.0,1,0,3,586.0,5.238662029567518,0
patchcore,FDEI,leg,60,2,413.0,2,1,3,413.0,5.568038725852967,2
patchcore,FDEI,leg,60,3,333.0,2,1,3,333.0,5.41050637108939,3
patchcore,FDEI,leg,60,4,886.0,2,1,3,886.0,5.506352656596416,3
patchcore,FDEI,leg,60,5,407.0,2,1,3,407.0,5.547543990306365,4
patchcore,FDEI,leg,60,6,380.0,1,0,3,380.0,5.544103259132022,0
patchcore,FDEI,leg,60,7,583.0,2,1,3,583.0,5.682311204763559,1
patchcore,FDEI,leg,61,1,575.0,1,0,1,575.0,5.08501455783844,4
patchcore,FDEI,leg,62,1,419.0,1,0,3,419.0,5.373890456031351,1
patchcore,FDEI,leg,62,2,441.0,1,0,3,441.0,5.6206150872366765,0
patchcore,FDEI,leg,62,3,732.0,2,1,3,732.0,5.407326949967279,2
patchcore,FDEI,leg,63,1,867.0,2,1,3,867.0,5.450572479338873,0
patchcore,FDEI,leg,63,2,6012.0,1,0,3,6012.0,5.368663027172997,3
patchcore,FDEI,leg,63,3,823.0,2,1,3,823.0,5.481756806373596,3
patchcore,FDEI,leg,63,4,318.0,1,0,3,318.0,5.18515422732331,2
patchcore,FDEI,leg,63,5,2880.0,2,1,3,2880.0,5.273481218438399,0
patchcore,FDEI,leg,65,1,2925.0,1,0,2,2925.0,5.47750254833337,3
patchcore,FDEI,leg,65,2,311.0,2,1,2,311.0,5.152243882417679,4
patchcore,FDEI,leg,66,1,772.0,3,1,3,772.0,6.0242147246996565,1
patchcore,FDEI,leg,66,2,411.0,1,0,3,411.0,5.607174362455096,3
patchcore,FDEI,leg,66,3,306.0,2,1,3,306.0,5.9421219700261165,2
patchcore,FDEI,leg,66,4,330.0,2,1,3,330.0,5.292211055755615,3
patchcore,FDEI,leg,67,1,403.0,1,0,2,403.0,5.329630688617104,4
patchcore,FDEI,leg,67,2,409.0,1,0,2,409.0,5.599024477459135,2
patchcore,FDEI,leg,67,3,8007.0,2,1,2,8007.0,5.457576210434373,3
patchcore,FDEI,leg,67,4,8003.0,2,1,2,8003.0,5.295750495365688,3
patchcore,FDEI,leg,69,1,304.0,2,1,3,304.0,5.512517700195312,1
patchcore,FDEI,leg,69,2,422.0,2,1,3,422.0,5.627557873725891,4
patchcore,FDEI,leg,70,1,768.0,2,1,1,768.0,5.6709227959314985,0
patchcore,FDEI,leg,71,1,1500.0,1,0,3,1500.0,5.357299935817719,1
patchcore,FDEI,leg,71,2,305.0,2,1,3,305.0,5.2919841057214985,0
patchcore,FDEI,leg,71,3,418.0,2,1,3,418.0,5.651402403668659,0
patchcore,FDEI,leg,71,4,744.0,2,1,3,744.0,5.279696247794411,2
patchcore,FDEI,leg,71,5,883.0,1,0,3,883.0,5.3660443804480815,2
patchcore,FDEI,leg,71,6,375.0,1,0,3,375.0,5.053878830700386,0
patchcore,FDEI,leg,71,7,543.0,2,1,3,543.0,5.542237574403936,3
patchcore,FDEI,leg,72,1,352.0,2,1,1,352.0,5.280593633651733,3
patchcore,FDEI,leg,73,1,426.0,2,1,2,426.0,5.5460067558288575,2
patchcore,FDEI,leg,73,2,423.0,1,0,2,423.0,5.543599784374237,3
patchcore,FDEI,leg,73,3,336.0,2,1,2,336.0,5.2528554288352405,2
patchcore,FDEI,leg,73,4,2917.0,2,1,2,2917.0,5.267451729093279,3
patchcore,FDEI,leg,73,5,417.0,2,1,2,417.0,5.488533192210728,1
patchcore,FDEI,leg,74,1,433.0,1,0,1,433.0,5.599071214365405,0
patchcore,FDEI,leg,76,1,372.0,1,0,1,372.0,5.119220453150132,4
patchcore,FDEI,leg,77,1,549.0,1,0,2,549.0,5.5796246142000765,2
patchcore,FDEI,leg,77,2,365.0,1,0,2,365.0,5.301980483226287,2
patchcore,FDEI,leg,79,1,472.0,2,1,3,472.0,5.832072666713169,4
patchcore,FDEI,leg,79,2,406.0,3,1,3,406.0,5.639418244361877,2
patchcore,FDEI,leg,79,3,873.0,1,0,3,873.0,5.841549615065257,4
patchcore,FDEI,leg,80,1,383.0,1,0,3,383.0,5.265884927801184,1
patchcore,FDEI,leg,80,2,739.0,1,0,3,739.0,5.42601306621845,4
patchcore,FDEI,leg,80,3,889.0,2,1,3,889.0,5.368991351709133,2
patchcore,FDEI,leg,80,4,305.0,2,1,3,305.0,5.696437023781441,0
patchcore,FDEI,leg,82,1,338.0,1,0,3,338.0,5.248863980883644,2
patchcore,FDEI,leg,82,2,407.0,2,1,3,407.0,5.514067982182358,4
patchcore,FDEI,leg,82,3,350.0,1,0,3,350.0,5.124051556442723,1
patchcore,FDEI,leg,82,4,441.0,1,0,3,441.0,5.358010510035924,0
patchcore,FDEI,leg,82,5,464.0,1,0,3,464.0,5.114934048754104,1
patchcore,FDEI,leg,82,6,423.0,1,0,3,423.0,5.270221982683454,3
patchcore,FDEI,leg,84,1,613.0,2,1,1,613.0,5.427336502075195,2
patchcore,FDEI,leg,85,1,457.0,1,0,3,457.0,5.471394326951769,2
patchcore,FDEI,leg,85,2,366.0,1,0,3,366.0,5.28867648368658,2
patchcore,FDEI,leg,85,3,448.0,1,0,3,448.0,5.15872249370668,3
patchcore,FDEI,leg,85,4,434.0,2,1,3,434.0,5.413538704747739,1
patchcore,FDEI,leg,85,5,583.0,2,1,3,583.0,5.047734889117154,1
patchcore,FDEI,leg,85,6,419.0,1,0,3,419.0,5.28821401369004,1
patchcore,FDEI,leg,86,1,6012.0,2,1,1,6012.0,5.519939190302139,3
patchcore,FDEI,leg,87,1,763.0,2,1,2,763.0,5.752197904246194,1
patchcore,FDEI,leg,88,1,820.0,2,1,3,820.0,5.12548253342912,3
patchcore,FDEI,leg,88,2,467.0,2,1,3,467.0,5.671722209453582,0
patchcore,FDEI,leg,88,3,801.0,2,1,3,801.0,5.421050347222222,1
patchcore,FDEI,leg,88,4,1458.0,1,0,3,1458.0,5.174289682176378,4
patchcore,FDEI,leg,89,1,411.0,2,1,3,411.0,5.684368268037454,3
patchcore,FDEI,leg,89,2,426.0,2,1,3,426.0,5.4545380791952445,2
patchcore,FDEI,leg,89,3,886.0,1,0,3,886.0,5.207694423441985,3
patchcore,FDEI,leg,89,4,775.0,1,0,3,775.0,5.518530378341675,4
patchcore,FDEI,leg,90,1,458.0,2,1,3,458.0,5.375374252513304,4
patchcore,FDEI,leg,90,2,422.0,1,0,3,422.0,5.7533413001469205,4
patchcore,FDEI,leg,90,3,452.0,1,0,3,452.0,5.326666346302739,4
patchcore,FDEI,leg,90,4,413.0,1,0,3,413.0,5.379913854598999,2
patchcore,FDEI,leg,94,1,333.0,2,1,1,333.0,5.590952774574017,3
patchcore,FDEI,leg,96,1,1500.0,1,0,3,1500.0,5.398829805850983,1
patchcore,FDEI,leg,96,2,375.0,2,1,3,375.0,5.31707272658477,0
patchcore,FDEI,leg,96,3,418.0,2,1,3,418.0,5.416857694324694,0
patchcore,FDEI,leg,96,4,732.0,1,0,3,732.0,5.223889923095703,2
patchcore,FDEI,leg,97,1,586.0,3,1,3,586.0,5.300917712124911,0
patchcore,FDEI,leg,97,2,417.0,1,0,3,417.0,5.351732599969004,1
patchcore,FDEI,leg,97,3,883.0,3,1,3,883.0,5.646252940098445,2
patchcore,FDEI,leg,97,4,336.0,1,0,3,336.0,5.259272142692849,2
patchcore,FDEI,leg,98,1,407.0,2,1,2,407.0,6.043243728984486,4
patchcore,FDEI,leg,98,2,441.0,1,0,2,441.0,5.426974207855935,0
patchcore,FDEI,leg,99,1,464.0,1,0,3,464.0,5.1419070561726885,1
patchcore,FDEI,leg,99,2,366.0,1,0,3,366.0,5.428109645843506,2
patchcore,FDEI,leg,99,3,418.0,2,1,3,418.0,5.640109145641327,0
patchcore,FDEI,leg,99,4,434.0,2,1,3,434.0,5.333226448152123,1
patchcore,FDEI,leg,100,1,6012.0,2,1,2,6012.0,5.047428535378498,3
patchcore,FDEI,leg,100,2,6013.0,2,1,2,6013.0,5.948847235702887,0
patchcore,FDEI,leg,102,1,426.0,2,1,2,426.0,5.748089732794926,2
patchcore,FDEI,leg,102,2,425.0,1,0,2,425.0,5.720172257650466,2
patchcore,FDEI,leg,104,1,458.0,2,1,3,458.0,5.40012984805637,4
patchcore,FDEI,leg,104,2,422.0,2,1,3,422.0,5.242957281511884,4
patchcore,FDEI,leg,104,3,611.0,1,0,3,611.0,5.141595388070131,4
patchcore,FDEI,leg,104,4,8007.0,1,0,3,8007.0,5.202838684383192,3
patchcore,FDEI,leg,105,1,328.0,1,0,2,328.0,5.347935714219746,4
patchcore,FDEI,leg,105,2,380.0,2,1,2,380.0,5.54866124488212,0
patchcore,FDEI,leg,106,1,1500.0,2,1,3,1500.0,5.447510320086812,1
patchcore,FDEI,leg,106,2,420.0,1,0,3,420.0,5.99912250332716,4
patchcore,FDEI,leg,106,3,895.0,1,0,3,895.0,5.3869236137556,2
patchcore,FDEI,leg,106,4,744.0,1,0,3,744.0,5.273475567499797,2
patchcore,FDEI,leg,107,1,6010.0,1,0,2,6010.0,5.874977685511112,4
patchcore,FDEI,leg,107,2,459.0,1,0,2,459.0,5.695676131326644,2
patchcore,FDEI,leg,108,1,311.0,2,1,3,311.0,5.247927723861322,4
patchcore,FDEI,leg,108,2,448.0,1,0,3,448.0,5.388551879573512,3
patchcore,FDEI,leg,108,3,350.0,2,1,3,350.0,5.422537779808044,1
patchcore,FDEI,leg,108,4,2880.0,2,1,3,2880.0,5.378659570217133,0
patchcore,FDEI,leg,108,5,318.0,1,0,3,318.0,5.405322456359864,2
patchcore,FDEI,leg,109,1,2917.0,2,1,2,2917.0,5.376508247561571,3
patchcore,FDEI,leg,109,2,307.0,2,1,2,307.0,5.786837350238454,1
patchcore,FDEI,leg,109,3,413.0,1,0,2,413.0,5.249724351442778,2
patchcore,FDEI,leg,110,1,1446.0,1,0,1,1446.0,5.219292009578032,1
patchcore,FDEI,leg,111,1,443.0,2,1,2,443.0,5.147226416546365,4
patchcore,FDEI,leg,111,2,421.0,2,1,2,421.0,5.411385999785529,3
patchcore,FDEI,leg,112,1,409.0,2,1,1,409.0,5.617234795181839,2
patchcore,FDEI,leg,113,1,333.0,2,1,3,333.0,5.417105303870307,3
patchcore,FDEI,leg,113,2,375.0,1,0,3,375.0,5.020934349781758,0
patchcore,FDEI,leg,113,3,370.0,2,1,3,370.0,5.392894192745811,0
patchcore,FDEI,leg,113,4,820.0,2,1,3,820.0,5.190910251517045,3
patchcore,FDEI,leg,113,5,883.0,1,0,3,883.0,5.29307624621269,2
patchcore,FDEI,leg,114,1,586.0,1,0,1,586.0,5.508963227272034,0
patchcore,FDEI,leg,115,1,336.0,2,1,2,336.0,5.321245613552275,2
patchcore,FDEI,leg,115,2,732.0,2,1,2,732.0,5.353082400101882,2
patchcore,FDEI,leg,116,1,423.0,2,1,3,423.0,5.587182143155267,3
patchcore,FDEI,leg,116,2,419.0,1,0,3,419.0,5.327367346627372,1
patchcore,FDEI,leg,117,1,2952.0,2,1,2,2952.0,5.19489249204978,2
patchcore,FDEI,leg,117,2,417.0,2,1,2,417.0,5.207194313406944,1
patchcore,FDEI,leg,118,1,352.0,1,0,3,352.0,5.230486604902479,3
patchcore,FDEI,leg,118,2,304.0,2,1,3,304.0,5.3017721970876055,1
patchcore,FDEI,leg,118,3,433.0,2,1,3,433.0,5.586610767576429,0
patchcore,FDEI,leg,118,4,768.0,1,0,3,768.0,5.564205964406331,0
patchcore,GEI_CGI_FDEI,leg,1,1,582.0,2,1,2,582.0,12.280058760392038,2
patchcore,GEI_CGI_FDEI,leg,1,2,403.0,2,1,2,403.0,12.584092465842645,4
patchcore,GEI_CGI_FDEI,leg,2,1,578.0,1,0,2,578.0,12.356102283184343,3
patchcore,GEI_CGI_FDEI,leg,2,2,603.0,1,0,2,603.0,11.790530269796198,3
patchcore,GEI_CGI_FDEI,leg,3,1,431.0,1,0,2,431.0,12.892657383068189,1
patchcore,GEI_CGI_FDEI,leg,3,2,555.0,2,1,2,555.0,13.299253566845044,0
patchcore,GEI_CGI_FDEI,leg,3,3,766.0,2,1,2,766.0,11.921880828009712,3
patchcore,GEI_CGI_FDEI,leg,4,1,550.0,1,0,2,550.0,11.317078027969751,0
patchcore,GEI_CGI_FDEI,leg,4,2,419.0,1,0,2,419.0,11.499741725432568,1
patchcore,GEI_CGI_FDEI,leg,6,1,416.0,1,0,1,416.0,11.260696956089564,0
patchcore,GEI_CGI_FDEI,leg,7,1,568.0,1,0,3,568.0,11.750143619293862,3
patchcore,GEI_CGI_FDEI,leg,7,2,,1,0,3,unknown,11.993403929251212,1
patchcore,GEI_CGI_FDEI,leg,7,3,411.0,2,1,3,411.0,12.154158281725506,3
patchcore,GEI_CGI_FDEI,leg,8,1,319.0,1,0,3,319.0,11.39001253247261,1
patchcore,GEI_CGI_FDEI,leg,8,2,325.0,1,0,3,325.0,12.102970643477006,4
patchcore,GEI_CGI_FDEI,leg,8,3,344.0,2,1,3,344.0,12.09717682003975,0
patchcore,GEI_CGI_FDEI,leg,8,4,322.0,2,1,3,322.0,13.395864345409253,0
patchcore,GEI_CGI_FDEI,leg,9,1,891.0,1,0,1,891.0,11.720951118469236,4
patchcore,GEI_CGI_FDEI,leg,10,1,566.0,1,0,2,566.0,11.247944957331606,4
patchcore,GEI_CGI_FDEI,leg,10,2,743.0,2,1,2,743.0,12.12468403141673,3
patchcore,GEI_CGI_FDEI,leg,10,3,2928.0,1,0,2,2928.0,11.347590586034263,2
patchcore,GEI_CGI_FDEI,leg,11,1,755.0,1,0,3,755.0,12.255851058072825,4
patchcore,GEI_CGI_FDEI,leg,11,2,884.0,2,1,3,884.0,12.57204070958224,4
patchcore,GEI_CGI_FDEI,leg,11,3,739.0,2,1,3,739.0,12.605044317245484,4
patchcore,GEI_CGI_FDEI,leg,11,4,554.0,2,1,3,554.0,12.524054770774027,1
patchcore,GEI_CGI_FDEI,leg,11,5,313.0,1,0,3,313.0,11.208372917175293,0
patchcore,GEI_CGI_FDEI,leg,11,6,890.0,1,0,3,890.0,11.956856701825116,0
patchcore,GEI_CGI_FDEI,leg,11,7,328.0,2,1,3,328.0,12.14796313833683,4
patchcore,GEI_CGI_FDEI,leg,11,8,373.0,1,0,3,373.0,12.628648035454027,3
patchcore,GEI_CGI_FDEI,leg,12,1,879.0,1,0,2,879.0,12.535132814336706,2
patchcore,GEI_CGI_FDEI,leg,12,2,826.0,2,1,2,826.0,12.067284981409708,1
patchcore,GEI_CGI_FDEI,leg,13,1,884.0,3,1,1,884.0,12.609682352114946,4
patchcore,GEI_CGI_FDEI,leg,14,1,1450.0,2,1,3,1450.0,12.215585740407308,0
patchcore,GEI_CGI_FDEI,leg,14,2,865.0,2,1,3,865.0,12.290213033888076,1
patchcore,GEI_CGI_FDEI,leg,14,3,339.0,2,1,3,339.0,12.926427099439833,1
patchcore,GEI_CGI_FDEI,leg,14,4,301.0,1,0,3,301.0,12.402857238596136,4
patchcore,GEI_CGI_FDEI,leg,14,5,328.0,2,1,3,328.0,12.339101284108263,4
patchcore,GEI_CGI_FDEI,leg,14,6,817.0,1,0,3,817.0,12.456304573431249,2
patchcore,GEI_CGI_FDEI,leg,15,1,775.0,2,1,1,775.0,12.495983324552835,4
patchcore,GEI_CGI_FDEI,leg,16,1,319.0,1,0,1,319.0,11.460904734475273,1
patchcore,GEI_CGI_FDEI,leg,17,1,825.0,2,1,1,825.0,11.855484040578206,2
patchcore,GEI_CGI_FDEI,leg,18,1,313.0,1,0,3,313.0,11.84411692007994,0
patchcore,GEI_CGI_FDEI,leg,18,2,818.0,2,1,3,818.0,11.930514024651568,4
patchcore,GEI_CGI_FDEI,leg,18,3,894.0,2,1,3,894.0,12.177671716019914,3
patchcore,GEI_CGI_FDEI,leg,18,4,345.0,1,0,3,345.0,12.381623029708862,4
patchcore,GEI_CGI_FDEI,leg,19,1,369.0,2,1,1,369.0,12.601143482753209,1
patchcore,GEI_CGI_FDEI,leg,20,1,769.0,2,1,2,769.0,12.92281791142055,2
patchcore,GEI_CGI_FDEI,leg,20,2,997.0,1,0,2,997.0,11.93611833525867,1
patchcore,GEI_CGI_FDEI,leg,21,1,408.0,1,0,3,408.0,12.193014693982674,1
patchcore,GEI_CGI_FDEI,leg,21,2,785.0,2,1,3,785.0,12.609323859214784,2
patchcore,GEI_CGI_FDEI,leg,21,3,2892.0,1,0,3,2892.0,11.671545890069776,4
patchcore,GEI_CGI_FDEI,leg,22,1,331.0,1,0,3,331.0,11.163075275910206,4
patchcore,GEI_CGI_FDEI,leg,22,2,743.0,2,1,3,743.0,12.212426161154722,3
patchcore,GEI_CGI_FDEI,leg,22,3,437.0,1,0,3,437.0,11.42856378333513,1
patchcore,GEI_CGI_FDEI,leg,22,4,6003.0,1,0,3,6003.0,11.657023452577135,0
patchcore,GEI_CGI_FDEI,leg,22,5,350.0,2,1,3,350.0,11.570866387465903,1
patchcore,GEI_CGI_FDEI,leg,22,6,858.0,2,1,3,858.0,11.61039374856388,0
patchcore,GEI_CGI_FDEI,leg,23,1,568.0,1,0,2,568.0,11.876127862930298,3
patchcore,GEI_CGI_FDEI,leg,23,2,302.0,1,0,2,302.0,12.305743323432075,3
patchcore,GEI_CGI_FDEI,leg,24,1,566.0,1,0,1,566.0,11.364326556523642,4
patchcore,GEI_CGI_FDEI,leg,27,1,405.0,2,1,3,405.0,12.277053833007812,3
patchcore,GEI_CGI_FDEI,leg,27,2,317.0,2,1,3,317.0,11.360577515193397,3
patchcore,GEI_CGI_FDEI,leg,27,3,8006.0,1,0,3,8006.0,11.541678341952236,2
patchcore,GEI_CGI_FDEI,leg,27,4,2941.0,2,1,3,2941.0,11.69679422939525,0
patchcore,GEI_CGI_FDEI,leg,27,5,774.0,2,1,3,774.0,11.371992365519208,0
patchcore,GEI_CGI_FDEI,leg,27,6,327.0,2,1,3,327.0,11.58290160042899,0
patchcore,GEI_CGI_FDEI,leg,27,7,584.0,2,1,3,584.0,12.217091178894044,1
patchcore,GEI_CGI_FDEI,leg,27,8,550.0,1,0,3,550.0,11.609032821655273,0
patchcore,GEI_CGI_FDEI,leg,27,9,779.0,1,0,3,779.0,11.660199568821836,4
patchcore,GEI_CGI_FDEI,leg,28,1,313.0,1,0,3,313.0,11.512831910451252,0
patchcore,GEI_CGI_FDEI,leg,28,2,826.0,2,1,3,826.0,12.298920495169504,1
patchcore,GEI_CGI_FDEI,leg,28,3,817.0,1,0,3,817.0,12.4154406275068,2
patchcore,GEI_CGI_FDEI,leg,29,1,2952.0,2,1,3,2952.0,11.629330184724596,2
patchcore,GEI_CGI_FDEI,leg,29,2,781.0,2,1,3,781.0,13.247405624389648,3
patchcore,GEI_CGI_FDEI,leg,29,3,369.0,1,0,3,369.0,11.956987195544771,1
patchcore,GEI_CGI_FDEI,leg,34,1,858.0,2,1,2,858.0,12.655594110488892,0
patchcore,GEI_CGI_FDEI,leg,34,2,2932.0,2,1,2,2932.0,11.74921068392302,1
patchcore,GEI_CGI_FDEI,leg,35,1,586.0,1,0,3,586.0,11.56995028984256,0
patchcore,GEI_CGI_FDEI,leg,35,2,317.0,2,1,3,317.0,11.500718116760254,3
patchcore,GEI_CGI_FDEI,leg,35,3,405.0,1,0,3,405.0,12.640518817034634,3
patchcore,GEI_CGI_FDEI,leg,35,4,2892.0,1,0,3,2892.0,11.672716207282487,4
patchcore,GEI_CGI_FDEI,leg,35,5,351.0,1,0,3,351.0,11.614120125770569,3
patchcore,GEI_CGI_FDEI,leg,36,1,582.0,2,1,1,582.0,12.41137093511121,2
patchcore,GEI_CGI_FDEI,leg,37,1,739.0,1,0,1,739.0,12.08620145585802,4
patchcore,GEI_CGI_FDEI,leg,39,1,882.0,2,1,2,882.0,11.725356634925394,1
patchcore,GEI_CGI_FDEI,leg,39,2,794.0,2,1,2,794.0,11.90867206454277,0
patchcore,GEI_CGI_FDEI,leg,40,1,876.0,2,1,3,876.0,11.663888989662638,3
patchcore,GEI_CGI_FDEI,leg,40,2,331.0,1,0,3,331.0,12.145161991119386,4
patchcore,GEI_CGI_FDEI,leg,40,3,805.0,2,1,3,805.0,12.298022905985514,0
patchcore,GEI_CGI_FDEI,leg,40,4,786.0,2,1,3,786.0,12.080179381370543,1
patchcore,GEI_CGI_FDEI,leg,40,5,402.0,1,0,3,402.0,12.449995589256286,3
patchcore,GEI_CGI_FDEI,leg,40,6,742.0,1,0,3,742.0,11.783203024613227,0
patchcore,GEI_CGI_FDEI,leg,41,1,401.0,2,1,3,401.0,11.795246373052182,4
patchcore,GEI_CGI_FDEI,leg,41,2,367.0,1,0,3,367.0,11.537501763324348,1
patchcore,GEI_CGI_FDEI,leg,42,1,889.0,2,1,1,889.0,12.437133232752482,2
patchcore,GEI_CGI_FDEI,leg,50,1,458.0,2,1,1,458.0,12.163382901085749,4
patchcore,GEI_CGI_FDEI,leg,51,1,455.0,1,0,2,455.0,11.689830454384408,3
patchcore,GEI_CGI_FDEI,leg,51,2,387.0,1,0,2,387.0,11.876173496246338,0
patchcore,GEI_CGI_FDEI,leg,52,1,377.0,2,1,1,377.0,11.646580369848952,2
patchcore,GEI_CGI_FDEI,leg,53,1,450.0,1,0,2,450.0,12.073650889926489,0
patchcore,GEI_CGI_FDEI,leg,54,1,462.0,1,0,3,462.0,11.954324255184252,1
patchcore,GEI_CGI_FDEI,leg,54,2,431.0,2,1,3,431.0,11.625235496683324,1
patchcore,GEI_CGI_FDEI,leg,54,3,327.0,2,1,3,327.0,11.95096189710829,0
patchcore,GEI_CGI_FDEI,leg,55,1,443.0,3,1,1,443.0,11.475520998932597,4
patchcore,GEI_CGI_FDEI,leg,56,1,459.0,1,0,1,459.0,11.729881240100395,2
patchcore,GEI_CGI_FDEI,leg,57,1,736.0,2,1,1,736.0,11.88499183654785,1
patchcore,GEI_CGI_FDEI,leg,58,1,611.0,1,0,2,611.0,11.42367392494565,4
patchcore,GEI_CGI_FDEI,leg,58,2,579.0,1,0,2,579.0,11.707245395297097,2
patchcore,GEI_CGI_FDEI,leg,59,1,6013.0,1,0,3,6013.0,11.687798775566948,0
patchcore,GEI_CGI_FDEI,leg,59,2,763.0,2,1,3,763.0,12.32542531830924,1
patchcore,GEI_CGI_FDEI,leg,59,3,820.0,1,0,3,820.0,11.041542291641235,3
patchcore,GEI_CGI_FDEI,leg,59,4,8001.0,1,0,3,8001.0,12.045279502868652,4
patchcore,GEI_CGI_FDEI,leg,59,5,434.0,2,1,3,434.0,11.331291328776969,1
patchcore,GEI_CGI_FDEI,leg,60,1,586.0,1,0,3,586.0,11.118484045329849,0
patchcore,GEI_CGI_FDEI,leg,60,2,413.0,2,1,3,413.0,12.16271390914917,2
patchcore,GEI_CGI_FDEI,leg,60,3,333.0,2,1,3,333.0,11.858264350891114,3
patchcore,GEI_CGI_FDEI,leg,60,4,886.0,2,1,3,886.0,13.70529775361757,3
patchcore,GEI_CGI_FDEI,leg,60,5,407.0,2,1,3,407.0,12.086865302843924,4
patchcore,GEI_CGI_FDEI,leg,60,6,380.0,1,0,3,380.0,12.714602674756732,0
patchcore,GEI_CGI_FDEI,leg,60,7,583.0,2,1,3,583.0,12.830211639404297,1
patchcore,GEI_CGI_FDEI,leg,61,1,575.0,1,0,1,575.0,11.226503896713258,4
patchcore,GEI_CGI_FDEI,leg,62,1,419.0,1,0,3,419.0,11.298168182373049,1
patchcore,GEI_CGI_FDEI,leg,62,2,441.0,1,0,3,441.0,12.28494589669364,0
patchcore,GEI_CGI_FDEI,leg,62,3,732.0,2,1,3,732.0,11.533687167697485,2
patchcore,GEI_CGI_FDEI,leg,63,1,867.0,2,1,3,867.0,12.551222074599494,0
patchcore,GEI_CGI_FDEI,leg,63,2,6012.0,1,0,3,6012.0,11.88910454795474,3
patchcore,GEI_CGI_FDEI,leg,63,3,823.0,2,1,3,823.0,11.383448514071375,3
patchcore,GEI_CGI_FDEI,leg,63,4,318.0,1,0,3,318.0,11.136311242746752,2
patchcore,GEI_CGI_FDEI,leg,63,5,2880.0,2,1,3,2880.0,11.339346484134072,0
patchcore,GEI_CGI_FDEI,leg,65,1,2925.0,1,0,2,2925.0,12.19073974724972,3
patchcore,GEI_CGI_FDEI,leg,65,2,311.0,2,1,2,311.0,10.842962086200714,4
patchcore,GEI_CGI_FDEI,leg,66,1,772.0,3,1,3,772.0,12.840837041536966,1
patchcore,GEI_CGI_FDEI,leg,66,2,411.0,1,0,3,411.0,12.219286668868293,3
patchcore,GEI_CGI_FDEI,leg,66,3,306.0,2,1,3,306.0,13.405901758294355,2
patchcore,GEI_CGI_FDEI,leg,66,4,330.0,2,1,3,330.0,11.214980149880434,3
patchcore,GEI_CGI_FDEI,leg,67,1,403.0,1,0,2,403.0,11.392509109095522,4
patchcore,GEI_CGI_FDEI,leg,67,2,409.0,1,0,2,409.0,13.26695612498692,2
patchcore,GEI_CGI_FDEI,leg,67,3,8007.0,2,1,2,8007.0,12.265159555383631,3
patchcore,GEI_CGI_FDEI,leg,67,4,8003.0,2,1,2,8003.0,11.42932573046003,3
patchcore,GEI_CGI_FDEI,leg,69,1,304.0,2,1,3,304.0,12.590331382751463,1
patchcore,GEI_CGI_FDEI,leg,69,2,422.0,2,1,3,422.0,12.280748075909084,4
patchcore,GEI_CGI_FDEI,leg,70,1,768.0,2,1,1,768.0,12.686845938364664,0
patchcore,GEI_CGI_FDEI,leg,71,1,1500.0,1,0,3,1500.0,11.3027770280838,1
patchcore,GEI_CGI_FDEI,leg,71,2,305.0,2,1,3,305.0,11.440884908040363,0
patchcore,GEI_CGI_FDEI,leg,71,3,418.0,2,1,3,418.0,12.586117372280214,0
patchcore,GEI_CGI_FDEI,leg,71,4,744.0,2,1,3,744.0,11.679336266084151,2
patchcore,GEI_CGI_FDEI,leg,71,5,883.0,1,0,3,883.0,12.208094033327969,2
patchcore,GEI_CGI_FDEI,leg,71,6,375.0,1,0,3,375.0,11.111472501987365,0
patchcore,GEI_CGI_FDEI,leg,71,7,543.0,2,1,3,543.0,12.118530663576992,3
patchcore,GEI_CGI_FDEI,leg,72,1,352.0,2,1,1,352.0,11.133886443244087,3
patchcore,GEI_CGI_FDEI,leg,73,1,426.0,2,1,2,426.0,12.202770671844483,2
patchcore,GEI_CGI_FDEI,leg,73,2,423.0,1,0,2,423.0,11.774912257989248,3
patchcore,GEI_CGI_FDEI,leg,73,3,336.0,2,1,2,336.0,11.427896662456233,2
patchcore,GEI_CGI_FDEI,leg,73,4,2917.0,2,1,2,2917.0,11.197771049681164,3
patchcore,GEI_CGI_FDEI,leg,73,5,417.0,2,1,2,417.0,11.621543222003512,1
patchcore,GEI_CGI_FDEI,leg,74,1,433.0,1,0,1,433.0,12.110144038533056,0
patchcore,GEI_CGI_FDEI,leg,76,1,372.0,1,0,1,372.0,11.520244233748492,4
patchcore,GEI_CGI_FDEI,leg,77,1,549.0,1,0,2,549.0,12.778216980599067,2
patchcore,GEI_CGI_FDEI,leg,77,2,365.0,1,0,2,365.0,11.227714905372032,2
patchcore,GEI_CGI_FDEI,leg,79,1,472.0,2,1,3,472.0,12.89111396244594,4
patchcore,GEI_CGI_FDEI,leg,79,2,406.0,3,1,3,406.0,12.702145172999456,2
patchcore,GEI_CGI_FDEI,leg,79,3,873.0,1,0,3,873.0,12.774916390577951,4
patchcore,GEI_CGI_FDEI,leg,80,1,383.0,1,0,3,383.0,11.435386915464658,1
patchcore,GEI_CGI_FDEI,leg,80,2,739.0,1,0,3,739.0,12.270344905364208,4
patchcore,GEI_CGI_FDEI,leg,80,3,889.0,2,1,3,889.0,11.77325753467839,2
patchcore,GEI_CGI_FDEI,leg,80,4,305.0,2,1,3,305.0,13.107980547724544,0
patchcore,GEI_CGI_FDEI,leg,82,1,338.0,1,0,3,338.0,11.40252685546875,2
patchcore,GEI_CGI_FDEI,leg,82,2,407.0,2,1,3,407.0,12.30291274099639,4
patchcore,GEI_CGI_FDEI,leg,82,3,350.0,1,0,3,350.0,10.732674396399297,1
patchcore,GEI_CGI_FDEI,leg,82,4,441.0,1,0,3,441.0,11.763323048182896,0
patchcore,GEI_CGI_FDEI,leg,82,5,464.0,1,0,3,464.0,10.797786225663854,1
patchcore,GEI_CGI_FDEI,leg,82,6,423.0,1,0,3,423.0,11.20126840046474,3
patchcore,GEI_CGI_FDEI,leg,84,1,613.0,2,1,1,613.0,12.888155343797472,2
patchcore,GEI_CGI_FDEI,leg,85,1,457.0,1,0,3,457.0,11.827691629197862,2
patchcore,GEI_CGI_FDEI,leg,85,2,366.0,1,0,3,366.0,11.240998001985773,2
patchcore,GEI_CGI_FDEI,leg,85,3,448.0,1,0,3,448.0,11.0199627294773,3
patchcore,GEI_CGI_FDEI,leg,85,4,434.0,2,1,3,434.0,11.92069041210672,1
patchcore,GEI_CGI_FDEI,leg,85,5,583.0,2,1,3,583.0,11.04573037407615,1
patchcore,GEI_CGI_FDEI,leg,85,6,419.0,1,0,3,419.0,12.02688691729591,1
patchcore,GEI_CGI_FDEI,leg,86,1,6012.0,2,1,1,6012.0,12.568160717303936,3
patchcore,GEI_CGI_FDEI,leg,87,1,763.0,2,1,2,763.0,13.09075335093907,1
patchcore,GEI_CGI_FDEI,leg,88,1,820.0,2,1,3,820.0,11.470996031890044,3
patchcore,GEI_CGI_FDEI,leg,88,2,467.0,2,1,3,467.0,12.125977778434754,0
patchcore,GEI_CGI_FDEI,leg,88,3,801.0,2,1,3,801.0,12.382515568203395,1
patchcore,GEI_CGI_FDEI,leg,88,4,1458.0,1,0,3,1458.0,11.279870986938477,4
patchcore,GEI_CGI_FDEI,leg,89,1,411.0,2,1,3,411.0,12.71962588872665,3
patchcore,GEI_CGI_FDEI,leg,89,2,426.0,2,1,3,426.0,12.447176600611488,2
patchcore,GEI_CGI_FDEI,leg,89,3,886.0,1,0,3,886.0,11.708310068870077,3
patchcore,GEI_CGI_FDEI,leg,89,4,775.0,1,0,3,775.0,11.735141735076905,4
patchcore,GEI_CGI_FDEI,leg,90,1,458.0,2,1,3,458.0,12.442749411372816,4
patchcore,GEI_CGI_FDEI,leg,90,2,422.0,1,0,3,422.0,12.49638284955706,4
patchcore,GEI_CGI_FDEI,leg,90,3,452.0,1,0,3,452.0,11.569268544514976,4
patchcore,GEI_CGI_FDEI,leg,90,4,413.0,1,0,3,413.0,11.666749153137207,2
patchcore,GEI_CGI_FDEI,leg,94,1,333.0,2,1,1,333.0,11.75547507713581,3
patchcore,GEI_CGI_FDEI,leg,96,1,1500.0,1,0,3,1500.0,11.280247497558594,1
patchcore,GEI_CGI_FDEI,leg,96,2,375.0,2,1,3,375.0,11.49362662031844,0
patchcore,GEI_CGI_FDEI,leg,96,3,418.0,2,1,3,418.0,12.061597999773529,0
patchcore,GEI_CGI_FDEI,leg,96,4,732.0,1,0,3,732.0,11.085201666090224,2
patchcore,GEI_CGI_FDEI,leg,97,1,586.0,3,1,3,586.0,11.797603797912595,0
patchcore,GEI_CGI_FDEI,leg,97,2,417.0,1,0,3,417.0,11.197404468760771,1
patchcore,GEI_CGI_FDEI,leg,97,3,883.0,3,1,3,883.0,12.68154195944468,2
patchcore,GEI_CGI_FDEI,leg,97,4,336.0,1,0,3,336.0,11.19404321246677,2
patchcore,GEI_CGI_FDEI,leg,98,1,407.0,2,1,2,407.0,13.46162721460516,4
patchcore,GEI_CGI_FDEI,leg,98,2,441.0,1,0,2,441.0,12.09186642668968,0
patchcore,GEI_CGI_FDEI,leg,99,1,464.0,1,0,3,464.0,11.449899159944977,1
patchcore,GEI_CGI_FDEI,leg,99,2,366.0,1,0,3,366.0,11.478746027559849,2
patchcore,GEI_CGI_FDEI,leg,99,3,418.0,2,1,3,418.0,12.661753058433533,0
patchcore,GEI_CGI_FDEI,leg,99,4,434.0,2,1,3,434.0,11.503063876454425,1
patchcore,GEI_CGI_FDEI,leg,100,1,6012.0,2,1,2,6012.0,10.961063986239228,3
patchcore,GEI_CGI_FDEI,leg,100,2,6013.0,2,1,2,6013.0,13.568648454619616,0
patchcore,GEI_CGI_FDEI,leg,102,1,426.0,2,1,2,426.0,12.8934572154078,2
patchcore,GEI_CGI_FDEI,leg,102,2,425.0,1,0,2,425.0,12.149612245105562,2
patchcore,GEI_CGI_FDEI,leg,104,1,458.0,2,1,3,458.0,12.498408020867242,4
patchcore,GEI_CGI_FDEI,leg,104,2,422.0,2,1,3,422.0,11.42629543570585,4
patchcore,GEI_CGI_FDEI,leg,104,3,611.0,1,0,3,611.0,10.87643814086914,4
patchcore,GEI_CGI_FDEI,leg,104,4,8007.0,1,0,3,8007.0,11.754639751032778,3
patchcore,GEI_CGI_FDEI,leg,105,1,328.0,1,0,2,328.0,11.81039629484478,4
patchcore,GEI_CGI_FDEI,leg,105,2,380.0,2,1,2,380.0,13.150708662497031,0
patchcore,GEI_CGI_FDEI,leg,106,1,1500.0,2,1,3,1500.0,12.331249414488326,1
patchcore,GEI_CGI_FDEI,leg,106,2,420.0,1,0,3,420.0,13.000585765373415,4
patchcore,GEI_CGI_FDEI,leg,106,3,895.0,1,0,3,895.0,11.783225432686184,2
patchcore,GEI_CGI_FDEI,leg,106,4,744.0,1,0,3,744.0,11.56618082523346,2
patchcore,GEI_CGI_FDEI,leg,107,1,6010.0,1,0,2,6010.0,12.836536929011343,4
patchcore,GEI_CGI_FDEI,leg,107,2,459.0,1,0,2,459.0,12.673047222074915,2
patchcore,GEI_CGI_FDEI,leg,108,1,311.0,2,1,3,311.0,11.407324907256337,4
patchcore,GEI_CGI_FDEI,leg,108,2,448.0,1,0,3,448.0,11.959696666614429,3
patchcore,GEI_CGI_FDEI,leg,108,3,350.0,2,1,3,350.0,12.112784600257871,1
patchcore,GEI_CGI_FDEI,leg,108,4,2880.0,2,1,3,2880.0,11.464959621429443,0
patchcore,GEI_CGI_FDEI,leg,108,5,318.0,1,0,3,318.0,11.58514873981476,2
patchcore,GEI_CGI_FDEI,leg,109,1,2917.0,2,1,2,2917.0,12.219851679918245,3
patchcore,GEI_CGI_FDEI,leg,109,2,307.0,2,1,2,307.0,13.063456470316106,1
patchcore,GEI_CGI_FDEI,leg,109,3,413.0,1,0,2,413.0,11.132478029300003,2
patchcore,GEI_CGI_FDEI,leg,110,1,1446.0,1,0,1,1446.0,11.18677703072043,1
patchcore,GEI_CGI_FDEI,leg,111,1,443.0,2,1,2,443.0,11.161038834115732,4
patchcore,GEI_CGI_FDEI,leg,111,2,421.0,2,1,2,421.0,11.606383403142294,3
patchcore,GEI_CGI_FDEI,leg,112,1,409.0,2,1,1,409.0,12.39790780455978,2
patchcore,GEI_CGI_FDEI,leg,113,1,333.0,2,1,3,333.0,11.868494616614448,3
patchcore,GEI_CGI_FDEI,leg,113,2,375.0,1,0,3,375.0,10.812123865694613,0
patchcore,GEI_CGI_FDEI,leg,113,3,370.0,2,1,3,370.0,11.631993369052283,0
patchcore,GEI_CGI_FDEI,leg,113,4,820.0,2,1,3,820.0,10.760919043892308,3
patchcore,GEI_CGI_FDEI,leg,113,5,883.0,1,0,3,883.0,11.297796004857773,2
patchcore,GEI_CGI_FDEI,leg,114,1,586.0,1,0,1,586.0,11.533879617849983,0
patchcore,GEI_CGI_FDEI,leg,115,1,336.0,2,1,2,336.0,11.384634676433745,2
patchcore,GEI_CGI_FDEI,leg,115,2,732.0,2,1,2,732.0,11.44942202934852,2
patchcore,GEI_CGI_FDEI,leg,116,1,423.0,2,1,3,423.0,12.1141580693862,3
patchcore,GEI_CGI_FDEI,leg,116,2,419.0,1,0,3,419.0,11.706095368521554,1
patchcore,GEI_CGI_FDEI,leg,117,1,2952.0,2,1,2,2952.0,11.117643185150929,2
patchcore,GEI_CGI_FDEI,leg,117,2,417.0,2,1,2,417.0,11.35702833533287,1
patchcore,GEI_CGI_FDEI,leg,118,1,352.0,1,0,3,352.0,11.050096803241306,3
patchcore,GEI_CGI_FDEI,leg,118,2,304.0,2,1,3,304.0,11.25822016927931,1
patchcore,GEI_CGI_FDEI,leg,118,3,433.0,2,1,3,433.0,12.661993397606745,0
patchcore,GEI_CGI_FDEI,leg,118,4,768.0,1,0,3,768.0,11.839083576202391,0
patchcore,GEI,full,1,1,582.0,2,1,2,582.0,5.460918715125636,2
patchcore,GEI,full,1,2,403.0,2,1,2,403.0,5.475762134645043,4
patchcore,GEI,full,2,1,578.0,1,0,2,578.0,5.473522687569643,3
patchcore,GEI,full,2,2,603.0,1,0,2,603.0,5.479445099830627,3
patchcore,GEI,full,3,1,431.0,1,0,2,431.0,5.644135939108359,1
patchcore,GEI,full,3,2,555.0,2,1,2,555.0,5.275141561353529,0
patchcore,GEI,full,3,3,766.0,2,1,2,766.0,5.471832663924606,3
patchcore,GEI,full,4,1,550.0,1,0,2,550.0,5.234387642297989,0
patchcore,GEI,full,4,2,419.0,1,0,2,419.0,5.323096654353997,1
patchcore,GEI,full,6,1,416.0,1,0,1,416.0,4.943140489714486,0
patchcore,GEI,full,7,1,568.0,1,0,3,568.0,5.761855825464776,3
patchcore,GEI,full,7,2,,1,0,3,unknown,5.901936716503567,1
patchcore,GEI,full,7,3,411.0,2,1,3,411.0,5.788126535193864,3
patchcore,GEI,full,8,1,319.0,1,0,3,319.0,5.628288775682449,1
patchcore,GEI,full,8,2,325.0,1,0,3,325.0,5.835218834154533,4
patchcore,GEI,full,8,3,344.0,2,1,3,344.0,5.390594705939293,0
patchcore,GEI,full,8,4,322.0,2,1,3,322.0,5.571914743494104,0
patchcore,GEI,full,9,1,891.0,1,0,1,891.0,5.584344539642334,4
patchcore,GEI,full,10,1,566.0,1,0,2,566.0,5.194216615275333,4
patchcore,GEI,full,10,2,743.0,2,1,2,743.0,5.376096992957883,3
patchcore,GEI,full,10,3,2928.0,1,0,2,2928.0,5.519607753288455,2
patchcore,GEI,full,11,1,755.0,1,0,3,755.0,5.722788256268169,4
patchcore,GEI,full,11,2,884.0,2,1,3,884.0,5.50230318849737,4
patchcore,GEI,full,11,3,739.0,2,1,3,739.0,5.833587288856506,4
patchcore,GEI,full,11,4,554.0,2,1,3,554.0,5.812181990197364,1
patchcore,GEI,full,11,5,313.0,1,0,3,313.0,5.2638434886932375,0
patchcore,GEI,full,11,6,890.0,1,0,3,890.0,6.088714586721884,0
patchcore,GEI,full,11,7,328.0,2,1,3,328.0,6.082220392024263,4
patchcore,GEI,full,11,8,373.0,1,0,3,373.0,5.539736111958821,3
patchcore,GEI,full,12,1,879.0,1,0,2,879.0,6.19186638019703,2
patchcore,GEI,full,12,2,826.0,2,1,2,826.0,5.856358389059703,1
patchcore,GEI,full,13,1,884.0,3,1,1,884.0,5.310886554228953,4
patchcore,GEI,full,14,1,1450.0,2,1,3,1450.0,5.548795954386393,0
patchcore,GEI,full,14,2,865.0,2,1,3,865.0,5.509861649407281,1
patchcore,GEI,full,14,3,339.0,2,1,3,339.0,6.001374223497179,1
patchcore,GEI,full,14,4,301.0,1,0,3,301.0,6.052908160469749,4
patchcore,GEI,full,14,5,328.0,2,1,3,328.0,5.943540126719373,4
patchcore,GEI,full,14,6,817.0,1,0,3,817.0,5.9133840188747495,2
patchcore,GEI,full,15,1,775.0,2,1,1,775.0,5.942639614406385,4
patchcore,GEI,full,16,1,319.0,1,0,1,319.0,5.732123034340995,1
patchcore,GEI,full,17,1,825.0,2,1,1,825.0,5.330521408716837,2
patchcore,GEI,full,18,1,313.0,1,0,3,313.0,5.704457221887051,0
patchcore,GEI,full,18,2,818.0,2,1,3,818.0,5.900095214014468,4
patchcore,GEI,full,18,3,894.0,2,1,3,894.0,5.480073220021016,3
patchcore,GEI,full,18,4,345.0,1,0,3,345.0,6.016556790896824,4
patchcore,GEI,full,19,1,369.0,2,1,1,369.0,5.731987626211984,1
patchcore,GEI,full,20,1,769.0,2,1,2,769.0,5.591368959063575,2
patchcore,GEI,full,20,2,997.0,1,0,2,997.0,5.775298037180087,1
patchcore,GEI,full,21,1,408.0,1,0,3,408.0,5.629805564880371,1
patchcore,GEI,full,21,2,785.0,2,1,3,785.0,5.723358497023583,2
patchcore,GEI,full,21,3,2892.0,1,0,3,2892.0,5.757925187387774,4
patchcore,GEI,full,22,1,331.0,1,0,3,331.0,5.418055497683012,4
patchcore,GEI,full,22,2,743.0,2,1,3,743.0,5.82757491331834,3
patchcore,GEI,full,22,3,437.0,1,0,3,437.0,5.6393765405166985,1
patchcore,GEI,full,22,4,6003.0,1,0,3,6003.0,5.448103882017589,0
patchcore,GEI,full,22,5,350.0,2,1,3,350.0,5.237722857245084,1
patchcore,GEI,full,22,6,858.0,2,1,3,858.0,5.584389293895049,0
patchcore,GEI,full,23,1,568.0,1,0,2,568.0,5.387953770160675,3
patchcore,GEI,full,23,2,302.0,1,0,2,302.0,5.703514536221822,3
patchcore,GEI,full,24,1,566.0,1,0,1,566.0,5.686794108814663,4
patchcore,GEI,full,27,1,405.0,2,1,3,405.0,5.467233254359319,3
patchcore,GEI,full,27,2,317.0,2,1,3,317.0,5.103726148605347,3
patchcore,GEI,full,27,3,8006.0,1,0,3,8006.0,5.53609072078358,2
patchcore,GEI,full,27,4,2941.0,2,1,3,2941.0,5.482325525844798,0
patchcore,GEI,full,27,5,774.0,2,1,3,774.0,5.347394243876139,0
patchcore,GEI,full,27,6,327.0,2,1,3,327.0,5.087586144038609,0
patchcore,GEI,full,27,7,584.0,2,1,3,584.0,5.461189699172974,1
patchcore,GEI,full,27,8,550.0,1,0,3,550.0,5.369972594579061,0
patchcore,GEI,full,27,9,779.0,1,0,3,779.0,5.293166509041419,4
patchcore,GEI,full,28,1,313.0,1,0,3,313.0,5.421361764272054,0
patchcore,GEI,full,28,2,826.0,2,1,3,826.0,5.500025936535427,1
patchcore,GEI,full,28,3,817.0,1,0,3,817.0,6.308816058295114,2
patchcore,GEI,full,29,1,2952.0,2,1,3,2952.0,5.70685965485043,2
patchcore,GEI,full,29,2,781.0,2,1,3,781.0,5.672743265969412,3
patchcore,GEI,full,29,3,369.0,1,0,3,369.0,5.879812664455837,1
patchcore,GEI,full,34,1,858.0,2,1,2,858.0,5.758695284525554,0
patchcore,GEI,full,34,2,2932.0,2,1,2,2932.0,5.33480796061064,1
patchcore,GEI,full,35,1,586.0,1,0,3,586.0,5.367263351998678,0
patchcore,GEI,full,35,2,317.0,2,1,3,317.0,5.548413689931234,3
patchcore,GEI,full,35,3,405.0,1,0,3,405.0,5.863218632611361,3
patchcore,GEI,full,35,4,2892.0,1,0,3,2892.0,5.711174210836721,4
patchcore,GEI,full,35,5,351.0,1,0,3,351.0,5.580029439926148,3
patchcore,GEI,full,36,1,582.0,2,1,1,582.0,5.15282759173163,2
patchcore,GEI,full,37,1,739.0,1,0,1,739.0,5.523100243674384,4
patchcore,GEI,full,39,1,882.0,2,1,2,882.0,5.849941660376156,1
patchcore,GEI,full,39,2,794.0,2,1,2,794.0,5.769751697778702,0
patchcore,GEI,full,40,1,876.0,2,1,3,876.0,5.80746739251273,3
patchcore,GEI,full,40,2,331.0,1,0,3,331.0,5.581999988555908,4
patchcore,GEI,full,40,3,805.0,2,1,3,805.0,5.837697823842366,0
patchcore,GEI,full,40,4,786.0,2,1,3,786.0,5.843347823619842,1
patchcore,GEI,full,40,5,402.0,1,0,3,402.0,5.803539419174195,3
patchcore,GEI,full,40,6,742.0,1,0,3,742.0,5.8952811140763135,0
patchcore,GEI,full,41,1,401.0,2,1,3,401.0,5.953271637792173,4
patchcore,GEI,full,41,2,367.0,1,0,3,367.0,5.45879400019743,1
patchcore,GEI,full,42,1,889.0,2,1,1,889.0,5.8029670516649885,2
patchcore,GEI,full,50,1,458.0,2,1,1,458.0,5.002704487906562,4
patchcore,GEI,full,51,1,455.0,1,0,2,455.0,5.340887976855766,3
patchcore,GEI,full,51,2,387.0,1,0,2,387.0,5.556017411382575,0
patchcore,GEI,full,52,1,377.0,2,1,1,377.0,5.365517101789775,2
patchcore,GEI,full,53,1,450.0,1,0,2,450.0,5.640391416019863,0
patchcore,GEI,full,54,1,462.0,1,0,3,462.0,5.527747222355434,1
patchcore,GEI,full,54,2,431.0,2,1,3,431.0,5.254691560217675,1
patchcore,GEI,full,54,3,327.0,2,1,3,327.0,5.469735717773437,0
patchcore,GEI,full,55,1,443.0,3,1,1,443.0,5.093506092248961,4
patchcore,GEI,full,56,1,459.0,1,0,1,459.0,5.345455297609655,2
patchcore,GEI,full,57,1,736.0,2,1,1,736.0,5.502079041798909,1
patchcore,GEI,full,58,1,611.0,1,0,2,611.0,5.433771053949992,4
patchcore,GEI,full,58,2,579.0,1,0,2,579.0,5.203274601981754,2
patchcore,GEI,full,59,1,6013.0,1,0,3,6013.0,5.264982753329807,0
patchcore,GEI,full,59,2,763.0,2,1,3,763.0,6.326938271522522,1
patchcore,GEI,full,59,3,820.0,1,0,3,820.0,5.494037401676178,3
patchcore,GEI,full,59,4,8001.0,1,0,3,8001.0,5.758523204109886,4
patchcore,GEI,full,59,5,434.0,2,1,3,434.0,5.132529833100059,1
patchcore,GEI,full,60,1,586.0,1,0,3,586.0,5.121327111595555,0
patchcore,GEI,full,60,2,413.0,2,1,3,413.0,5.403902244567871,2
patchcore,GEI,full,60,3,333.0,2,1,3,333.0,5.4622937747410365,3
patchcore,GEI,full,60,4,886.0,2,1,3,886.0,5.251596373480719,3
patchcore,GEI,full,60,5,407.0,2,1,3,407.0,5.708293462410952,4
patchcore,GEI,full,60,6,380.0,1,0,3,380.0,5.321279275984991,0
patchcore,GEI,full,60,7,583.0,2,1,3,583.0,5.499786364726531,1
patchcore,GEI,full,61,1,575.0,1,0,1,575.0,5.423487198352814,4
patchcore,GEI,full,62,1,419.0,1,0,3,419.0,5.43064479266896,1
patchcore,GEI,full,62,2,441.0,1,0,3,441.0,5.45586782182966,0
patchcore,GEI,full,62,3,732.0,2,1,3,732.0,5.174832463264465,2
patchcore,GEI,full,63,1,867.0,2,1,3,867.0,5.214473020462763,0
patchcore,GEI,full,63,2,6012.0,1,0,3,6012.0,5.170232057571411,3
patchcore,GEI,full,63,3,823.0,2,1,3,823.0,5.423652963204817,3
patchcore,GEI,full,63,4,318.0,1,0,3,318.0,5.2969536226849225,2
patchcore,GEI,full,63,5,2880.0,2,1,3,2880.0,5.210936809840955,0
patchcore,GEI,full,65,1,2925.0,1,0,2,2925.0,5.5829055526039815,3
patchcore,GEI,full,65,2,311.0,2,1,2,311.0,4.942234739661217,4
patchcore,GEI,full,66,1,772.0,3,1,3,772.0,5.674414346615474,1
patchcore,GEI,full,66,2,411.0,1,0,3,411.0,5.257387672151838,3
patchcore,GEI,full,66,3,306.0,2,1,3,306.0,5.443099812457436,2
patchcore,GEI,full,66,4,330.0,2,1,3,330.0,5.58081029011653,3
patchcore,GEI,full,67,1,403.0,1,0,2,403.0,5.188569332423963,4
patchcore,GEI,full,67,2,409.0,1,0,2,409.0,5.310261465254284,2
patchcore,GEI,full,67,3,8007.0,2,1,2,8007.0,5.326353305094951,3
patchcore,GEI,full,67,4,8003.0,2,1,2,8003.0,5.042231055668422,3
patchcore,GEI,full,69,1,304.0,2,1,3,304.0,5.692618293762207,1
patchcore,GEI,full,69,2,422.0,2,1,3,422.0,5.271570775243971,4
patchcore,GEI,full,70,1,768.0,2,1,1,768.0,5.523427704970042,0
patchcore,GEI,full,71,1,1500.0,1,0,3,1500.0,5.32382355928421,1
patchcore,GEI,full,71,2,305.0,2,1,3,305.0,5.426029009696765,0
patchcore,GEI,full,71,3,418.0,2,1,3,418.0,5.435115500194271,0
patchcore,GEI,full,71,4,744.0,2,1,3,744.0,5.34811812097376,2
patchcore,GEI,full,71,5,883.0,1,0,3,883.0,5.279503865675493,2
patchcore,GEI,full,71,6,375.0,1,0,3,375.0,5.619506870828023,0
patchcore,GEI,full,71,7,543.0,2,1,3,543.0,5.761088566346602,3
patchcore,GEI,full,72,1,352.0,2,1,1,352.0,5.289746827549404,3
patchcore,GEI,full,73,1,426.0,2,1,2,426.0,5.722718467712403,2
patchcore,GEI,full,73,2,423.0,1,0,2,423.0,5.903619507948558,3
patchcore,GEI,full,73,3,336.0,2,1,2,336.0,5.17243809816314,2
patchcore,GEI,full,73,4,2917.0,2,1,2,2917.0,5.37610962277367,3
patchcore,GEI,full,73,5,417.0,2,1,2,417.0,5.320739573902554,1
patchcore,GEI,full,74,1,433.0,1,0,1,433.0,5.575738973395769,0
patchcore,GEI,full,76,1,372.0,1,0,1,372.0,5.31985665770138,4
patchcore,GEI,full,77,1,549.0,1,0,2,549.0,5.430736206673287,2
patchcore,GEI,full,77,2,365.0,1,0,2,365.0,5.193962182754126,2
patchcore,GEI,full,79,1,472.0,2,1,3,472.0,5.7273494856698175,4
patchcore,GEI,full,79,2,406.0,3,1,3,406.0,5.484142193427453,2
patchcore,GEI,full,79,3,873.0,1,0,3,873.0,5.849917421738307,4
patchcore,GEI,full,80,1,383.0,1,0,3,383.0,5.166617225956273,1
patchcore,GEI,full,80,2,739.0,1,0,3,739.0,5.424227983523638,4
patchcore,GEI,full,80,3,889.0,2,1,3,889.0,5.270498473469804,2
patchcore,GEI,full,80,4,305.0,2,1,3,305.0,5.521259423848745,0
patchcore,GEI,full,82,1,338.0,1,0,3,338.0,5.364777417409988,2
patchcore,GEI,full,82,2,407.0,2,1,3,407.0,5.60736150452585,4
patchcore,GEI,full,82,3,350.0,1,0,3,350.0,5.764000372453169,1
patchcore,GEI,full,82,4,441.0,1,0,3,441.0,5.098384257725307,0
patchcore,GEI,full,82,5,464.0,1,0,3,464.0,5.211838661356175,1
patchcore,GEI,full,82,6,423.0,1,0,3,423.0,5.455453282310849,3
patchcore,GEI,full,84,1,613.0,2,1,1,613.0,5.275863128238254,2
patchcore,GEI,full,85,1,457.0,1,0,3,457.0,5.59801074133979,2
patchcore,GEI,full,85,2,366.0,1,0,3,366.0,5.412498995315197,2
patchcore,GEI,full,85,3,448.0,1,0,3,448.0,5.012432563595656,3
patchcore,GEI,full,85,4,434.0,2,1,3,434.0,5.380213115526282,1
patchcore,GEI,full,85,5,583.0,2,1,3,583.0,5.039610949429599,1
patchcore,GEI,full,85,6,419.0,1,0,3,419.0,5.428927977879842,1
patchcore,GEI,full,86,1,6012.0,2,1,1,6012.0,5.498512463691907,3
patchcore,GEI,full,87,1,763.0,2,1,2,763.0,5.848172136715481,1
patchcore,GEI,full,88,1,820.0,2,1,3,820.0,5.1817178210696655,3
patchcore,GEI,full,88,2,467.0,2,1,3,467.0,5.34700231552124,0
patchcore,GEI,full,88,3,801.0,2,1,3,801.0,5.639415327707926,1
patchcore,GEI,full,88,4,1458.0,1,0,3,1458.0,5.159792889489068,4
patchcore,GEI,full,89,1,411.0,2,1,3,411.0,5.528144922011938,3
patchcore,GEI,full,89,2,426.0,2,1,3,426.0,5.482514547747235,2
patchcore,GEI,full,89,3,886.0,1,0,3,886.0,5.554006450030268,3
patchcore,GEI,full,89,4,775.0,1,0,3,775.0,5.6737440490722655,4
patchcore,GEI,full,90,1,458.0,2,1,3,458.0,5.577559947967529,4
patchcore,GEI,full,90,2,422.0,1,0,3,422.0,5.741358178002494,4
patchcore,GEI,full,90,3,452.0,1,0,3,452.0,5.451675061826353,4
patchcore,GEI,full,90,4,413.0,1,0,3,413.0,5.4447744178771975,2
patchcore,GEI,full,94,1,333.0,2,1,1,333.0,5.458586775023361,3
patchcore,GEI,full,96,1,1500.0,1,0,3,1500.0,5.004537177085877,1
patchcore,GEI,full,96,2,375.0,2,1,3,375.0,5.301661633156441,0
patchcore,GEI,full,96,3,418.0,2,1,3,418.0,5.650842930141248,0
patchcore,GEI,full,96,4,732.0,1,0,3,732.0,5.1136728922526045,2
patchcore,GEI,full,97,1,586.0,3,1,3,586.0,5.665477865392512,0
patchcore,GEI,full,97,2,417.0,1,0,3,417.0,5.825712615368413,1
patchcore,GEI,full,97,3,883.0,3,1,3,883.0,6.17045654853185,2
patchcore,GEI,full,97,4,336.0,1,0,3,336.0,5.855676041709052,2
patchcore,GEI,full,98,1,407.0,2,1,2,407.0,5.880531640486284,4
patchcore,GEI,full,98,2,441.0,1,0,2,441.0,5.288655924242597,0
patchcore,GEI,full,99,1,464.0,1,0,3,464.0,5.285655522957827,1
patchcore,GEI,full,99,2,366.0,1,0,3,366.0,5.396870406898293,2
patchcore,GEI,full,99,3,418.0,2,1,3,418.0,5.557333409786224,0
patchcore,GEI,full,99,4,434.0,2,1,3,434.0,5.278605135475717,1
patchcore,GEI,full,100,1,6012.0,2,1,2,6012.0,5.146862693454908,3
patchcore,GEI,full,100,2,6013.0,2,1,2,6013.0,5.307812841927133,0
patchcore,GEI,full,102,1,426.0,2,1,2,426.0,5.554099789981184,2
patchcore,GEI,full,102,2,425.0,1,0,2,425.0,5.389046782539005,2
patchcore,GEI,full,104,1,458.0,2,1,3,458.0,5.296150514814589,4
patchcore,GEI,full,104,2,422.0,2,1,3,422.0,5.1551027963327805,4
patchcore,GEI,full,104,3,611.0,1,0,3,611.0,5.075441433833196,4
patchcore,GEI,full,104,4,8007.0,1,0,3,8007.0,4.992548842179148,3
patchcore,GEI,full,105,1,328.0,1,0,2,328.0,5.479945885507684,4
patchcore,GEI,full,105,2,380.0,2,1,2,380.0,5.013464940560831,0
patchcore,GEI,full,106,1,1500.0,2,1,3,1500.0,5.053557650987492,1
patchcore,GEI,full,106,2,420.0,1,0,3,420.0,5.555298421441055,4
patchcore,GEI,full,106,3,895.0,1,0,3,895.0,5.693927795990653,2
patchcore,GEI,full,106,4,744.0,1,0,3,744.0,5.379326105117798,2
patchcore,GEI,full,107,1,6010.0,1,0,2,6010.0,5.739413596689701,4
patchcore,GEI,full,107,2,459.0,1,0,2,459.0,5.77229308300331,2
patchcore,GEI,full,108,1,311.0,2,1,3,311.0,4.932646204785603,4
patchcore,GEI,full,108,2,448.0,1,0,3,448.0,5.392146239409575,3
patchcore,GEI,full,108,3,350.0,2,1,3,350.0,5.666316533088684,1
patchcore,GEI,full,108,4,2880.0,2,1,3,2880.0,5.471351909637451,0
patchcore,GEI,full,108,5,318.0,1,0,3,318.0,5.429401504993439,2
patchcore,GEI,full,109,1,2917.0,2,1,2,2917.0,5.198207750553038,3
patchcore,GEI,full,109,2,307.0,2,1,2,307.0,5.414115049622276,1
patchcore,GEI,full,109,3,413.0,1,0,2,413.0,5.157473772000044,2
patchcore,GEI,full,110,1,1446.0,1,0,1,1446.0,5.014454757466035,1
patchcore,GEI,full,111,1,443.0,2,1,2,443.0,5.312875239745431,4
patchcore,GEI,full,111,2,421.0,2,1,2,421.0,5.253932966126336,3
patchcore,GEI,full,112,1,409.0,2,1,1,409.0,5.462866747820819,2
patchcore,GEI,full,113,1,333.0,2,1,3,333.0,5.49288809299469,3
patchcore,GEI,full,113,2,375.0,1,0,3,375.0,5.126189992234513,0
patchcore,GEI,full,113,3,370.0,2,1,3,370.0,5.263303706520482,0
patchcore,GEI,full,113,4,820.0,2,1,3,820.0,5.166762088474474,3
patchcore,GEI,full,113,5,883.0,1,0,3,883.0,5.21044998902541,2
patchcore,GEI,full,114,1,586.0,1,0,1,586.0,5.5510230759779615,0
patchcore,GEI,full,115,1,336.0,2,1,2,336.0,5.113132454100109,2
patchcore,GEI,full,115,2,732.0,2,1,2,732.0,5.397689073513716,2
patchcore,GEI,full,116,1,423.0,2,1,3,423.0,5.43409727601444,3
patchcore,GEI,full,116,2,419.0,1,0,3,419.0,5.3353905132838655,1
patchcore,GEI,full,117,1,2952.0,2,1,2,2952.0,5.133896277501033,2
patchcore,GEI,full,117,2,417.0,2,1,2,417.0,5.096563369035721,1
patchcore,GEI,full,118,1,352.0,1,0,3,352.0,5.367070780860053,3
patchcore,GEI,full,118,2,304.0,2,1,3,304.0,5.284444530804952,1
patchcore,GEI,full,118,3,433.0,2,1,3,433.0,5.244648761219448,0
patchcore,GEI,full,118,4,768.0,1,0,3,768.0,5.16079519589742,0
patchcore,GEI,leg,1,1,582.0,2,1,2,582.0,5.515065657465081,2
patchcore,GEI,leg,1,2,403.0,2,1,2,403.0,6.339847029709235,4
patchcore,GEI,leg,2,1,578.0,1,0,2,578.0,5.593686201633552,3
patchcore,GEI,leg,2,2,603.0,1,0,2,603.0,5.526339433409951,3
patchcore,GEI,leg,3,1,431.0,1,0,2,431.0,5.854223637967496,1
patchcore,GEI,leg,3,2,555.0,2,1,2,555.0,6.178419512671393,0
patchcore,GEI,leg,3,3,766.0,2,1,2,766.0,5.194589491243716,3
patchcore,GEI,leg,4,1,550.0,1,0,2,550.0,5.164161657675718,0
patchcore,GEI,leg,4,2,419.0,1,0,2,419.0,5.155308234385955,1
patchcore,GEI,leg,6,1,416.0,1,0,1,416.0,5.216960532324655,0
patchcore,GEI,leg,7,1,568.0,1,0,3,568.0,5.473132823375946,3
patchcore,GEI,leg,7,2,,1,0,3,unknown,5.652506492756031,1
patchcore,GEI,leg,7,3,411.0,2,1,3,411.0,5.627136108487151,3
patchcore,GEI,leg,8,1,319.0,1,0,3,319.0,5.397758096456528,1
patchcore,GEI,leg,8,2,325.0,1,0,3,325.0,5.650274594624837,4
patchcore,GEI,leg,8,3,344.0,2,1,3,344.0,5.545947998762131,0
patchcore,GEI,leg,8,4,322.0,2,1,3,322.0,5.854096236052336,0
patchcore,GEI,leg,9,1,891.0,1,0,1,891.0,5.36757625579834,4
patchcore,GEI,leg,10,1,566.0,1,0,2,566.0,5.0359595574830704,4
patchcore,GEI,leg,10,2,743.0,2,1,2,743.0,5.513804063564393,3
patchcore,GEI,leg,10,3,2928.0,1,0,2,2928.0,5.305839550204393,2
patchcore,GEI,leg,11,1,755.0,1,0,3,755.0,5.812553793884987,4
patchcore,GEI,leg,11,2,884.0,2,1,3,884.0,6.034763823856007,4
patchcore,GEI,leg,11,3,739.0,2,1,3,739.0,5.932563602924347,4
patchcore,GEI,leg,11,4,554.0,2,1,3,554.0,5.9226771415548125,1
patchcore,GEI,leg,11,5,313.0,1,0,3,313.0,5.281811466217041,0
patchcore,GEI,leg,11,6,890.0,1,0,3,890.0,5.65163821143073,0
patchcore,GEI,leg,11,7,328.0,2,1,3,328.0,5.827350971546579,4
patchcore,GEI,leg,11,8,373.0,1,0,3,373.0,5.916965166727702,3
patchcore,GEI,leg,12,1,879.0,1,0,2,879.0,5.961251771008527,2
patchcore,GEI,leg,12,2,826.0,2,1,2,826.0,5.8304871916770935,1
patchcore,GEI,leg,13,1,884.0,3,1,1,884.0,6.037047814100217,4
patchcore,GEI,leg,14,1,1450.0,2,1,3,1450.0,5.667811250686645,0
patchcore,GEI,leg,14,2,865.0,2,1,3,865.0,5.669846026102702,1
patchcore,GEI,leg,14,3,339.0,2,1,3,339.0,6.295656702253553,1
patchcore,GEI,leg,14,4,301.0,1,0,3,301.0,5.895088054917076,4
patchcore,GEI,leg,14,5,328.0,2,1,3,328.0,5.885371025572431,4
patchcore,GEI,leg,14,6,817.0,1,0,3,817.0,5.851806454542206,2
patchcore,GEI,leg,15,1,775.0,2,1,1,775.0,5.782338217685097,4
patchcore,GEI,leg,16,1,319.0,1,0,1,319.0,5.2103990486689975,1
patchcore,GEI,leg,17,1,825.0,2,1,1,825.0,5.378484662373861,2
patchcore,GEI,leg,18,1,313.0,1,0,3,313.0,5.518909393212734,0
patchcore,GEI,leg,18,2,818.0,2,1,3,818.0,5.448073863983154,4
patchcore,GEI,leg,18,3,894.0,2,1,3,894.0,5.517638902406435,3
patchcore,GEI,leg,18,4,345.0,1,0,3,345.0,5.821795310292925,4
patchcore,GEI,leg,19,1,369.0,2,1,1,369.0,5.769181142534529,1
patchcore,GEI,leg,20,1,769.0,2,1,2,769.0,6.340276309422085,2
patchcore,GEI,leg,20,2,997.0,1,0,2,997.0,5.503532491079191,1
patchcore,GEI,leg,21,1,408.0,1,0,3,408.0,5.806722265301329,1
patchcore,GEI,leg,21,2,785.0,2,1,3,785.0,5.910344988107681,2
patchcore,GEI,leg,21,3,2892.0,1,0,3,2892.0,5.422327887627386,4
patchcore,GEI,leg,22,1,331.0,1,0,3,331.0,5.293109319148919,4
patchcore,GEI,leg,22,2,743.0,2,1,3,743.0,5.3253308442922735,3
patchcore,GEI,leg,22,3,437.0,1,0,3,437.0,5.336056820181913,1
patchcore,GEI,leg,22,4,6003.0,1,0,3,6003.0,5.45857082094465,0
patchcore,GEI,leg,22,5,350.0,2,1,3,350.0,5.223797896812702,1
patchcore,GEI,leg,22,6,858.0,2,1,3,858.0,5.317889648325303,0
patchcore,GEI,leg,23,1,568.0,1,0,2,568.0,5.415676808357238,3
patchcore,GEI,leg,23,2,302.0,1,0,2,302.0,5.876327143775092,3
patchcore,GEI,leg,24,1,566.0,1,0,1,566.0,5.228725605540806,4
patchcore,GEI,leg,27,1,405.0,2,1,3,405.0,5.682332381224021,3
patchcore,GEI,leg,27,2,317.0,2,1,3,317.0,5.092823335102627,3
patchcore,GEI,leg,27,3,8006.0,1,0,3,8006.0,5.242673295916933,2
patchcore,GEI,leg,27,4,2941.0,2,1,3,2941.0,5.362909288967357,0
patchcore,GEI,leg,27,5,774.0,2,1,3,774.0,5.251216204961141,0
patchcore,GEI,leg,27,6,327.0,2,1,3,327.0,5.31330464226859,0
patchcore,GEI,leg,27,7,584.0,2,1,3,584.0,5.541856161753336,1
patchcore,GEI,leg,27,8,550.0,1,0,3,550.0,5.292445230484009,0
patchcore,GEI,leg,27,9,779.0,1,0,3,779.0,5.457659482955933,4
patchcore,GEI,leg,28,1,313.0,1,0,3,313.0,5.276253843307496,0
patchcore,GEI,leg,28,2,826.0,2,1,3,826.0,5.660632133483887,1
patchcore,GEI,leg,28,3,817.0,1,0,3,817.0,5.784367748669216,2
patchcore,GEI,leg,29,1,2952.0,2,1,3,2952.0,5.23817961745792,2
patchcore,GEI,leg,29,2,781.0,2,1,3,781.0,5.911561557224819,3
patchcore,GEI,leg,29,3,369.0,1,0,3,369.0,5.473293317688836,1
patchcore,GEI,leg,34,1,858.0,2,1,2,858.0,5.804842286639744,0
patchcore,GEI,leg,34,2,2932.0,2,1,2,2932.0,5.4359679598557324,1
patchcore,GEI,leg,35,1,586.0,1,0,3,586.0,5.262206682344762,0
patchcore,GEI,leg,35,2,317.0,2,1,3,317.0,5.286005889044867,3
patchcore,GEI,leg,35,3,405.0,1,0,3,405.0,5.657170068133961,3
patchcore,GEI,leg,35,4,2892.0,1,0,3,2892.0,5.385010830191678,4
patchcore,GEI,leg,35,5,351.0,1,0,3,351.0,5.414233016967773,3
patchcore,GEI,leg,36,1,582.0,2,1,1,582.0,5.618568650607405,2
patchcore,GEI,leg,37,1,739.0,1,0,1,739.0,5.48832102616628,4
patchcore,GEI,leg,39,1,882.0,2,1,2,882.0,5.407070258084466,1
patchcore,GEI,leg,39,2,794.0,2,1,2,794.0,5.293093919754028,0
patchcore,GEI,leg,40,1,876.0,2,1,3,876.0,5.349904955649863,3
patchcore,GEI,leg,40,2,331.0,1,0,3,331.0,5.6190117073059085,4
patchcore,GEI,leg,40,3,805.0,2,1,3,805.0,5.642166039882562,0
patchcore,GEI,leg,40,4,786.0,2,1,3,786.0,5.650821650028229,1
patchcore,GEI,leg,40,5,402.0,1,0,3,402.0,5.697389256954193,3
patchcore,GEI,leg,40,6,742.0,1,0,3,742.0,5.349351857837878,0
patchcore,GEI,leg,41,1,401.0,2,1,3,401.0,5.454431357591049,4
patchcore,GEI,leg,41,2,367.0,1,0,3,367.0,5.267813526854223,1
patchcore,GEI,leg,42,1,889.0,2,1,1,889.0,5.634693463643392,2
patchcore,GEI,leg,50,1,458.0,2,1,1,458.0,5.497399197684394,4
patchcore,GEI,leg,51,1,455.0,1,0,2,455.0,5.370649558741872,3
patchcore,GEI,leg,51,2,387.0,1,0,2,387.0,5.314534839830901,0
patchcore,GEI,leg,52,1,377.0,2,1,1,377.0,5.266287452296207,2
patchcore,GEI,leg,53,1,450.0,1,0,2,450.0,5.565394322077434,0
patchcore,GEI,leg,54,1,462.0,1,0,3,462.0,5.544935158320835,1
patchcore,GEI,leg,54,2,431.0,2,1,3,431.0,5.327177727476079,1
patchcore,GEI,leg,54,3,327.0,2,1,3,327.0,5.562770832909478,0
patchcore,GEI,leg,55,1,443.0,3,1,1,443.0,5.261302582053251,4
patchcore,GEI,leg,56,1,459.0,1,0,1,459.0,5.255974362536175,2
patchcore,GEI,leg,57,1,736.0,2,1,1,736.0,5.45637616051568,1
patchcore,GEI,leg,58,1,611.0,1,0,2,611.0,5.317258709952945,4
patchcore,GEI,leg,58,2,579.0,1,0,2,579.0,5.389761357080369,2
patchcore,GEI,leg,59,1,6013.0,1,0,3,6013.0,5.422715526156956,0
patchcore,GEI,leg,59,2,763.0,2,1,3,763.0,5.890000360352652,1
patchcore,GEI,leg,59,3,820.0,1,0,3,820.0,4.994746017456055,3
patchcore,GEI,leg,59,4,8001.0,1,0,3,8001.0,5.501013506542552,4
patchcore,GEI,leg,59,5,434.0,2,1,3,434.0,5.222996581684459,1
patchcore,GEI,leg,60,1,586.0,1,0,3,586.0,5.110923867476614,0
patchcore,GEI,leg,60,2,413.0,2,1,3,413.0,5.552303946018219,2
patchcore,GEI,leg,60,3,333.0,2,1,3,333.0,5.557577909742083,3
patchcore,GEI,leg,60,4,886.0,2,1,3,886.0,5.665858294512774,3
patchcore,GEI,leg,60,5,407.0,2,1,3,407.0,5.531436088757637,4
patchcore,GEI,leg,60,6,380.0,1,0,3,380.0,6.031608513423374,0
patchcore,GEI,leg,60,7,583.0,2,1,3,583.0,5.884502692100329,1
patchcore,GEI,leg,61,1,575.0,1,0,1,575.0,5.106750464439392,4
patchcore,GEI,leg,62,1,419.0,1,0,3,419.0,5.169724520514993,1
patchcore,GEI,leg,62,2,441.0,1,0,3,441.0,5.482177993229457,0
patchcore,GEI,leg,62,3,732.0,2,1,3,732.0,5.280990097257826,2
patchcore,GEI,leg,63,1,867.0,2,1,3,867.0,5.892073040916806,0
patchcore,GEI,leg,63,2,6012.0,1,0,3,6012.0,5.311121327536447,3
patchcore,GEI,leg,63,3,823.0,2,1,3,823.0,5.366610071875832,3
patchcore,GEI,leg,63,4,318.0,1,0,3,318.0,5.241113119347151,2
patchcore,GEI,leg,63,5,2880.0,2,1,3,2880.0,5.090929056468763,0
patchcore,GEI,leg,65,1,2925.0,1,0,2,2925.0,5.6726084622469815,3
patchcore,GEI,leg,65,2,311.0,2,1,2,311.0,4.94576920568943,4
patchcore,GEI,leg,66,1,772.0,3,1,3,772.0,6.1380574107170105,1
patchcore,GEI,leg,66,2,411.0,1,0,3,411.0,5.674873556409564,3
patchcore,GEI,leg,66,3,306.0,2,1,3,306.0,6.041623077894512,2
patchcore,GEI,leg,66,4,330.0,2,1,3,330.0,5.211083534436348,3
patchcore,GEI,leg,67,1,403.0,1,0,2,403.0,5.132933189994411,4
patchcore,GEI,leg,67,2,409.0,1,0,2,409.0,6.589471839723133,2
patchcore,GEI,leg,67,3,8007.0,2,1,2,8007.0,5.522838102804648,3
patchcore,GEI,leg,67,4,8003.0,2,1,2,8003.0,5.273793506622314,3
patchcore,GEI,leg,69,1,304.0,2,1,3,304.0,5.60504207611084,1
patchcore,GEI,leg,69,2,422.0,2,1,3,422.0,5.796719193458557,4
patchcore,GEI,leg,70,1,768.0,2,1,1,768.0,5.65723701318105,0
patchcore,GEI,leg,71,1,1500.0,1,0,3,1500.0,5.125234282016754,1
patchcore,GEI,leg,71,2,305.0,2,1,3,305.0,5.337182937524258,0
patchcore,GEI,leg,71,3,418.0,2,1,3,418.0,5.847684406652683,0
patchcore,GEI,leg,71,4,744.0,2,1,3,744.0,5.396348162130876,2
patchcore,GEI,leg,71,5,883.0,1,0,3,883.0,5.63776019486514,2
patchcore,GEI,leg,71,6,375.0,1,0,3,375.0,5.117569004617086,0
patchcore,GEI,leg,71,7,543.0,2,1,3,543.0,5.867461063645103,3
patchcore,GEI,leg,72,1,352.0,2,1,1,352.0,5.131213598781162,3
patchcore,GEI,leg,73,1,426.0,2,1,2,426.0,5.704027690887451,2
patchcore,GEI,leg,73,2,423.0,1,0,2,423.0,5.504668811957042,3
patchcore,GEI,leg,73,3,336.0,2,1,2,336.0,5.362823905014411,2
patchcore,GEI,leg,73,4,2917.0,2,1,2,2917.0,5.196545124053955,3
patchcore,GEI,leg,73,5,417.0,2,1,2,417.0,5.483291506767273,1
patchcore,GEI,leg,74,1,433.0,1,0,1,433.0,5.557113159534543,0
patchcore,GEI,leg,76,1,372.0,1,0,1,372.0,5.340886747135835,4
patchcore,GEI,leg,77,1,549.0,1,0,2,549.0,5.883677791904759,2
patchcore,GEI,leg,77,2,365.0,1,0,2,365.0,5.124873784872202,2
patchcore,GEI,leg,79,1,472.0,2,1,3,472.0,6.031405778158279,4
patchcore,GEI,leg,79,2,406.0,3,1,3,406.0,5.751628041267395,2
patchcore,GEI,leg,79,3,873.0,1,0,3,873.0,6.113030135631561,4
patchcore,GEI,leg,80,1,383.0,1,0,3,383.0,5.35470792409536,1
patchcore,GEI,leg,80,2,739.0,1,0,3,739.0,5.602202574412028,4
patchcore,GEI,leg,80,3,889.0,2,1,3,889.0,5.451077961340183,2
patchcore,GEI,leg,80,4,305.0,2,1,3,305.0,5.974598910357501,0
patchcore,GEI,leg,82,1,338.0,1,0,3,338.0,5.230781498409453,2
patchcore,GEI,leg,82,2,407.0,2,1,3,407.0,5.790798259503914,4
patchcore,GEI,leg,82,3,350.0,1,0,3,350.0,5.126008077101274,1
patchcore,GEI,leg,82,4,441.0,1,0,3,441.0,5.489838109697614,0
patchcore,GEI,leg,82,5,464.0,1,0,3,464.0,4.8974800617136856,1
patchcore,GEI,leg,82,6,423.0,1,0,3,423.0,5.161436205818539,3
patchcore,GEI,leg,84,1,613.0,2,1,1,613.0,5.6730698903401695,2
patchcore,GEI,leg,85,1,457.0,1,0,3,457.0,5.493949773576524,2
patchcore,GEI,leg,85,2,366.0,1,0,3,366.0,5.191506962443507,2
patchcore,GEI,leg,85,3,448.0,1,0,3,448.0,4.976469795878341,3
patchcore,GEI,leg,85,4,434.0,2,1,3,434.0,5.516348185746566,1
patchcore,GEI,leg,85,5,583.0,2,1,3,583.0,4.983173749663613,1
patchcore,GEI,leg,85,6,419.0,1,0,3,419.0,5.62959429195949,1
patchcore,GEI,leg,86,1,6012.0,2,1,1,6012.0,5.451384299840683,3
patchcore,GEI,leg,87,1,763.0,2,1,2,763.0,6.272545984813145,1
patchcore,GEI,leg,88,1,820.0,2,1,3,820.0,4.98593282699585,3
patchcore,GEI,leg,88,2,467.0,2,1,3,467.0,5.571252775192261,0
patchcore,GEI,leg,88,3,801.0,2,1,3,801.0,5.721293258666992,1
patchcore,GEI,leg,88,4,1458.0,1,0,3,1458.0,5.195840740203858,4
patchcore,GEI,leg,89,1,411.0,2,1,3,411.0,6.055082785777556,3
patchcore,GEI,leg,89,2,426.0,2,1,3,426.0,5.724324636681136,2
patchcore,GEI,leg,89,3,886.0,1,0,3,886.0,5.356282273117377,3
patchcore,GEI,leg,89,4,775.0,1,0,3,775.0,5.410821018218994,4
patchcore,GEI,leg,90,1,458.0,2,1,3,458.0,5.871755470663814,4
patchcore,GEI,leg,90,2,422.0,1,0,3,422.0,5.950964740344456,4
patchcore,GEI,leg,90,3,452.0,1,0,3,452.0,5.607157354001646,4
patchcore,GEI,leg,90,4,413.0,1,0,3,413.0,5.388659782409668,2
patchcore,GEI,leg,94,1,333.0,2,1,1,333.0,5.421934999268631,3
patchcore,GEI,leg,96,1,1500.0,1,0,3,1500.0,5.026666355133057,1
patchcore,GEI,leg,96,2,375.0,2,1,3,375.0,5.324241225783889,0
patchcore,GEI,leg,96,3,418.0,2,1,3,418.0,5.690573215484619,0
patchcore,GEI,leg,96,4,732.0,1,0,3,732.0,5.020225705040826,2
patchcore,GEI,leg,97,1,586.0,3,1,3,586.0,5.491973521492698,0
patchcore,GEI,leg,97,2,417.0,1,0,3,417.0,5.300723992142022,1
patchcore,GEI,leg,97,3,883.0,3,1,3,883.0,6.001649210850398,2
patchcore,GEI,leg,97,4,336.0,1,0,3,336.0,5.222892593454431,2
patchcore,GEI,leg,98,1,407.0,2,1,2,407.0,6.520499602231112,4
patchcore,GEI,leg,98,2,441.0,1,0,2,441.0,5.511995038320852,0
patchcore,GEI,leg,99,1,464.0,1,0,3,464.0,5.1800795457302,1
patchcore,GEI,leg,99,2,366.0,1,0,3,366.0,5.228945319716995,2
patchcore,GEI,leg,99,3,418.0,2,1,3,418.0,5.710889768600464,0
patchcore,GEI,leg,99,4,434.0,2,1,3,434.0,5.387162569092541,1
patchcore,GEI,leg,100,1,6012.0,2,1,2,6012.0,4.91489319179369,3
patchcore,GEI,leg,100,2,6013.0,2,1,2,6013.0,6.394901112812321,0
patchcore,GEI,leg,102,1,426.0,2,1,2,426.0,6.157478620266092,2
patchcore,GEI,leg,102,2,425.0,1,0,2,425.0,5.72326211702256,2
patchcore,GEI,leg,104,1,458.0,2,1,3,458.0,5.866704082489013,4
patchcore,GEI,leg,104,2,422.0,2,1,3,422.0,5.158564445584319,4
patchcore,GEI,leg,104,3,611.0,1,0,3,611.0,4.981584390004476,4
patchcore,GEI,leg,104,4,8007.0,1,0,3,8007.0,5.323776358052304,3
patchcore,GEI,leg,105,1,328.0,1,0,2,328.0,5.5156216244948535,4
patchcore,GEI,leg,105,2,380.0,2,1,2,380.0,5.83263297983118,0
patchcore,GEI,leg,106,1,1500.0,2,1,3,1500.0,5.482514292694802,1
patchcore,GEI,leg,106,2,420.0,1,0,3,420.0,6.283395360155804,4
patchcore,GEI,leg,106,3,895.0,1,0,3,895.0,5.49794776543327,2
patchcore,GEI,leg,106,4,744.0,1,0,3,744.0,5.405104130506516,2
patchcore,GEI,leg,107,1,6010.0,1,0,2,6010.0,6.187377661466599,4
patchcore,GEI,leg,107,2,459.0,1,0,2,459.0,6.110967597023386,2
patchcore,GEI,leg,108,1,311.0,2,1,3,311.0,5.168428560582603,4
patchcore,GEI,leg,108,2,448.0,1,0,3,448.0,5.390164749042408,3
patchcore,GEI,leg,108,3,350.0,2,1,3,350.0,5.632532262802124,1
patchcore,GEI,leg,108,4,2880.0,2,1,3,2880.0,5.212569355964661,0
patchcore,GEI,leg,108,5,318.0,1,0,3,318.0,5.437996232509613,2
patchcore,GEI,leg,109,1,2917.0,2,1,2,2917.0,5.544697005574296,3
patchcore,GEI,leg,109,2,307.0,2,1,2,307.0,6.184002139351585,1
patchcore,GEI,leg,109,3,413.0,1,0,2,413.0,5.046946085416353,2
patchcore,GEI,leg,110,1,1446.0,1,0,1,1446.0,5.131981414907119,1
patchcore,GEI,leg,111,1,443.0,2,1,2,443.0,5.23722009036852,4
patchcore,GEI,leg,111,2,421.0,2,1,2,421.0,5.204276349809435,3
patchcore,GEI,leg,112,1,409.0,2,1,1,409.0,5.988959798106441,2
patchcore,GEI,leg,113,1,333.0,2,1,3,333.0,5.442610025405884,3
patchcore,GEI,leg,113,2,375.0,1,0,3,375.0,4.858825902681093,0
patchcore,GEI,leg,113,3,370.0,2,1,3,370.0,5.367989075811286,0
patchcore,GEI,leg,113,4,820.0,2,1,3,820.0,4.844473989386308,3
patchcore,GEI,leg,113,5,883.0,1,0,3,883.0,5.144385912479499,2
patchcore,GEI,leg,114,1,586.0,1,0,1,586.0,5.403734892606735,0
patchcore,GEI,leg,115,1,336.0,2,1,2,336.0,5.236167237872169,2
patchcore,GEI,leg,115,2,732.0,2,1,2,732.0,5.18482204583975,2
patchcore,GEI,leg,116,1,423.0,2,1,3,423.0,5.517687292659984,3
patchcore,GEI,leg,116,2,419.0,1,0,3,419.0,5.405420970916748,1
patchcore,GEI,leg,117,1,2952.0,2,1,2,2952.0,5.023498266171186,2
patchcore,GEI,leg,117,2,417.0,2,1,2,417.0,5.123532772064209,1
patchcore,GEI,leg,118,1,352.0,1,0,3,352.0,5.110965596304999,3
patchcore,GEI,leg,118,2,304.0,2,1,3,304.0,5.345198763741387,1
patchcore,GEI,leg,118,3,433.0,2,1,3,433.0,5.79711459742652,0
patchcore,GEI,leg,118,4,768.0,1,0,3,768.0,5.585771799087524,0
patchcore,HEI_comb1,leg,1,1,582.0,2,1,2,582.0,5.690889308327122,2
patchcore,HEI_comb1,leg,1,2,403.0,2,1,2,403.0,5.890722542274289,4
patchcore,HEI_comb1,leg,2,1,578.0,1,0,2,578.0,5.8611100514729815,3
patchcore,HEI_comb1,leg,2,2,603.0,1,0,2,603.0,5.697537151249972,3
patchcore,HEI_comb1,leg,3,1,431.0,1,0,2,431.0,5.8818083067198055,1
patchcore,HEI_comb1,leg,3,2,555.0,2,1,2,555.0,5.930718138411239,0
patchcore,HEI_comb1,leg,3,3,766.0,2,1,2,766.0,6.110479019306324,3
patchcore,HEI_comb1,leg,4,1,550.0,1,0,2,550.0,5.525163650512695,0
patchcore,HEI_comb1,leg,4,2,419.0,1,0,2,419.0,5.634316737835224,1
patchcore,HEI_comb1,leg,6,1,416.0,1,0,1,416.0,5.802151271275112,0
patchcore,HEI_comb1,leg,7,1,568.0,1,0,3,568.0,6.036080532885612,3
patchcore,HEI_comb1,leg,7,2,,1,0,3,unknown,6.1061430330629705,1
patchcore,HEI_comb1,leg,7,3,411.0,2,1,3,411.0,5.66885106508122,3
patchcore,HEI_comb1,leg,8,1,319.0,1,0,3,319.0,5.894344657659531,1
patchcore,HEI_comb1,leg,8,2,325.0,1,0,3,325.0,6.22547655394583,4
patchcore,HEI_comb1,leg,8,3,344.0,2,1,3,344.0,6.36729571223259,0
patchcore,HEI_comb1,leg,8,4,322.0,2,1,3,322.0,5.870803727044,0
patchcore,HEI_comb1,leg,9,1,891.0,1,0,1,891.0,6.323780727386475,4
patchcore,HEI_comb1,leg,10,1,566.0,1,0,2,566.0,5.761326513792339,4
patchcore,HEI_comb1,leg,10,2,743.0,2,1,2,743.0,6.029344163289884,3
patchcore,HEI_comb1,leg,10,3,2928.0,1,0,2,2928.0,5.82590574171485,2
patchcore,HEI_comb1,leg,11,1,755.0,1,0,3,755.0,6.00735079964926,4
patchcore,HEI_comb1,leg,11,2,884.0,2,1,3,884.0,6.29441254789179,4
patchcore,HEI_comb1,leg,11,3,739.0,2,1,3,739.0,5.983344626426697,4
patchcore,HEI_comb1,leg,11,4,554.0,2,1,3,554.0,5.873741312229887,1
patchcore,HEI_comb1,leg,11,5,313.0,1,0,3,313.0,5.677553329467774,0
patchcore,HEI_comb1,leg,11,6,890.0,1,0,3,890.0,6.453639185106432,0
patchcore,HEI_comb1,leg,11,7,328.0,2,1,3,328.0,6.837165233936716,4
patchcore,HEI_comb1,leg,11,8,373.0,1,0,3,373.0,6.144483638532234,3
patchcore,HEI_comb1,leg,12,1,879.0,1,0,2,879.0,6.588036722607082,2
patchcore,HEI_comb1,leg,12,2,826.0,2,1,2,826.0,6.337702761093776,1
patchcore,HEI_comb1,leg,13,1,884.0,3,1,1,884.0,6.374834317427415,4
patchcore,HEI_comb1,leg,14,1,1450.0,2,1,3,1450.0,6.292043240865072,0
patchcore,HEI_comb1,leg,14,2,865.0,2,1,3,865.0,5.957092560662163,1
patchcore,HEI_comb1,leg,14,3,339.0,2,1,3,339.0,6.721177111731636,1
patchcore,HEI_comb1,leg,14,4,301.0,1,0,3,301.0,6.395671746947548,4
patchcore,HEI_comb1,leg,14,5,328.0,2,1,3,328.0,6.25706791370473,4
patchcore,HEI_comb1,leg,14,6,817.0,1,0,3,817.0,6.405763381864967,2
patchcore,HEI_comb1,leg,15,1,775.0,2,1,1,775.0,6.113845335809808,4
patchcore,HEI_comb1,leg,16,1,319.0,1,0,1,319.0,6.32509560244424,1
patchcore,HEI_comb1,leg,17,1,825.0,2,1,1,825.0,6.074223772684733,2
patchcore,HEI_comb1,leg,18,1,313.0,1,0,3,313.0,6.536257218091916,0
patchcore,HEI_comb1,leg,18,2,818.0,2,1,3,818.0,6.446386938509733,4
patchcore,HEI_comb1,leg,18,3,894.0,2,1,3,894.0,6.015887582624281,3
patchcore,HEI_comb1,leg,18,4,345.0,1,0,3,345.0,6.452103597777231,4
patchcore,HEI_comb1,leg,19,1,369.0,2,1,1,369.0,6.319743197304862,1
patchcore,HEI_comb1,leg,20,1,769.0,2,1,2,769.0,6.566853387015207,2
patchcore,HEI_comb1,leg,20,2,997.0,1,0,2,997.0,6.100644460538539,1
patchcore,HEI_comb1,leg,21,1,408.0,1,0,3,408.0,6.117726065895774,1
patchcore,HEI_comb1,leg,21,2,785.0,2,1,3,785.0,6.406617596745491,2
patchcore,HEI_comb1,leg,21,3,2892.0,1,0,3,2892.0,5.908227412931381,4
patchcore,HEI_comb1,leg,22,1,331.0,1,0,3,331.0,5.916200148753631,4
patchcore,HEI_comb1,leg,22,2,743.0,2,1,3,743.0,5.926351461655054,3
patchcore,HEI_comb1,leg,22,3,437.0,1,0,3,437.0,5.99154968039934,1
patchcore,HEI_comb1,leg,22,4,6003.0,1,0,3,6003.0,5.925660451253255,0
patchcore,HEI_comb1,leg,22,5,350.0,2,1,3,350.0,5.973203116449817,1
patchcore,HEI_comb1,leg,22,6,858.0,2,1,3,858.0,5.802552279304056,0
patchcore,HEI_comb1,leg,23,1,568.0,1,0,2,568.0,6.271223306655884,3
patchcore,HEI_comb1,leg,23,2,302.0,1,0,2,302.0,6.2817676067352295,3
patchcore,HEI_comb1,leg,24,1,566.0,1,0,1,566.0,6.001696705818176,4
patchcore,HEI_comb1,leg,27,1,405.0,2,1,3,405.0,6.1762801806132,3
patchcore,HEI_comb1,leg,27,2,317.0,2,1,3,317.0,6.082072053636823,3
patchcore,HEI_comb1,leg,27,3,8006.0,1,0,3,8006.0,6.108902887864546,2
patchcore,HEI_comb1,leg,27,4,2941.0,2,1,3,2941.0,6.378596838782816,0
patchcore,HEI_comb1,leg,27,5,774.0,2,1,3,774.0,6.272823333740234,0
patchcore,HEI_comb1,leg,27,6,327.0,2,1,3,327.0,5.794066415514265,0
patchcore,HEI_comb1,leg,27,7,584.0,2,1,3,584.0,5.722501675287883,1
patchcore,HEI_comb1,leg,27,8,550.0,1,0,3,550.0,5.932574923833212,0
patchcore,HEI_comb1,leg,27,9,779.0,1,0,3,779.0,6.084693340154795,4
patchcore,HEI_comb1,leg,28,1,313.0,1,0,3,313.0,5.99996984799703,0
patchcore,HEI_comb1,leg,28,2,826.0,2,1,3,826.0,6.130945324897766,1
patchcore,HEI_comb1,leg,28,3,817.0,1,0,3,817.0,6.372965216636658,2
patchcore,HEI_comb1,leg,29,1,2952.0,2,1,3,2952.0,6.064873814582825,2
patchcore,HEI_comb1,leg,29,2,781.0,2,1,3,781.0,6.235119547162737,3
patchcore,HEI_comb1,leg,29,3,369.0,1,0,3,369.0,6.235262433687846,1
patchcore,HEI_comb1,leg,34,1,858.0,2,1,2,858.0,6.115060594346788,0
patchcore,HEI_comb1,leg,34,2,2932.0,2,1,2,2932.0,6.033273094578793,1
patchcore,HEI_comb1,leg,35,1,586.0,1,0,3,586.0,5.890512536211712,0
patchcore,HEI_comb1,leg,35,2,317.0,2,1,3,317.0,6.076131767696804,3
patchcore,HEI_comb1,leg,35,3,405.0,1,0,3,405.0,6.27220222083005,3
patchcore,HEI_comb1,leg,35,4,2892.0,1,0,3,2892.0,6.145663083985794,4
patchcore,HEI_comb1,leg,35,5,351.0,1,0,3,351.0,5.996768438816071,3
patchcore,HEI_comb1,leg,36,1,582.0,2,1,1,582.0,5.891072306139716,2
patchcore,HEI_comb1,leg,37,1,739.0,1,0,1,739.0,6.083084146181743,4
patchcore,HEI_comb1,leg,39,1,882.0,2,1,2,882.0,6.095276355743408,1
patchcore,HEI_comb1,leg,39,2,794.0,2,1,2,794.0,6.310852333903313,0
patchcore,HEI_comb1,leg,40,1,876.0,2,1,3,876.0,6.001387167950066,3
patchcore,HEI_comb1,leg,40,2,331.0,1,0,3,331.0,5.979198188781738,4
patchcore,HEI_comb1,leg,40,3,805.0,2,1,3,805.0,6.076646034534161,0
patchcore,HEI_comb1,leg,40,4,786.0,2,1,3,786.0,6.384530627727509,1
patchcore,HEI_comb1,leg,40,5,402.0,1,0,3,402.0,6.140050482749939,3
patchcore,HEI_comb1,leg,40,6,742.0,1,0,3,742.0,5.827509039326718,0
patchcore,HEI_comb1,leg,41,1,401.0,2,1,3,401.0,6.198456764221191,4
patchcore,HEI_comb1,leg,41,2,367.0,1,0,3,367.0,6.054337355555321,1
patchcore,HEI_comb1,leg,42,1,889.0,2,1,1,889.0,6.373987595240275,2
patchcore,HEI_comb1,leg,50,1,458.0,2,1,1,458.0,6.105846934848362,4
patchcore,HEI_comb1,leg,51,1,455.0,1,0,2,455.0,5.891789424710158,3
patchcore,HEI_comb1,leg,51,2,387.0,1,0,2,387.0,6.121039403112311,0
patchcore,HEI_comb1,leg,52,1,377.0,2,1,1,377.0,6.175476576152601,2
patchcore,HEI_comb1,leg,53,1,450.0,1,0,2,450.0,6.138672828674316,0
patchcore,HEI_comb1,leg,54,1,462.0,1,0,3,462.0,6.181196047335255,1
patchcore,HEI_comb1,leg,54,2,431.0,2,1,3,431.0,5.8673594251592105,1
patchcore,HEI_comb1,leg,54,3,327.0,2,1,3,327.0,5.95787812338935,0
patchcore,HEI_comb1,leg,55,1,443.0,3,1,1,443.0,6.010189389073571,4
patchcore,HEI_comb1,leg,56,1,459.0,1,0,1,459.0,5.765523038259366,2
patchcore,HEI_comb1,leg,57,1,736.0,2,1,1,736.0,6.115889273749458,1
patchcore,HEI_comb1,leg,58,1,611.0,1,0,2,611.0,6.124731381734212,4
patchcore,HEI_comb1,leg,58,2,579.0,1,0,2,579.0,5.798708586465745,2
patchcore,HEI_comb1,leg,59,1,6013.0,1,0,3,6013.0,5.965454154544407,0
patchcore,HEI_comb1,leg,59,2,763.0,2,1,3,763.0,6.380298938070025,1
patchcore,HEI_comb1,leg,59,3,820.0,1,0,3,820.0,6.138086068630218,3
patchcore,HEI_comb1,leg,59,4,8001.0,1,0,3,8001.0,5.948094097050753,4
patchcore,HEI_comb1,leg,59,5,434.0,2,1,3,434.0,5.574293028224599,1
patchcore,HEI_comb1,leg,60,1,586.0,1,0,3,586.0,5.610977825365569,0
patchcore,HEI_comb1,leg,60,2,413.0,2,1,3,413.0,5.886778128147125,2
patchcore,HEI_comb1,leg,60,3,333.0,2,1,3,333.0,6.306523173195975,3
patchcore,HEI_comb1,leg,60,4,886.0,2,1,3,886.0,6.273352945173109,3
patchcore,HEI_comb1,leg,60,5,407.0,2,1,3,407.0,6.151774492019262,4
patchcore,HEI_comb1,leg,60,6,380.0,1,0,3,380.0,6.014202072506859,0
patchcore,HEI_comb1,leg,60,7,583.0,2,1,3,583.0,5.871619554666372,1
patchcore,HEI_comb1,leg,61,1,575.0,1,0,1,575.0,5.921921634674073,4
patchcore,HEI_comb1,leg,62,1,419.0,1,0,3,419.0,5.820433364194982,1
patchcore,HEI_comb1,leg,62,2,441.0,1,0,3,441.0,6.2786554336547855,0
patchcore,HEI_comb1,leg,62,3,732.0,2,1,3,732.0,5.60930609703064,2
patchcore,HEI_comb1,leg,63,1,867.0,2,1,3,867.0,5.8163304669516425,0
patchcore,HEI_comb1,leg,63,2,6012.0,1,0,3,6012.0,5.833664474033174,3
patchcore,HEI_comb1,leg,63,3,823.0,2,1,3,823.0,6.0667526505210185,3
patchcore,HEI_comb1,leg,63,4,318.0,1,0,3,318.0,5.623483702193859,2
patchcore,HEI_comb1,leg,63,5,2880.0,2,1,3,2880.0,5.891853156842683,0
patchcore,HEI_comb1,leg,65,1,2925.0,1,0,2,2925.0,6.152591748671099,3
patchcore,HEI_comb1,leg,65,2,311.0,2,1,2,311.0,5.957661390304565,4
patchcore,HEI_comb1,leg,66,1,772.0,3,1,3,772.0,6.685335576534271,1
patchcore,HEI_comb1,leg,66,2,411.0,1,0,3,411.0,6.116666714350383,3
patchcore,HEI_comb1,leg,66,3,306.0,2,1,3,306.0,6.424554962860911,2
patchcore,HEI_comb1,leg,66,4,330.0,2,1,3,330.0,6.017756278698261,3
patchcore,HEI_comb1,leg,67,1,403.0,1,0,2,403.0,5.539813932619597,4
patchcore,HEI_comb1,leg,67,2,409.0,1,0,2,409.0,5.785382656824021,2
patchcore,HEI_comb1,leg,67,3,8007.0,2,1,2,8007.0,5.65619521527677,3
patchcore,HEI_comb1,leg,67,4,8003.0,2,1,2,8003.0,5.950268677302769,3
patchcore,HEI_comb1,leg,69,1,304.0,2,1,3,304.0,6.12729736328125,1
patchcore,HEI_comb1,leg,69,2,422.0,2,1,3,422.0,5.754491885503133,4
patchcore,HEI_comb1,leg,70,1,768.0,2,1,1,768.0,6.4417698582013445,0
patchcore,HEI_comb1,leg,71,1,1500.0,1,0,3,1500.0,5.755413520336151,1
patchcore,HEI_comb1,leg,71,2,305.0,2,1,3,305.0,5.867778472411326,0
patchcore,HEI_comb1,leg,71,3,418.0,2,1,3,418.0,6.323159892384599,0
patchcore,HEI_comb1,leg,71,4,744.0,2,1,3,744.0,5.952767718922008,2
patchcore,HEI_comb1,leg,71,5,883.0,1,0,3,883.0,6.100728891112587,2
patchcore,HEI_comb1,leg,71,6,375.0,1,0,3,375.0,5.453091167822117,0
patchcore,HEI_comb1,leg,71,7,543.0,2,1,3,543.0,6.239748846400868,3
patchcore,HEI_comb1,leg,72,1,352.0,2,1,1,352.0,5.659083074993557,3
patchcore,HEI_comb1,leg,73,1,426.0,2,1,2,426.0,5.979799661636353,2
patchcore,HEI_comb1,leg,73,2,423.0,1,0,2,423.0,6.520999421676,3
patchcore,HEI_comb1,leg,73,3,336.0,2,1,2,336.0,5.8770294189453125,2
patchcore,HEI_comb1,leg,73,4,2917.0,2,1,2,2917.0,5.959110078357515,3
patchcore,HEI_comb1,leg,73,5,417.0,2,1,2,417.0,5.960646046532525,1
patchcore,HEI_comb1,leg,74,1,433.0,1,0,1,433.0,6.351499890172204,0
patchcore,HEI_comb1,leg,76,1,372.0,1,0,1,372.0,5.712978867923512,4
patchcore,HEI_comb1,leg,77,1,549.0,1,0,2,549.0,6.013399046820563,2
patchcore,HEI_comb1,leg,77,2,365.0,1,0,2,365.0,5.7700677407093535,2
patchcore,HEI_comb1,leg,79,1,472.0,2,1,3,472.0,6.024849857602801,4
patchcore,HEI_comb1,leg,79,2,406.0,3,1,3,406.0,5.924654006958008,2
patchcore,HEI_comb1,leg,79,3,873.0,1,0,3,873.0,6.176236708958943,4
patchcore,HEI_comb1,leg,80,1,383.0,1,0,3,383.0,5.827580335977915,1
patchcore,HEI_comb1,leg,80,2,739.0,1,0,3,739.0,5.715932100247114,4
patchcore,HEI_comb1,leg,80,3,889.0,2,1,3,889.0,5.988318920135498,2
patchcore,HEI_comb1,leg,80,4,305.0,2,1,3,305.0,5.909918617557835,0
patchcore,HEI_comb1,leg,82,1,338.0,1,0,3,338.0,5.681782677060082,2
patchcore,HEI_comb1,leg,82,2,407.0,2,1,3,407.0,5.811579834331166,4
patchcore,HEI_comb1,leg,82,3,350.0,1,0,3,350.0,5.903674299066717,1
patchcore,HEI_comb1,leg,82,4,441.0,1,0,3,441.0,5.4543394906180245,0
patchcore,HEI_comb1,leg,82,5,464.0,1,0,3,464.0,5.45308710666413,1
patchcore,HEI_comb1,leg,82,6,423.0,1,0,3,423.0,6.021939323061988,3
patchcore,HEI_comb1,leg,84,1,613.0,2,1,1,613.0,5.714978016747368,2
patchcore,HEI_comb1,leg,85,1,457.0,1,0,3,457.0,5.854639498392741,2
patchcore,HEI_comb1,leg,85,2,366.0,1,0,3,366.0,5.595247634621554,2
patchcore,HEI_comb1,leg,85,3,448.0,1,0,3,448.0,5.4454879528138695,3
patchcore,HEI_comb1,leg,85,4,434.0,2,1,3,434.0,5.570964315663213,1
patchcore,HEI_comb1,leg,85,5,583.0,2,1,3,583.0,5.281061779369008,1
patchcore,HEI_comb1,leg,85,6,419.0,1,0,3,419.0,5.560267630077544,1
patchcore,HEI_comb1,leg,86,1,6012.0,2,1,1,6012.0,5.961041364914332,3
patchcore,HEI_comb1,leg,87,1,763.0,2,1,2,763.0,6.442088765757425,1
patchcore,HEI_comb1,leg,88,1,820.0,2,1,3,820.0,5.445264494096911,3
patchcore,HEI_comb1,leg,88,2,467.0,2,1,3,467.0,5.699973917007446,0
patchcore,HEI_comb1,leg,88,3,801.0,2,1,3,801.0,6.032028770446777,1
patchcore,HEI_comb1,leg,88,4,1458.0,1,0,3,1458.0,5.647105609046088,4
patchcore,HEI_comb1,leg,89,1,411.0,2,1,3,411.0,6.035416309650127,3
patchcore,HEI_comb1,leg,89,2,426.0,2,1,3,426.0,5.836307758508727,2
patchcore,HEI_comb1,leg,89,3,886.0,1,0,3,886.0,5.739576329990309,3
patchcore,HEI_comb1,leg,89,4,775.0,1,0,3,775.0,5.9659840965271,4
patchcore,HEI_comb1,leg,90,1,458.0,2,1,3,458.0,5.878536822432179,4
patchcore,HEI_comb1,leg,90,2,422.0,1,0,3,422.0,6.425619976861136,4
patchcore,HEI_comb1,leg,90,3,452.0,1,0,3,452.0,5.64263500990691,4
patchcore,HEI_comb1,leg,90,4,413.0,1,0,3,413.0,5.644480266571045,2
patchcore,HEI_comb1,leg,94,1,333.0,2,1,1,333.0,5.928033697194066,3
patchcore,HEI_comb1,leg,96,1,1500.0,1,0,3,1500.0,5.672902190685273,1
patchcore,HEI_comb1,leg,96,2,375.0,2,1,3,375.0,5.546957660365749,0
patchcore,HEI_comb1,leg,96,3,418.0,2,1,3,418.0,5.680291815807945,0
patchcore,HEI_comb1,leg,96,4,732.0,1,0,3,732.0,5.71291217803955,2
patchcore,HEI_comb1,leg,97,1,586.0,3,1,3,586.0,5.839731346477162,0
patchcore,HEI_comb1,leg,97,2,417.0,1,0,3,417.0,6.090235513799331,1
patchcore,HEI_comb1,leg,97,3,883.0,3,1,3,883.0,5.985746095577876,2
patchcore,HEI_comb1,leg,97,4,336.0,1,0,3,336.0,6.541283165967023,2
patchcore,HEI_comb1,leg,98,1,407.0,2,1,2,407.0,6.509096865220504,4
patchcore,HEI_comb1,leg,98,2,441.0,1,0,2,441.0,5.548600474069285,0
patchcore,HEI_comb1,leg,99,1,464.0,1,0,3,464.0,5.655803521474202,1
patchcore,HEI_comb1,leg,99,2,366.0,1,0,3,366.0,6.229300846924653,2
patchcore,HEI_comb1,leg,99,3,418.0,2,1,3,418.0,5.811685729026794,0
patchcore,HEI_comb1,leg,99,4,434.0,2,1,3,434.0,5.555836340276207,1
patchcore,HEI_comb1,leg,100,1,6012.0,2,1,2,6012.0,5.431997962619947,3
patchcore,HEI_comb1,leg,100,2,6013.0,2,1,2,6013.0,5.851322569498202,0
patchcore,HEI_comb1,leg,102,1,426.0,2,1,2,426.0,6.24016077765103,2
patchcore,HEI_comb1,leg,102,2,425.0,1,0,2,425.0,5.862570456096104,2
patchcore,HEI_comb1,leg,104,1,458.0,2,1,3,458.0,5.806027147505018,4
patchcore,HEI_comb1,leg,104,2,422.0,2,1,3,422.0,5.781196638595226,4
patchcore,HEI_comb1,leg,104,3,611.0,1,0,3,611.0,5.48914449642866,4
patchcore,HEI_comb1,leg,104,4,8007.0,1,0,3,8007.0,5.613322985799689,3
patchcore,HEI_comb1,leg,105,1,328.0,1,0,2,328.0,5.809855975602803,4
patchcore,HEI_comb1,leg,105,2,380.0,2,1,2,380.0,5.648971454517262,0
patchcore,HEI_comb1,leg,106,1,1500.0,2,1,3,1500.0,5.530273947604867,1
patchcore,HEI_comb1,leg,106,2,420.0,1,0,3,420.0,6.506695596183219,4
patchcore,HEI_comb1,leg,106,3,895.0,1,0,3,895.0,5.874540028364762,2
patchcore,HEI_comb1,leg,106,4,744.0,1,0,3,744.0,5.946489572525024,2
patchcore,HEI_comb1,leg,107,1,6010.0,1,0,2,6010.0,6.4498006999492645,4
patchcore,HEI_comb1,leg,107,2,459.0,1,0,2,459.0,6.164826619820516,2
patchcore,HEI_comb1,leg,108,1,311.0,2,1,3,311.0,5.58811376152969,4
patchcore,HEI_comb1,leg,108,2,448.0,1,0,3,448.0,5.666493969994622,3
patchcore,HEI_comb1,leg,108,3,350.0,2,1,3,350.0,5.957440888881683,1
patchcore,HEI_comb1,leg,108,4,2880.0,2,1,3,2880.0,5.7701164245605465,0
patchcore,HEI_comb1,leg,108,5,318.0,1,0,3,318.0,5.774623370170593,2
patchcore,HEI_comb1,leg,109,1,2917.0,2,1,2,2917.0,5.729820414287288,3
patchcore,HEI_comb1,leg,109,2,307.0,2,1,2,307.0,6.249745564027266,1
patchcore,HEI_comb1,leg,109,3,413.0,1,0,2,413.0,5.6055731651110525,2
patchcore,HEI_comb1,leg,110,1,1446.0,1,0,1,1446.0,5.796919065363267,1
patchcore,HEI_comb1,leg,111,1,443.0,2,1,2,443.0,5.559571535690971,4
patchcore,HEI_comb1,leg,111,2,421.0,2,1,2,421.0,5.997120645311144,3
patchcore,HEI_comb1,leg,112,1,409.0,2,1,1,409.0,5.748849285973443,2
patchcore,HEI_comb1,leg,113,1,333.0,2,1,3,333.0,6.116333391931322,3
patchcore,HEI_comb1,leg,113,2,375.0,1,0,3,375.0,5.477042301281078,0
patchcore,HEI_comb1,leg,113,3,370.0,2,1,3,370.0,5.734314730292873,0
patchcore,HEI_comb1,leg,113,4,820.0,2,1,3,820.0,5.565023786143253,3
patchcore,HEI_comb1,leg,113,5,883.0,1,0,3,883.0,5.64062841121967,2
patchcore,HEI_comb1,leg,114,1,586.0,1,0,1,586.0,5.900510052839915,0
patchcore,HEI_comb1,leg,115,1,336.0,2,1,2,336.0,5.739441303979783,2
patchcore,HEI_comb1,leg,115,2,732.0,2,1,2,732.0,5.524271903893887,2
patchcore,HEI_comb1,leg,116,1,423.0,2,1,3,423.0,6.052155438591452,3
patchcore,HEI_comb1,leg,116,2,419.0,1,0,3,419.0,5.801366015842983,1
patchcore,HEI_comb1,leg,117,1,2952.0,2,1,2,2952.0,5.8569656029725685,2
patchcore,HEI_comb1,leg,117,2,417.0,2,1,2,417.0,5.575853243470192,1
patchcore,HEI_comb1,leg,118,1,352.0,1,0,3,352.0,5.5603746440675526,3
patchcore,HEI_comb1,leg,118,2,304.0,2,1,3,304.0,5.862189398871528,1
patchcore,HEI_comb1,leg,118,3,433.0,2,1,3,433.0,5.75043080912696,0
patchcore,HEI_comb1,leg,118,4,768.0,1,0,3,768.0,6.104368909200033,0
patchcore,HEI_comb2,leg,1,1,582.0,2,1,2,582.0,5.515552997589111,2
patchcore,HEI_comb2,leg,1,2,403.0,2,1,2,403.0,5.761466770637326,4
patchcore,HEI_comb2,leg,2,1,578.0,1,0,2,578.0,5.760794162750244,3
patchcore,HEI_comb2,leg,2,2,603.0,1,0,2,603.0,5.877747524868358,3
patchcore,HEI_comb2,leg,3,1,431.0,1,0,2,431.0,5.819067516842404,1
patchcore,HEI_comb2,leg,3,2,555.0,2,1,2,555.0,5.801614387615307,0
patchcore,HEI_comb2,leg,3,3,766.0,2,1,2,766.0,6.148600437023021,3
patchcore,HEI_comb2,leg,4,1,550.0,1,0,2,550.0,5.596019928271954,0
patchcore,HEI_comb2,leg,4,2,419.0,1,0,2,419.0,5.518701993502104,1
patchcore,HEI_comb2,leg,6,1,416.0,1,0,1,416.0,5.786901984895978,0
patchcore,HEI_comb2,leg,7,1,568.0,1,0,3,568.0,5.95948810780302,3
patchcore,HEI_comb2,leg,7,2,,1,0,3,unknown,6.055063388965748,1
patchcore,HEI_comb2,leg,7,3,411.0,2,1,3,411.0,5.727361889772637,3
patchcore,HEI_comb2,leg,8,1,319.0,1,0,3,319.0,5.81586492061615,1
patchcore,HEI_comb2,leg,8,2,325.0,1,0,3,325.0,6.105666753017541,4
patchcore,HEI_comb2,leg,8,3,344.0,2,1,3,344.0,6.053869292140007,0
patchcore,HEI_comb2,leg,8,4,322.0,2,1,3,322.0,5.805859795323125,0
patchcore,HEI_comb2,leg,9,1,891.0,1,0,1,891.0,6.285157794952393,4
patchcore,HEI_comb2,leg,10,1,566.0,1,0,2,566.0,5.93148314325433,4
patchcore,HEI_comb2,leg,10,2,743.0,2,1,2,743.0,5.922415779858101,3
patchcore,HEI_comb2,leg,10,3,2928.0,1,0,2,2928.0,5.806459740894597,2
patchcore,HEI_comb2,leg,11,1,755.0,1,0,3,755.0,6.091124290643736,4
patchcore,HEI_comb2,leg,11,2,884.0,2,1,3,884.0,6.170587951486761,4
patchcore,HEI_comb2,leg,11,3,739.0,2,1,3,739.0,5.934530889987945,4
patchcore,HEI_comb2,leg,11,4,554.0,2,1,3,554.0,5.823461329683345,1
patchcore,HEI_comb2,leg,11,5,313.0,1,0,3,313.0,5.594620876312256,0
patchcore,HEI_comb2,leg,11,6,890.0,1,0,3,890.0,6.3854221008919385,0
patchcore,HEI_comb2,leg,11,7,328.0,2,1,3,328.0,6.983118209433048,4
patchcore,HEI_comb2,leg,11,8,373.0,1,0,3,373.0,6.07368785684759,3
patchcore,HEI_comb2,leg,12,1,879.0,1,0,2,879.0,6.564510804635507,2
patchcore,HEI_comb2,leg,12,2,826.0,2,1,2,826.0,6.221367696921031,1
patchcore,HEI_comb2,leg,13,1,884.0,3,1,1,884.0,6.075141344314966,4
patchcore,HEI_comb2,leg,14,1,1450.0,2,1,3,1450.0,6.180078808466593,0
patchcore,HEI_comb2,leg,14,2,865.0,2,1,3,865.0,5.870452753702799,1
patchcore,HEI_comb2,leg,14,3,339.0,2,1,3,339.0,6.611454688178169,1
patchcore,HEI_comb2,leg,14,4,301.0,1,0,3,301.0,6.103927839886058,4
patchcore,HEI_comb2,leg,14,5,328.0,2,1,3,328.0,6.217843755762628,4
patchcore,HEI_comb2,leg,14,6,817.0,1,0,3,817.0,6.313054398792546,2
patchcore,HEI_comb2,leg,15,1,775.0,2,1,1,775.0,5.955658561304996,4
patchcore,HEI_comb2,leg,16,1,319.0,1,0,1,319.0,6.195198927606855,1
patchcore,HEI_comb2,leg,17,1,825.0,2,1,1,825.0,5.955731503168741,2
patchcore,HEI_comb2,leg,18,1,313.0,1,0,3,313.0,6.559372681837815,0
patchcore,HEI_comb2,leg,18,2,818.0,2,1,3,818.0,6.392381792483122,4
patchcore,HEI_comb2,leg,18,3,894.0,2,1,3,894.0,6.090165640856768,3
patchcore,HEI_comb2,leg,18,4,345.0,1,0,3,345.0,6.463373814310346,4
patchcore,HEI_comb2,leg,19,1,369.0,2,1,1,369.0,6.249757698604038,1
patchcore,HEI_comb2,leg,20,1,769.0,2,1,2,769.0,6.330175104595366,2
patchcore,HEI_comb2,leg,20,2,997.0,1,0,2,997.0,5.958740292525873,1
patchcore,HEI_comb2,leg,21,1,408.0,1,0,3,408.0,6.313634178855202,1
patchcore,HEI_comb2,leg,21,2,785.0,2,1,3,785.0,6.376452773809433,2
patchcore,HEI_comb2,leg,21,3,2892.0,1,0,3,2892.0,6.040687038052466,4
patchcore,HEI_comb2,leg,22,1,331.0,1,0,3,331.0,5.837217037494366,4
patchcore,HEI_comb2,leg,22,2,743.0,2,1,3,743.0,5.9019879805736055,3
patchcore,HEI_comb2,leg,22,3,437.0,1,0,3,437.0,5.799691566201144,1
patchcore,HEI_comb2,leg,22,4,6003.0,1,0,3,6003.0,6.19543677284604,0
patchcore,HEI_comb2,leg,22,5,350.0,2,1,3,350.0,5.990879469904407,1
patchcore,HEI_comb2,leg,22,6,858.0,2,1,3,858.0,5.8285313634311455,0
patchcore,HEI_comb2,leg,23,1,568.0,1,0,2,568.0,6.192865097522736,3
patchcore,HEI_comb2,leg,23,2,302.0,1,0,2,302.0,6.26841566297743,3
patchcore,HEI_comb2,leg,24,1,566.0,1,0,1,566.0,6.011018872261047,4
patchcore,HEI_comb2,leg,27,1,405.0,2,1,3,405.0,6.33587569456834,3
patchcore,HEI_comb2,leg,27,2,317.0,2,1,3,317.0,5.845588513783047,3
patchcore,HEI_comb2,leg,27,3,8006.0,1,0,3,8006.0,6.097830122167414,2
patchcore,HEI_comb2,leg,27,4,2941.0,2,1,3,2941.0,6.304991595885333,0
patchcore,HEI_comb2,leg,27,5,774.0,2,1,3,774.0,6.116281000773112,0
patchcore,HEI_comb2,leg,27,6,327.0,2,1,3,327.0,5.859850883483887,0
patchcore,HEI_comb2,leg,27,7,584.0,2,1,3,584.0,5.654006814956665,1
patchcore,HEI_comb2,leg,27,8,550.0,1,0,3,550.0,5.794685554504395,0
patchcore,HEI_comb2,leg,27,9,779.0,1,0,3,779.0,5.930391329985398,4
patchcore,HEI_comb2,leg,28,1,313.0,1,0,3,313.0,6.029220771789551,0
patchcore,HEI_comb2,leg,28,2,826.0,2,1,3,826.0,6.304735473224095,1
patchcore,HEI_comb2,leg,28,3,817.0,1,0,3,817.0,6.37709857736315,2
patchcore,HEI_comb2,leg,29,1,2952.0,2,1,3,2952.0,6.108713494406806,2
patchcore,HEI_comb2,leg,29,2,781.0,2,1,3,781.0,6.078988511221749,3
patchcore,HEI_comb2,leg,29,3,369.0,1,0,3,369.0,6.268166237407261,1
patchcore,HEI_comb2,leg,34,1,858.0,2,1,2,858.0,6.177838246027629,0
patchcore,HEI_comb2,leg,34,2,2932.0,2,1,2,2932.0,6.081538376055266,1
patchcore,HEI_comb2,leg,35,1,586.0,1,0,3,586.0,6.001053530995439,0
patchcore,HEI_comb2,leg,35,2,317.0,2,1,3,317.0,5.90123093922933,3
patchcore,HEI_comb2,leg,35,3,405.0,1,0,3,405.0,6.162407723340121,3
patchcore,HEI_comb2,leg,35,4,2892.0,1,0,3,2892.0,6.05752231908399,4
patchcore,HEI_comb2,leg,35,5,351.0,1,0,3,351.0,5.94960584640503,3
patchcore,HEI_comb2,leg,36,1,582.0,2,1,1,582.0,5.7672942095789415,2
patchcore,HEI_comb2,leg,37,1,739.0,1,0,1,739.0,6.120122287008497,4
patchcore,HEI_comb2,leg,39,1,882.0,2,1,2,882.0,6.149446206934312,1
patchcore,HEI_comb2,leg,39,2,794.0,2,1,2,794.0,6.150994226336479,0
patchcore,HEI_comb2,leg,40,1,876.0,2,1,3,876.0,6.017167762834198,3
patchcore,HEI_comb2,leg,40,2,331.0,1,0,3,331.0,6.188755931854248,4
patchcore,HEI_comb2,leg,40,3,805.0,2,1,3,805.0,6.105559116754776,0
patchcore,HEI_comb2,leg,40,4,786.0,2,1,3,786.0,6.266571879386902,1
patchcore,HEI_comb2,leg,40,5,402.0,1,0,3,402.0,6.21258043050766,3
patchcore,HEI_comb2,leg,40,6,742.0,1,0,3,742.0,5.903057098388672,0
patchcore,HEI_comb2,leg,41,1,401.0,2,1,3,401.0,6.27714606989985,4
patchcore,HEI_comb2,leg,41,2,367.0,1,0,3,367.0,6.026327765717799,1
patchcore,HEI_comb2,leg,42,1,889.0,2,1,1,889.0,6.642326692740123,2
patchcore,HEI_comb2,leg,50,1,458.0,2,1,1,458.0,5.928903447257148,4
patchcore,HEI_comb2,leg,51,1,455.0,1,0,2,455.0,5.982675808232005,3
patchcore,HEI_comb2,leg,51,2,387.0,1,0,2,387.0,6.084263538059435,0
patchcore,HEI_comb2,leg,52,1,377.0,2,1,1,377.0,6.0764072694276505,2
patchcore,HEI_comb2,leg,53,1,450.0,1,0,2,450.0,6.257592055532667,0
patchcore,HEI_comb2,leg,54,1,462.0,1,0,3,462.0,6.110127186288639,1
patchcore,HEI_comb2,leg,54,2,431.0,2,1,3,431.0,5.942315050896178,1
patchcore,HEI_comb2,leg,54,3,327.0,2,1,3,327.0,5.851351801554362,0
patchcore,HEI_comb2,leg,55,1,443.0,3,1,1,443.0,6.0480031634486,4
patchcore,HEI_comb2,leg,56,1,459.0,1,0,1,459.0,5.8831632311751205,2
patchcore,HEI_comb2,leg,57,1,736.0,2,1,1,736.0,5.9755744086371525,1
patchcore,HEI_comb2,leg,58,1,611.0,1,0,2,611.0,5.999875238963536,4
patchcore,HEI_comb2,leg,58,2,579.0,1,0,2,579.0,5.734679562704904,2
patchcore,HEI_comb2,leg,59,1,6013.0,1,0,3,6013.0,5.949933422936334,0
patchcore,HEI_comb2,leg,59,2,763.0,2,1,3,763.0,6.384228808539255,1
patchcore,HEI_comb2,leg,59,3,820.0,1,0,3,820.0,5.982568228244782,3
patchcore,HEI_comb2,leg,59,4,8001.0,1,0,3,8001.0,5.966323093934492,4
patchcore,HEI_comb2,leg,59,5,434.0,2,1,3,434.0,5.536895827813582,1
patchcore,HEI_comb2,leg,60,1,586.0,1,0,3,586.0,5.437666516554983,0
patchcore,HEI_comb2,leg,60,2,413.0,2,1,3,413.0,5.8315580010414125,2
patchcore,HEI_comb2,leg,60,3,333.0,2,1,3,333.0,5.959458936963762,3
patchcore,HEI_comb2,leg,60,4,886.0,2,1,3,886.0,5.897198432200664,3
patchcore,HEI_comb2,leg,60,5,407.0,2,1,3,407.0,6.116253840617644,4
patchcore,HEI_comb2,leg,60,6,380.0,1,0,3,380.0,5.9379554362524125,0
patchcore,HEI_comb2,leg,60,7,583.0,2,1,3,583.0,5.747095132485415,1
patchcore,HEI_comb2,leg,61,1,575.0,1,0,1,575.0,5.99758802652359,4
patchcore,HEI_comb2,leg,62,1,419.0,1,0,3,419.0,5.671141778721529,1
patchcore,HEI_comb2,leg,62,2,441.0,1,0,3,441.0,6.14224534715925,0
patchcore,HEI_comb2,leg,62,3,732.0,2,1,3,732.0,5.558467984199524,2
patchcore,HEI_comb2,leg,63,1,867.0,2,1,3,867.0,5.779609010333107,0
patchcore,HEI_comb2,leg,63,2,6012.0,1,0,3,6012.0,5.768411273048038,3
patchcore,HEI_comb2,leg,63,3,823.0,2,1,3,823.0,5.879306121305986,3
patchcore,HEI_comb2,leg,63,4,318.0,1,0,3,318.0,5.651588828064675,2
patchcore,HEI_comb2,leg,63,5,2880.0,2,1,3,2880.0,5.767176126178942,0
patchcore,HEI_comb2,leg,65,1,2925.0,1,0,2,2925.0,5.87509772271821,3
patchcore,HEI_comb2,leg,65,2,311.0,2,1,2,311.0,5.896530479192734,4
patchcore,HEI_comb2,leg,66,1,772.0,3,1,3,772.0,6.466176172097524,1
patchcore,HEI_comb2,leg,66,2,411.0,1,0,3,411.0,5.8964569909232,3
patchcore,HEI_comb2,leg,66,3,306.0,2,1,3,306.0,6.152041661111932,2
patchcore,HEI_comb2,leg,66,4,330.0,2,1,3,330.0,6.1040921333508615,3
patchcore,HEI_comb2,leg,67,1,403.0,1,0,2,403.0,5.593959707962839,4
patchcore,HEI_comb2,leg,67,2,409.0,1,0,2,409.0,5.765641246523176,2
patchcore,HEI_comb2,leg,67,3,8007.0,2,1,2,8007.0,5.598504749504295,3
patchcore,HEI_comb2,leg,67,4,8003.0,2,1,2,8003.0,5.935191086360386,3
patchcore,HEI_comb2,leg,69,1,304.0,2,1,3,304.0,6.102411212921143,1
patchcore,HEI_comb2,leg,69,2,422.0,2,1,3,422.0,5.656942036416796,4
patchcore,HEI_comb2,leg,70,1,768.0,2,1,1,768.0,6.36285541454951,0
patchcore,HEI_comb2,leg,71,1,1500.0,1,0,3,1500.0,5.809833061695099,1
patchcore,HEI_comb2,leg,71,2,305.0,2,1,3,305.0,5.997022396478897,0
patchcore,HEI_comb2,leg,71,3,418.0,2,1,3,418.0,6.297882149859173,0
patchcore,HEI_comb2,leg,71,4,744.0,2,1,3,744.0,5.930029045451772,2
patchcore,HEI_comb2,leg,71,5,883.0,1,0,3,883.0,5.986679044636813,2
patchcore,HEI_comb2,leg,71,6,375.0,1,0,3,375.0,5.398337922445157,0
patchcore,HEI_comb2,leg,71,7,543.0,2,1,3,543.0,5.995736642317339,3
patchcore,HEI_comb2,leg,72,1,352.0,2,1,1,352.0,5.798180010583666,3
patchcore,HEI_comb2,leg,73,1,426.0,2,1,2,426.0,6.081938543319702,2
patchcore,HEI_comb2,leg,73,2,423.0,1,0,2,423.0,6.313350011905034,3
patchcore,HEI_comb2,leg,73,3,336.0,2,1,2,336.0,5.9161859721672245,2
patchcore,HEI_comb2,leg,73,4,2917.0,2,1,2,2917.0,5.886861710321336,3
patchcore,HEI_comb2,leg,73,5,417.0,2,1,2,417.0,6.051367878913879,1
patchcore,HEI_comb2,leg,74,1,433.0,1,0,1,433.0,6.417924792267556,0
patchcore,HEI_comb2,leg,76,1,372.0,1,0,1,372.0,5.680681747548721,4
patchcore,HEI_comb2,leg,77,1,549.0,1,0,2,549.0,5.919899631190944,2
patchcore,HEI_comb2,leg,77,2,365.0,1,0,2,365.0,5.504947148836576,2
patchcore,HEI_comb2,leg,79,1,472.0,2,1,3,472.0,5.842841727393014,4
patchcore,HEI_comb2,leg,79,2,406.0,3,1,3,406.0,5.869662541609544,2
patchcore,HEI_comb2,leg,79,3,873.0,1,0,3,873.0,5.921227673689525,4
patchcore,HEI_comb2,leg,80,1,383.0,1,0,3,383.0,5.618790033701304,1
patchcore,HEI_comb2,leg,80,2,739.0,1,0,3,739.0,5.460887334285638,4
patchcore,HEI_comb2,leg,80,3,889.0,2,1,3,889.0,5.791200975092446,2
patchcore,HEI_comb2,leg,80,4,305.0,2,1,3,305.0,5.755672918783652,0
patchcore,HEI_comb2,leg,82,1,338.0,1,0,3,338.0,5.489952904837472,2
patchcore,HEI_comb2,leg,82,2,407.0,2,1,3,407.0,5.811981417916038,4
patchcore,HEI_comb2,leg,82,3,350.0,1,0,3,350.0,5.840407631613991,1
patchcore,HEI_comb2,leg,82,4,441.0,1,0,3,441.0,5.427235780443464,0
patchcore,HEI_comb2,leg,82,5,464.0,1,0,3,464.0,5.455516125293488,1
patchcore,HEI_comb2,leg,82,6,423.0,1,0,3,423.0,6.032138790403094,3
patchcore,HEI_comb2,leg,84,1,613.0,2,1,1,613.0,5.644749228159586,2
patchcore,HEI_comb2,leg,85,1,457.0,1,0,3,457.0,5.737763447231717,2
patchcore,HEI_comb2,leg,85,2,366.0,1,0,3,366.0,5.5450335657873815,2
patchcore,HEI_comb2,leg,85,3,448.0,1,0,3,448.0,5.351593424634236,3
patchcore,HEI_comb2,leg,85,4,434.0,2,1,3,434.0,5.485758999119634,1
patchcore,HEI_comb2,leg,85,5,583.0,2,1,3,583.0,5.28044022213329,1
patchcore,HEI_comb2,leg,85,6,419.0,1,0,3,419.0,5.419814370927357,1
patchcore,HEI_comb2,leg,86,1,6012.0,2,1,1,6012.0,5.6882901436243305,3
patchcore,HEI_comb2,leg,87,1,763.0,2,1,2,763.0,6.4922856858798434,1
patchcore,HEI_comb2,leg,88,1,820.0,2,1,3,820.0,5.461521329106511,3
patchcore,HEI_comb2,leg,88,2,467.0,2,1,3,467.0,5.468274796009064,0
patchcore,HEI_comb2,leg,88,3,801.0,2,1,3,801.0,5.759791904025608,1
patchcore,HEI_comb2,leg,88,4,1458.0,1,0,3,1458.0,5.60936222076416,4
patchcore,HEI_comb2,leg,89,1,411.0,2,1,3,411.0,5.85831494209094,3
patchcore,HEI_comb2,leg,89,2,426.0,2,1,3,426.0,5.89155670653942,2
patchcore,HEI_comb2,leg,89,3,886.0,1,0,3,886.0,5.691465669748735,3
patchcore,HEI_comb2,leg,89,4,775.0,1,0,3,775.0,5.961752986907959,4
patchcore,HEI_comb2,leg,90,1,458.0,2,1,3,458.0,5.868916269076073,4
patchcore,HEI_comb2,leg,90,2,422.0,1,0,3,422.0,6.076894530228207,4
patchcore,HEI_comb2,leg,90,3,452.0,1,0,3,452.0,5.680728152946189,4
patchcore,HEI_comb2,leg,90,4,413.0,1,0,3,413.0,5.566260919570923,2
patchcore,HEI_comb2,leg,94,1,333.0,2,1,1,333.0,5.942261416336586,3
patchcore,HEI_comb2,leg,96,1,1500.0,1,0,3,1500.0,5.595146405696869,1
patchcore,HEI_comb2,leg,96,2,375.0,2,1,3,375.0,5.470033813167262,0
patchcore,HEI_comb2,leg,96,3,418.0,2,1,3,418.0,5.704737249173616,0
patchcore,HEI_comb2,leg,96,4,732.0,1,0,3,732.0,5.639882140689426,2
patchcore,HEI_comb2,leg,97,1,586.0,3,1,3,586.0,5.819930067929355,0
patchcore,HEI_comb2,leg,97,2,417.0,1,0,3,417.0,6.178978330948773,1
patchcore,HEI_comb2,leg,97,3,883.0,3,1,3,883.0,5.949019690354665,2
patchcore,HEI_comb2,leg,97,4,336.0,1,0,3,336.0,6.393745908030757,2
patchcore,HEI_comb2,leg,98,1,407.0,2,1,2,407.0,6.365038906444203,4
patchcore,HEI_comb2,leg,98,2,441.0,1,0,2,441.0,5.544471419134806,0
patchcore,HEI_comb2,leg,99,1,464.0,1,0,3,464.0,5.651358188726963,1
patchcore,HEI_comb2,leg,99,2,366.0,1,0,3,366.0,5.917468908670786,2
patchcore,HEI_comb2,leg,99,3,418.0,2,1,3,418.0,5.932466530799866,0
patchcore,HEI_comb2,leg,99,4,434.0,2,1,3,434.0,5.589804998258265,1
patchcore,HEI_comb2,leg,100,1,6012.0,2,1,2,6012.0,5.435199115587317,3
patchcore,HEI_comb2,leg,100,2,6013.0,2,1,2,6013.0,5.6986875301454125,0
patchcore,HEI_comb2,leg,102,1,426.0,2,1,2,426.0,6.081017609300284,2
patchcore,HEI_comb2,leg,102,2,425.0,1,0,2,425.0,5.792542786825271,2
patchcore,HEI_comb2,leg,104,1,458.0,2,1,3,458.0,5.950209744771322,4
patchcore,HEI_comb2,leg,104,2,422.0,2,1,3,422.0,5.826563857322515,4
patchcore,HEI_comb2,leg,104,3,611.0,1,0,3,611.0,5.496014521672175,4
patchcore,HEI_comb2,leg,104,4,8007.0,1,0,3,8007.0,5.555558179554186,3
patchcore,HEI_comb2,leg,105,1,328.0,1,0,2,328.0,5.856140212008827,4
patchcore,HEI_comb2,leg,105,2,380.0,2,1,2,380.0,5.52868669097488,0
patchcore,HEI_comb2,leg,106,1,1500.0,2,1,3,1500.0,5.484606066415476,1
patchcore,HEI_comb2,leg,106,2,420.0,1,0,3,420.0,6.224904048733595,4
patchcore,HEI_comb2,leg,106,3,895.0,1,0,3,895.0,5.867147953613944,2
patchcore,HEI_comb2,leg,106,4,744.0,1,0,3,744.0,5.717416604359944,2
patchcore,HEI_comb2,leg,107,1,6010.0,1,0,2,6010.0,6.475272931158543,4
patchcore,HEI_comb2,leg,107,2,459.0,1,0,2,459.0,5.9948793786471,2
patchcore,HEI_comb2,leg,108,1,311.0,2,1,3,311.0,5.615722621359477,4
patchcore,HEI_comb2,leg,108,2,448.0,1,0,3,448.0,5.447892305013296,3
patchcore,HEI_comb2,leg,108,3,350.0,2,1,3,350.0,5.689279556274414,1
patchcore,HEI_comb2,leg,108,4,2880.0,2,1,3,2880.0,5.8080128788948056,0
patchcore,HEI_comb2,leg,108,5,318.0,1,0,3,318.0,5.733249580860138,2
patchcore,HEI_comb2,leg,109,1,2917.0,2,1,2,2917.0,5.682491302490234,3
patchcore,HEI_comb2,leg,109,2,307.0,2,1,2,307.0,5.976126725023443,1
patchcore,HEI_comb2,leg,109,3,413.0,1,0,2,413.0,5.589296328715789,2
patchcore,HEI_comb2,leg,110,1,1446.0,1,0,1,1446.0,5.767586708068848,1
patchcore,HEI_comb2,leg,111,1,443.0,2,1,2,443.0,5.498902497084244,4
patchcore,HEI_comb2,leg,111,2,421.0,2,1,2,421.0,5.824800398614672,3
patchcore,HEI_comb2,leg,112,1,409.0,2,1,1,409.0,5.692655960718791,2
patchcore,HEI_comb2,leg,113,1,333.0,2,1,3,333.0,6.07105467054579,3
patchcore,HEI_comb2,leg,113,2,375.0,1,0,3,375.0,5.479932913909087,0
patchcore,HEI_comb2,leg,113,3,370.0,2,1,3,370.0,5.61105815987838,0
patchcore,HEI_comb2,leg,113,4,820.0,2,1,3,820.0,5.412206348619963,3
patchcore,HEI_comb2,leg,113,5,883.0,1,0,3,883.0,5.668392511514517,2
patchcore,HEI_comb2,leg,114,1,586.0,1,0,1,586.0,5.9915957649548846,0
patchcore,HEI_comb2,leg,115,1,336.0,2,1,2,336.0,5.879372017724173,2
patchcore,HEI_comb2,leg,115,2,732.0,2,1,2,732.0,5.450169832278521,2
patchcore,HEI_comb2,leg,116,1,423.0,2,1,3,423.0,6.126112587311688,3
patchcore,HEI_comb2,leg,116,2,419.0,1,0,3,419.0,5.605062089647565,1
patchcore,HEI_comb2,leg,117,1,2952.0,2,1,2,2952.0,5.781772051102076,2
patchcore,HEI_comb2,leg,117,2,417.0,2,1,2,417.0,5.613173171877861,1
patchcore,HEI_comb2,leg,118,1,352.0,1,0,3,352.0,5.577286389138964,3
patchcore,HEI_comb2,leg,118,2,304.0,2,1,3,304.0,5.801728235350715,1
patchcore,HEI_comb2,leg,118,3,433.0,2,1,3,433.0,5.656053092744616,0
patchcore,HEI_comb2,leg,118,4,768.0,1,0,3,768.0,6.314046700795491,0
patchcore,HEI_comb3,leg,1,1,582.0,2,1,2,582.0,5.633526438160946,2
patchcore,HEI_comb3,leg,1,2,403.0,2,1,2,403.0,5.800418981691686,4
patchcore,HEI_comb3,leg,2,1,578.0,1,0,2,578.0,5.875752889193022,3
patchcore,HEI_comb3,leg,2,2,603.0,1,0,2,603.0,5.780686855316162,3
patchcore,HEI_comb3,leg,3,1,431.0,1,0,2,431.0,5.786823143830171,1
patchcore,HEI_comb3,leg,3,2,555.0,2,1,2,555.0,5.832884157026136,0
patchcore,HEI_comb3,leg,3,3,766.0,2,1,2,766.0,6.054845527366355,3
patchcore,HEI_comb3,leg,4,1,550.0,1,0,2,550.0,5.615691295036903,0
patchcore,HEI_comb3,leg,4,2,419.0,1,0,2,419.0,5.515057135850955,1
patchcore,HEI_comb3,leg,6,1,416.0,1,0,1,416.0,5.782014812741961,0
patchcore,HEI_comb3,leg,7,1,568.0,1,0,3,568.0,6.033182306492583,3
patchcore,HEI_comb3,leg,7,2,,1,0,3,unknown,6.096857715536047,1
patchcore,HEI_comb3,leg,7,3,411.0,2,1,3,411.0,5.771658686704414,3
patchcore,HEI_comb3,leg,8,1,319.0,1,0,3,319.0,5.658259212970734,1
patchcore,HEI_comb3,leg,8,2,325.0,1,0,3,325.0,6.089144807873351,4
patchcore,HEI_comb3,leg,8,3,344.0,2,1,3,344.0,6.113098040223122,0
patchcore,HEI_comb3,leg,8,4,322.0,2,1,3,322.0,5.824962827894423,0
patchcore,HEI_comb3,leg,9,1,891.0,1,0,1,891.0,5.95406213760376,4
patchcore,HEI_comb3,leg,10,1,566.0,1,0,2,566.0,5.794010199998555,4
patchcore,HEI_comb3,leg,10,2,743.0,2,1,2,743.0,6.001108599872124,3
patchcore,HEI_comb3,leg,10,3,2928.0,1,0,2,2928.0,5.829716007883956,2
patchcore,HEI_comb3,leg,11,1,755.0,1,0,3,755.0,6.009534236996672,4
patchcore,HEI_comb3,leg,11,2,884.0,2,1,3,884.0,6.238373918966814,4
patchcore,HEI_comb3,leg,11,3,739.0,2,1,3,739.0,6.001531255245209,4
patchcore,HEI_comb3,leg,11,4,554.0,2,1,3,554.0,5.859201806656857,1
patchcore,HEI_comb3,leg,11,5,313.0,1,0,3,313.0,5.67841950416565,0
patchcore,HEI_comb3,leg,11,6,890.0,1,0,3,890.0,6.354248613924594,0
patchcore,HEI_comb3,leg,11,7,328.0,2,1,3,328.0,6.719623870037972,4
patchcore,HEI_comb3,leg,11,8,373.0,1,0,3,373.0,6.224173777031176,3
patchcore,HEI_comb3,leg,12,1,879.0,1,0,2,879.0,6.472656108714916,2
patchcore,HEI_comb3,leg,12,2,826.0,2,1,2,826.0,6.291163722674052,1
patchcore,HEI_comb3,leg,13,1,884.0,3,1,1,884.0,6.17029410142165,4
patchcore,HEI_comb3,leg,14,1,1450.0,2,1,3,1450.0,6.180915498733521,0
patchcore,HEI_comb3,leg,14,2,865.0,2,1,3,865.0,5.925128830803765,1
patchcore,HEI_comb3,leg,14,3,339.0,2,1,3,339.0,6.566416178809272,1
patchcore,HEI_comb3,leg,14,4,301.0,1,0,3,301.0,6.239543047818271,4
patchcore,HEI_comb3,leg,14,5,328.0,2,1,3,328.0,6.201207972587423,4
patchcore,HEI_comb3,leg,14,6,817.0,1,0,3,817.0,6.245996137944664,2
patchcore,HEI_comb3,leg,15,1,775.0,2,1,1,775.0,6.022826357891685,4
patchcore,HEI_comb3,leg,16,1,319.0,1,0,1,319.0,6.027810880116054,1
patchcore,HEI_comb3,leg,17,1,825.0,2,1,1,825.0,5.820913680394491,2
patchcore,HEI_comb3,leg,18,1,313.0,1,0,3,313.0,6.525301101880196,0
patchcore,HEI_comb3,leg,18,2,818.0,2,1,3,818.0,6.233706868213156,4
patchcore,HEI_comb3,leg,18,3,894.0,2,1,3,894.0,6.003691041791761,3
patchcore,HEI_comb3,leg,18,4,345.0,1,0,3,345.0,6.373611807823181,4
patchcore,HEI_comb3,leg,19,1,369.0,2,1,1,369.0,6.221078409467425,1
patchcore,HEI_comb3,leg,20,1,769.0,2,1,2,769.0,6.47248261315482,2
patchcore,HEI_comb3,leg,20,2,997.0,1,0,2,997.0,6.0128055316645925,1
patchcore,HEI_comb3,leg,21,1,408.0,1,0,3,408.0,6.259915120673902,1
patchcore,HEI_comb3,leg,21,2,785.0,2,1,3,785.0,6.3764746487140656,2
patchcore,HEI_comb3,leg,21,3,2892.0,1,0,3,2892.0,5.792648392338907,4
patchcore,HEI_comb3,leg,22,1,331.0,1,0,3,331.0,5.942104070614546,4
patchcore,HEI_comb3,leg,22,2,743.0,2,1,3,743.0,5.947738280663123,3
patchcore,HEI_comb3,leg,22,3,437.0,1,0,3,437.0,5.979337182155875,1
patchcore,HEI_comb3,leg,22,4,6003.0,1,0,3,6003.0,5.9938529673076815,0
patchcore,HEI_comb3,leg,22,5,350.0,2,1,3,350.0,5.729547319741084,1
patchcore,HEI_comb3,leg,22,6,858.0,2,1,3,858.0,5.7415198438307815,0
patchcore,HEI_comb3,leg,23,1,568.0,1,0,2,568.0,6.055026555061341,3
patchcore,HEI_comb3,leg,23,2,302.0,1,0,2,302.0,6.2842186027103,3
patchcore,HEI_comb3,leg,24,1,566.0,1,0,1,566.0,5.939120160208808,4
patchcore,HEI_comb3,leg,27,1,405.0,2,1,3,405.0,6.077387027251414,3
patchcore,HEI_comb3,leg,27,2,317.0,2,1,3,317.0,5.8425780194146295,3
patchcore,HEI_comb3,leg,27,3,8006.0,1,0,3,8006.0,6.055092667088364,2
patchcore,HEI_comb3,leg,27,4,2941.0,2,1,3,2941.0,6.48090636028963,0
patchcore,HEI_comb3,leg,27,5,774.0,2,1,3,774.0,6.052115551630656,0
patchcore,HEI_comb3,leg,27,6,327.0,2,1,3,327.0,5.818870271955218,0
patchcore,HEI_comb3,leg,27,7,584.0,2,1,3,584.0,5.6033707618713375,1
patchcore,HEI_comb3,leg,27,8,550.0,1,0,3,550.0,5.7799746036529545,0
patchcore,HEI_comb3,leg,27,9,779.0,1,0,3,779.0,5.838845087931706,4
patchcore,HEI_comb3,leg,28,1,313.0,1,0,3,313.0,5.861173137029012,0
patchcore,HEI_comb3,leg,28,2,826.0,2,1,3,826.0,6.100951518331256,1
patchcore,HEI_comb3,leg,28,3,817.0,1,0,3,817.0,6.217803955078125,2
patchcore,HEI_comb3,leg,29,1,2952.0,2,1,3,2952.0,6.068355706002977,2
patchcore,HEI_comb3,leg,29,2,781.0,2,1,3,781.0,6.260511643545968,3
patchcore,HEI_comb3,leg,29,3,369.0,1,0,3,369.0,6.025319748454624,1
patchcore,HEI_comb3,leg,34,1,858.0,2,1,2,858.0,6.125210748778449,0
patchcore,HEI_comb3,leg,34,2,2932.0,2,1,2,2932.0,6.011941934886732,1
patchcore,HEI_comb3,leg,35,1,586.0,1,0,3,586.0,5.922465452333776,0
patchcore,HEI_comb3,leg,35,2,317.0,2,1,3,317.0,5.956463146209717,3
patchcore,HEI_comb3,leg,35,3,405.0,1,0,3,405.0,6.196615511720831,3
patchcore,HEI_comb3,leg,35,4,2892.0,1,0,3,2892.0,6.1272529225016745,4
patchcore,HEI_comb3,leg,35,5,351.0,1,0,3,351.0,5.997059941291809,3
patchcore,HEI_comb3,leg,36,1,582.0,2,1,1,582.0,5.9110450415775695,2
patchcore,HEI_comb3,leg,37,1,739.0,1,0,1,739.0,6.001257803705004,4
patchcore,HEI_comb3,leg,39,1,882.0,2,1,2,882.0,6.018236104179831,1
patchcore,HEI_comb3,leg,39,2,794.0,2,1,2,794.0,6.092344596982002,0
patchcore,HEI_comb3,leg,40,1,876.0,2,1,3,876.0,6.014792218500254,3
patchcore,HEI_comb3,leg,40,2,331.0,1,0,3,331.0,6.217203035354614,4
patchcore,HEI_comb3,leg,40,3,805.0,2,1,3,805.0,6.008717769231552,0
patchcore,HEI_comb3,leg,40,4,786.0,2,1,3,786.0,6.293588066101075,1
patchcore,HEI_comb3,leg,40,5,402.0,1,0,3,402.0,6.172535300254822,3
patchcore,HEI_comb3,leg,40,6,742.0,1,0,3,742.0,5.919171396054719,0
patchcore,HEI_comb3,leg,41,1,401.0,2,1,3,401.0,6.097089300984922,4
patchcore,HEI_comb3,leg,41,2,367.0,1,0,3,367.0,6.0357887890874125,1
patchcore,HEI_comb3,leg,42,1,889.0,2,1,1,889.0,6.20679912964503,2
patchcore,HEI_comb3,leg,50,1,458.0,2,1,1,458.0,6.13228095902337,4
patchcore,HEI_comb3,leg,51,1,455.0,1,0,2,455.0,5.906584123285805,3
patchcore,HEI_comb3,leg,51,2,387.0,1,0,2,387.0,6.1534214521709245,0
patchcore,HEI_comb3,leg,52,1,377.0,2,1,1,377.0,5.998761528416684,2
patchcore,HEI_comb3,leg,53,1,450.0,1,0,2,450.0,6.237652248806423,0
patchcore,HEI_comb3,leg,54,1,462.0,1,0,3,462.0,6.1755868172159,1
patchcore,HEI_comb3,leg,54,2,431.0,2,1,3,431.0,5.896058924654697,1
patchcore,HEI_comb3,leg,54,3,327.0,2,1,3,327.0,5.9556140581766766,0
patchcore,HEI_comb3,leg,55,1,443.0,3,1,1,443.0,6.019552862921427,4
patchcore,HEI_comb3,leg,56,1,459.0,1,0,1,459.0,5.834915684490669,2
patchcore,HEI_comb3,leg,57,1,736.0,2,1,1,736.0,6.029755942026774,1
patchcore,HEI_comb3,leg,58,1,611.0,1,0,2,611.0,6.088801349912371,4
patchcore,HEI_comb3,leg,58,2,579.0,1,0,2,579.0,5.760330552146549,2
patchcore,HEI_comb3,leg,59,1,6013.0,1,0,3,6013.0,5.976972018347846,0
patchcore,HEI_comb3,leg,59,2,763.0,2,1,3,763.0,6.189675143786839,1
patchcore,HEI_comb3,leg,59,3,820.0,1,0,3,820.0,5.970141482353211,3
patchcore,HEI_comb3,leg,59,4,8001.0,1,0,3,8001.0,6.0686234127391465,4
patchcore,HEI_comb3,leg,59,5,434.0,2,1,3,434.0,5.5201297564940015,1
patchcore,HEI_comb3,leg,60,1,586.0,1,0,3,586.0,5.499948664715416,0
patchcore,HEI_comb3,leg,60,2,413.0,2,1,3,413.0,5.821029424667358,2
patchcore,HEI_comb3,leg,60,3,333.0,2,1,3,333.0,6.084689957754953,3
patchcore,HEI_comb3,leg,60,4,886.0,2,1,3,886.0,6.132339155351794,3
patchcore,HEI_comb3,leg,60,5,407.0,2,1,3,407.0,6.076329646966396,4
patchcore,HEI_comb3,leg,60,6,380.0,1,0,3,380.0,6.011121602285476,0
patchcore,HEI_comb3,leg,60,7,583.0,2,1,3,583.0,5.773732723333897,1
patchcore,HEI_comb3,leg,61,1,575.0,1,0,1,575.0,5.891473805904388,4
patchcore,HEI_comb3,leg,62,1,419.0,1,0,3,419.0,5.723069036708159,1
patchcore,HEI_comb3,leg,62,2,441.0,1,0,3,441.0,6.174140439714704,0
patchcore,HEI_comb3,leg,62,3,732.0,2,1,3,732.0,5.584611164198981,2
patchcore,HEI_comb3,leg,63,1,867.0,2,1,3,867.0,5.903446356455485,0
patchcore,HEI_comb3,leg,63,2,6012.0,1,0,3,6012.0,5.881189073835101,3
patchcore,HEI_comb3,leg,63,3,823.0,2,1,3,823.0,5.857945723967119,3
patchcore,HEI_comb3,leg,63,4,318.0,1,0,3,318.0,5.603963075682175,2
patchcore,HEI_comb3,leg,63,5,2880.0,2,1,3,2880.0,5.840088693719161,0
patchcore,HEI_comb3,leg,65,1,2925.0,1,0,2,2925.0,5.9860015204458525,3
patchcore,HEI_comb3,leg,65,2,311.0,2,1,2,311.0,5.993811279535294,4
patchcore,HEI_comb3,leg,66,1,772.0,3,1,3,772.0,6.691487928231557,1
patchcore,HEI_comb3,leg,66,2,411.0,1,0,3,411.0,6.068641946429298,3
patchcore,HEI_comb3,leg,66,3,306.0,2,1,3,306.0,6.37175810964484,2
patchcore,HEI_comb3,leg,66,4,330.0,2,1,3,330.0,6.052814984932924,3
patchcore,HEI_comb3,leg,67,1,403.0,1,0,2,403.0,5.56018308589333,4
patchcore,HEI_comb3,leg,67,2,409.0,1,0,2,409.0,5.780670313608079,2
patchcore,HEI_comb3,leg,67,3,8007.0,2,1,2,8007.0,5.643791933317442,3
patchcore,HEI_comb3,leg,67,4,8003.0,2,1,2,8003.0,5.825716345650809,3
patchcore,HEI_comb3,leg,69,1,304.0,2,1,3,304.0,6.070101947784424,1
patchcore,HEI_comb3,leg,69,2,422.0,2,1,3,422.0,5.764769580629137,4
patchcore,HEI_comb3,leg,70,1,768.0,2,1,1,768.0,6.260343790054321,0
patchcore,HEI_comb3,leg,71,1,1500.0,1,0,3,1500.0,5.7952147126197815,1
patchcore,HEI_comb3,leg,71,2,305.0,2,1,3,305.0,6.03506500293047,0
patchcore,HEI_comb3,leg,71,3,418.0,2,1,3,418.0,6.268722708632306,0
patchcore,HEI_comb3,leg,71,4,744.0,2,1,3,744.0,5.822350415316495,2
patchcore,HEI_comb3,leg,71,5,883.0,1,0,3,883.0,5.889791792089289,2
patchcore,HEI_comb3,leg,71,6,375.0,1,0,3,375.0,5.422853958315965,0
patchcore,HEI_comb3,leg,71,7,543.0,2,1,3,543.0,6.1455488204956055,3
patchcore,HEI_comb3,leg,72,1,352.0,2,1,1,352.0,5.769021007749769,3
patchcore,HEI_comb3,leg,73,1,426.0,2,1,2,426.0,6.034784860610962,2
patchcore,HEI_comb3,leg,73,2,423.0,1,0,2,423.0,6.471388280391693,3
patchcore,HEI_comb3,leg,73,3,336.0,2,1,2,336.0,5.953014024874059,2
patchcore,HEI_comb3,leg,73,4,2917.0,2,1,2,2917.0,5.8483368669237406,3
patchcore,HEI_comb3,leg,73,5,417.0,2,1,2,417.0,6.02752771642473,1
patchcore,HEI_comb3,leg,74,1,433.0,1,0,1,433.0,6.325228558030239,0
patchcore,HEI_comb3,leg,76,1,372.0,1,0,1,372.0,5.800638465320363,4
patchcore,HEI_comb3,leg,77,1,549.0,1,0,2,549.0,5.899069953609157,2
patchcore,HEI_comb3,leg,77,2,365.0,1,0,2,365.0,5.651994436215132,2
patchcore,HEI_comb3,leg,79,1,472.0,2,1,3,472.0,6.019390412739345,4
patchcore,HEI_comb3,leg,79,2,406.0,3,1,3,406.0,5.879243731498718,2
patchcore,HEI_comb3,leg,79,3,873.0,1,0,3,873.0,6.126197030146916,4
patchcore,HEI_comb3,leg,80,1,383.0,1,0,3,383.0,5.858481716465306,1
patchcore,HEI_comb3,leg,80,2,739.0,1,0,3,739.0,5.623158564934363,4
patchcore,HEI_comb3,leg,80,3,889.0,2,1,3,889.0,5.840040427882497,2
patchcore,HEI_comb3,leg,80,4,305.0,2,1,3,305.0,5.97431671297228,0
patchcore,HEI_comb3,leg,82,1,338.0,1,0,3,338.0,5.736251740228562,2
patchcore,HEI_comb3,leg,82,2,407.0,2,1,3,407.0,5.661702849648216,4
patchcore,HEI_comb3,leg,82,3,350.0,1,0,3,350.0,5.796516721898859,1
patchcore,HEI_comb3,leg,82,4,441.0,1,0,3,441.0,5.563989816393171,0
patchcore,HEI_comb3,leg,82,5,464.0,1,0,3,464.0,5.430086257609915,1
patchcore,HEI_comb3,leg,82,6,423.0,1,0,3,423.0,5.944935889471145,3
patchcore,HEI_comb3,leg,84,1,613.0,2,1,1,613.0,5.741294617123074,2
patchcore,HEI_comb3,leg,85,1,457.0,1,0,3,457.0,5.838793977101644,2
patchcore,HEI_comb3,leg,85,2,366.0,1,0,3,366.0,5.52914123756941,2
patchcore,HEI_comb3,leg,85,3,448.0,1,0,3,448.0,5.409082877926711,3
patchcore,HEI_comb3,leg,85,4,434.0,2,1,3,434.0,5.523223203161488,1
patchcore,HEI_comb3,leg,85,5,583.0,2,1,3,583.0,5.349005850878629,1
patchcore,HEI_comb3,leg,85,6,419.0,1,0,3,419.0,5.4355696723574685,1
patchcore,HEI_comb3,leg,86,1,6012.0,2,1,1,6012.0,5.891882517398932,3
patchcore,HEI_comb3,leg,87,1,763.0,2,1,2,763.0,6.523236632347107,1
patchcore,HEI_comb3,leg,88,1,820.0,2,1,3,820.0,5.405123762182288,3
patchcore,HEI_comb3,leg,88,2,467.0,2,1,3,467.0,5.6256526708602905,0
patchcore,HEI_comb3,leg,88,3,801.0,2,1,3,801.0,5.945190291934543,1
patchcore,HEI_comb3,leg,88,4,1458.0,1,0,3,1458.0,5.701056586371528,4
patchcore,HEI_comb3,leg,89,1,411.0,2,1,3,411.0,6.078795946561373,3
patchcore,HEI_comb3,leg,89,2,426.0,2,1,3,426.0,5.854903420736624,2
patchcore,HEI_comb3,leg,89,3,886.0,1,0,3,886.0,5.8349595653767485,3
patchcore,HEI_comb3,leg,89,4,775.0,1,0,3,775.0,6.082225866317749,4
patchcore,HEI_comb3,leg,90,1,458.0,2,1,3,458.0,5.942118871009956,4
patchcore,HEI_comb3,leg,90,2,422.0,1,0,3,422.0,6.349441911493029,4
patchcore,HEI_comb3,leg,90,3,452.0,1,0,3,452.0,5.725919034745958,4
patchcore,HEI_comb3,leg,90,4,413.0,1,0,3,413.0,5.631234865188599,2
patchcore,HEI_comb3,leg,94,1,333.0,2,1,1,333.0,5.847488814386828,3
patchcore,HEI_comb3,leg,96,1,1500.0,1,0,3,1500.0,5.751249146461487,1
patchcore,HEI_comb3,leg,96,2,375.0,2,1,3,375.0,5.414446895186965,0
patchcore,HEI_comb3,leg,96,3,418.0,2,1,3,418.0,5.763049200961464,0
patchcore,HEI_comb3,leg,96,4,732.0,1,0,3,732.0,5.688451141781277,2
patchcore,HEI_comb3,leg,97,1,586.0,3,1,3,586.0,5.890131196108731,0
patchcore,HEI_comb3,leg,97,2,417.0,1,0,3,417.0,6.1682140406440285,1
patchcore,HEI_comb3,leg,97,3,883.0,3,1,3,883.0,5.904823313156764,2
patchcore,HEI_comb3,leg,97,4,336.0,1,0,3,336.0,6.437855508592394,2
patchcore,HEI_comb3,leg,98,1,407.0,2,1,2,407.0,6.431183693625711,4
patchcore,HEI_comb3,leg,98,2,441.0,1,0,2,441.0,5.552879266960677,0
patchcore,HEI_comb3,leg,99,1,464.0,1,0,3,464.0,5.715985285930144,1
patchcore,HEI_comb3,leg,99,2,366.0,1,0,3,366.0,6.077216148376465,2
patchcore,HEI_comb3,leg,99,3,418.0,2,1,3,418.0,5.845612287521362,0
patchcore,HEI_comb3,leg,99,4,434.0,2,1,3,434.0,5.588012986066865,1
patchcore,HEI_comb3,leg,100,1,6012.0,2,1,2,6012.0,5.453430818474812,3
patchcore,HEI_comb3,leg,100,2,6013.0,2,1,2,6013.0,5.82824225542022,0
patchcore,HEI_comb3,leg,102,1,426.0,2,1,2,426.0,6.135848826375501,2
patchcore,HEI_comb3,leg,102,2,425.0,1,0,2,425.0,5.941713923499698,2
patchcore,HEI_comb3,leg,104,1,458.0,2,1,3,458.0,5.855402840508355,4
patchcore,HEI_comb3,leg,104,2,422.0,2,1,3,422.0,5.758767782255661,4
patchcore,HEI_comb3,leg,104,3,611.0,1,0,3,611.0,5.5722982333256645,4
patchcore,HEI_comb3,leg,104,4,8007.0,1,0,3,8007.0,5.65946730814482,3
patchcore,HEI_comb3,leg,105,1,328.0,1,0,2,328.0,5.769289518657484,4
patchcore,HEI_comb3,leg,105,2,380.0,2,1,2,380.0,5.619906696113381,0
patchcore,HEI_comb3,leg,106,1,1500.0,2,1,3,1500.0,5.518157282540964,1
patchcore,HEI_comb3,leg,106,2,420.0,1,0,3,420.0,6.333313930325392,4
patchcore,HEI_comb3,leg,106,3,895.0,1,0,3,895.0,5.853921724402386,2
patchcore,HEI_comb3,leg,106,4,744.0,1,0,3,744.0,5.885184476772944,2
patchcore,HEI_comb3,leg,107,1,6010.0,1,0,2,6010.0,6.443253003060818,4
patchcore,HEI_comb3,leg,107,2,459.0,1,0,2,459.0,6.129525231533363,2
patchcore,HEI_comb3,leg,108,1,311.0,2,1,3,311.0,5.733982504867926,4
patchcore,HEI_comb3,leg,108,2,448.0,1,0,3,448.0,5.58176393766661,3
patchcore,HEI_comb3,leg,108,3,350.0,2,1,3,350.0,5.946559429168701,1
patchcore,HEI_comb3,leg,108,4,2880.0,2,1,3,2880.0,5.7932589769363405,0
patchcore,HEI_comb3,leg,108,5,318.0,1,0,3,318.0,5.853693914413452,2
patchcore,HEI_comb3,leg,109,1,2917.0,2,1,2,2917.0,5.777865270288979,3
patchcore,HEI_comb3,leg,109,2,307.0,2,1,2,307.0,6.2311859781091865,1
patchcore,HEI_comb3,leg,109,3,413.0,1,0,2,413.0,5.495526338234926,2
patchcore,HEI_comb3,leg,110,1,1446.0,1,0,1,1446.0,5.882803818758796,1
patchcore,HEI_comb3,leg,111,1,443.0,2,1,2,443.0,5.636417119399361,4
patchcore,HEI_comb3,leg,111,2,421.0,2,1,2,421.0,5.825424724155003,3
patchcore,HEI_comb3,leg,112,1,409.0,2,1,1,409.0,5.737139834298028,2
patchcore,HEI_comb3,leg,113,1,333.0,2,1,3,333.0,5.95484897825453,3
patchcore,HEI_comb3,leg,113,2,375.0,1,0,3,375.0,5.557329152081464,0
patchcore,HEI_comb3,leg,113,3,370.0,2,1,3,370.0,5.648959523753116,0
patchcore,HEI_comb3,leg,113,4,820.0,2,1,3,820.0,5.531029487911024,3
patchcore,HEI_comb3,leg,113,5,883.0,1,0,3,883.0,5.6865746057950535,2
patchcore,HEI_comb3,leg,114,1,586.0,1,0,1,586.0,5.921373595794042,0
patchcore,HEI_comb3,leg,115,1,336.0,2,1,2,336.0,5.835462558837164,2
patchcore,HEI_comb3,leg,115,2,732.0,2,1,2,732.0,5.452530995393411,2
patchcore,HEI_comb3,leg,116,1,423.0,2,1,3,423.0,6.100969931658576,3
patchcore,HEI_comb3,leg,116,2,419.0,1,0,3,419.0,5.59196412222726,1
patchcore,HEI_comb3,leg,117,1,2952.0,2,1,2,2952.0,5.851912901951716,2
patchcore,HEI_comb3,leg,117,2,417.0,2,1,2,417.0,5.539599046111107,1
patchcore,HEI_comb3,leg,118,1,352.0,1,0,3,352.0,5.532409389813741,3
patchcore,HEI_comb3,leg,118,2,304.0,2,1,3,304.0,5.825948185390896,1
patchcore,HEI_comb3,leg,118,3,433.0,2,1,3,433.0,5.646262566248576,0
patchcore,HEI_comb3,leg,118,4,768.0,1,0,3,768.0,6.066266187032064,0
patchcore,HEI_comb4,leg,1,1,582.0,2,1,2,582.0,5.40898238985162,2
patchcore,HEI_comb4,leg,1,2,403.0,2,1,2,403.0,5.68080713690781,4
patchcore,HEI_comb4,leg,2,1,578.0,1,0,2,578.0,5.6610648937714405,3
patchcore,HEI_comb4,leg,2,2,603.0,1,0,2,603.0,5.79150635545904,3
patchcore,HEI_comb4,leg,3,1,431.0,1,0,2,431.0,5.702364290082777,1
patchcore,HEI_comb4,leg,3,2,555.0,2,1,2,555.0,5.708011768959664,0
patchcore,HEI_comb4,leg,3,3,766.0,2,1,2,766.0,6.141790478317826,3
patchcore,HEI_comb4,leg,4,1,550.0,1,0,2,550.0,5.526437514867538,0
patchcore,HEI_comb4,leg,4,2,419.0,1,0,2,419.0,5.447449219532502,1
patchcore,HEI_comb4,leg,6,1,416.0,1,0,1,416.0,5.782822234289987,0
patchcore,HEI_comb4,leg,7,1,568.0,1,0,3,568.0,5.970951029594908,3
patchcore,HEI_comb4,leg,7,2,,1,0,3,unknown,6.068192738073844,1
patchcore,HEI_comb4,leg,7,3,411.0,2,1,3,411.0,5.682438340297965,3
patchcore,HEI_comb4,leg,8,1,319.0,1,0,3,319.0,5.7377156019210815,1
patchcore,HEI_comb4,leg,8,2,325.0,1,0,3,325.0,6.051718914147579,4
patchcore,HEI_comb4,leg,8,3,344.0,2,1,3,344.0,5.998241439461708,0
patchcore,HEI_comb4,leg,8,4,322.0,2,1,3,322.0,5.7161661077428745,0
patchcore,HEI_comb4,leg,9,1,891.0,1,0,1,891.0,6.155840511322022,4
patchcore,HEI_comb4,leg,10,1,566.0,1,0,2,566.0,5.830420468982897,4
patchcore,HEI_comb4,leg,10,2,743.0,2,1,2,743.0,5.863136826491937,3
patchcore,HEI_comb4,leg,10,3,2928.0,1,0,2,2928.0,5.731233480500012,2
patchcore,HEI_comb4,leg,11,1,755.0,1,0,3,755.0,6.056383155113043,4
patchcore,HEI_comb4,leg,11,2,884.0,2,1,3,884.0,6.1682631535963575,4
patchcore,HEI_comb4,leg,11,3,739.0,2,1,3,739.0,5.8967333912849424,4
patchcore,HEI_comb4,leg,11,4,554.0,2,1,3,554.0,5.694836058515183,1
patchcore,HEI_comb4,leg,11,5,313.0,1,0,3,313.0,5.539862337112427,0
patchcore,HEI_comb4,leg,11,6,890.0,1,0,3,890.0,6.324360473735912,0
patchcore,HEI_comb4,leg,11,7,328.0,2,1,3,328.0,6.96688419707278,4
patchcore,HEI_comb4,leg,11,8,373.0,1,0,3,373.0,5.9554821505691065,3
patchcore,HEI_comb4,leg,12,1,879.0,1,0,2,879.0,6.475464485309742,2
patchcore,HEI_comb4,leg,12,2,826.0,2,1,2,826.0,6.2153768340746565,1
patchcore,HEI_comb4,leg,13,1,884.0,3,1,1,884.0,6.032397783719576,4
patchcore,HEI_comb4,leg,14,1,1450.0,2,1,3,1450.0,6.232609272003174,0
patchcore,HEI_comb4,leg,14,2,865.0,2,1,3,865.0,5.893132252163357,1
patchcore,HEI_comb4,leg,14,3,339.0,2,1,3,339.0,6.506210094028049,1
patchcore,HEI_comb4,leg,14,4,301.0,1,0,3,301.0,6.0168654485182325,4
patchcore,HEI_comb4,leg,14,5,328.0,2,1,3,328.0,6.14738717992255,4
patchcore,HEI_comb4,leg,14,6,817.0,1,0,3,817.0,6.304241913120921,2
patchcore,HEI_comb4,leg,15,1,775.0,2,1,1,775.0,5.924790106321636,4
patchcore,HEI_comb4,leg,16,1,319.0,1,0,1,319.0,6.202895096370152,1
patchcore,HEI_comb4,leg,17,1,825.0,2,1,1,825.0,5.925061480204264,2
patchcore,HEI_comb4,leg,18,1,313.0,1,0,3,313.0,6.530539818299123,0
patchcore,HEI_comb4,leg,18,2,818.0,2,1,3,818.0,6.280502754708995,4
patchcore,HEI_comb4,leg,18,3,894.0,2,1,3,894.0,5.931343207488188,3
patchcore,HEI_comb4,leg,18,4,345.0,1,0,3,345.0,6.383495330810547,4
patchcore,HEI_comb4,leg,19,1,369.0,2,1,1,369.0,6.083221789768764,1
patchcore,HEI_comb4,leg,20,1,769.0,2,1,2,769.0,6.328205074582781,2
patchcore,HEI_comb4,leg,20,2,997.0,1,0,2,997.0,5.846781428267316,1
patchcore,HEI_comb4,leg,21,1,408.0,1,0,3,408.0,6.289944793238784,1
patchcore,HEI_comb4,leg,21,2,785.0,2,1,3,785.0,6.31696991622448,2
patchcore,HEI_comb4,leg,21,3,2892.0,1,0,3,2892.0,5.881912308354532,4
patchcore,HEI_comb4,leg,22,1,331.0,1,0,3,331.0,5.785903148162059,4
patchcore,HEI_comb4,leg,22,2,743.0,2,1,3,743.0,5.9313596578744745,3
patchcore,HEI_comb4,leg,22,3,437.0,1,0,3,437.0,5.778976118841837,1
patchcore,HEI_comb4,leg,22,4,6003.0,1,0,3,6003.0,6.038984162466867,0
patchcore,HEI_comb4,leg,22,5,350.0,2,1,3,350.0,5.804562667320514,1
patchcore,HEI_comb4,leg,22,6,858.0,2,1,3,858.0,5.743618151720832,0
patchcore,HEI_comb4,leg,23,1,568.0,1,0,2,568.0,6.147963416576386,3
patchcore,HEI_comb4,leg,23,2,302.0,1,0,2,302.0,6.303660233815511,3
patchcore,HEI_comb4,leg,24,1,566.0,1,0,1,566.0,6.114405446582371,4
patchcore,HEI_comb4,leg,27,1,405.0,2,1,3,405.0,6.196756741939447,3
patchcore,HEI_comb4,leg,27,2,317.0,2,1,3,317.0,5.69731262751988,3
patchcore,HEI_comb4,leg,27,3,8006.0,1,0,3,8006.0,5.977487766381466,2
patchcore,HEI_comb4,leg,27,4,2941.0,2,1,3,2941.0,6.350182056427002,0
patchcore,HEI_comb4,leg,27,5,774.0,2,1,3,774.0,6.04314398765564,0
patchcore,HEI_comb4,leg,27,6,327.0,2,1,3,327.0,5.812721252441406,0
patchcore,HEI_comb4,leg,27,7,584.0,2,1,3,584.0,5.510239187876383,1
patchcore,HEI_comb4,leg,27,8,550.0,1,0,3,550.0,5.799789333343506,0
patchcore,HEI_comb4,leg,27,9,779.0,1,0,3,779.0,5.797036336018489,4
patchcore,HEI_comb4,leg,28,1,313.0,1,0,3,313.0,5.9464862982432045,0
patchcore,HEI_comb4,leg,28,2,826.0,2,1,3,826.0,6.28211636202676,1
patchcore,HEI_comb4,leg,28,3,817.0,1,0,3,817.0,6.394652009010315,2
patchcore,HEI_comb4,leg,29,1,2952.0,2,1,3,2952.0,6.134729464848836,2
patchcore,HEI_comb4,leg,29,2,781.0,2,1,3,781.0,6.122444684164865,3
patchcore,HEI_comb4,leg,29,3,369.0,1,0,3,369.0,6.17798195944892,1
patchcore,HEI_comb4,leg,34,1,858.0,2,1,2,858.0,6.181422313054402,0
patchcore,HEI_comb4,leg,34,2,2932.0,2,1,2,2932.0,6.009286039753964,1
patchcore,HEI_comb4,leg,35,1,586.0,1,0,3,586.0,6.047642137946152,0
patchcore,HEI_comb4,leg,35,2,317.0,2,1,3,317.0,6.018224514855278,3
patchcore,HEI_comb4,leg,35,3,405.0,1,0,3,405.0,6.196232839064165,3
patchcore,HEI_comb4,leg,35,4,2892.0,1,0,3,2892.0,6.082158720770548,4
patchcore,HEI_comb4,leg,35,5,351.0,1,0,3,351.0,6.0568748116493225,3
patchcore,HEI_comb4,leg,36,1,582.0,2,1,1,582.0,5.832206627418255,2
patchcore,HEI_comb4,leg,37,1,739.0,1,0,1,739.0,6.129281507598029,4
patchcore,HEI_comb4,leg,39,1,882.0,2,1,2,882.0,6.081965208053589,1
patchcore,HEI_comb4,leg,39,2,794.0,2,1,2,794.0,6.120348364114761,0
patchcore,HEI_comb4,leg,40,1,876.0,2,1,3,876.0,6.00334543111373,3
patchcore,HEI_comb4,leg,40,2,331.0,1,0,3,331.0,6.191747608184815,4
patchcore,HEI_comb4,leg,40,3,805.0,2,1,3,805.0,6.071424056322146,0
patchcore,HEI_comb4,leg,40,4,786.0,2,1,3,786.0,6.23403754234314,1
patchcore,HEI_comb4,leg,40,5,402.0,1,0,3,402.0,6.181191909313202,3
patchcore,HEI_comb4,leg,40,6,742.0,1,0,3,742.0,5.857656303204988,0
patchcore,HEI_comb4,leg,41,1,401.0,2,1,3,401.0,6.170315618100374,4
patchcore,HEI_comb4,leg,41,2,367.0,1,0,3,367.0,6.048959469308659,1
patchcore,HEI_comb4,leg,42,1,889.0,2,1,1,889.0,6.487065712610881,2
patchcore,HEI_comb4,leg,50,1,458.0,2,1,1,458.0,5.887088166342841,4
patchcore,HEI_comb4,leg,51,1,455.0,1,0,2,455.0,5.84969752009322,3
patchcore,HEI_comb4,leg,51,2,387.0,1,0,2,387.0,6.018279326589484,0
patchcore,HEI_comb4,leg,52,1,377.0,2,1,1,377.0,5.977595003027665,2
patchcore,HEI_comb4,leg,53,1,450.0,1,0,2,450.0,6.22419363922543,0
patchcore,HEI_comb4,leg,54,1,462.0,1,0,3,462.0,6.086767624835579,1
patchcore,HEI_comb4,leg,54,2,431.0,2,1,3,431.0,5.874019369165948,1
patchcore,HEI_comb4,leg,54,3,327.0,2,1,3,327.0,5.886018265618218,0
patchcore,HEI_comb4,leg,55,1,443.0,3,1,1,443.0,6.07703004881393,4
patchcore,HEI_comb4,leg,56,1,459.0,1,0,1,459.0,5.7690867098366345,2
patchcore,HEI_comb4,leg,57,1,736.0,2,1,1,736.0,6.080405595567491,1
patchcore,HEI_comb4,leg,58,1,611.0,1,0,2,611.0,5.982498248418172,4
patchcore,HEI_comb4,leg,58,2,579.0,1,0,2,579.0,5.695039022536505,2
patchcore,HEI_comb4,leg,59,1,6013.0,1,0,3,6013.0,6.015315130021837,0
patchcore,HEI_comb4,leg,59,2,763.0,2,1,3,763.0,6.280460834503174,1
patchcore,HEI_comb4,leg,59,3,820.0,1,0,3,820.0,5.954615724086762,3
patchcore,HEI_comb4,leg,59,4,8001.0,1,0,3,8001.0,5.944134636358782,4
patchcore,HEI_comb4,leg,59,5,434.0,2,1,3,434.0,5.462169116193598,1
patchcore,HEI_comb4,leg,60,1,586.0,1,0,3,586.0,5.436751202533119,0
patchcore,HEI_comb4,leg,60,2,413.0,2,1,3,413.0,5.749944674968719,2
patchcore,HEI_comb4,leg,60,3,333.0,2,1,3,333.0,6.058353124346052,3
patchcore,HEI_comb4,leg,60,4,886.0,2,1,3,886.0,5.890338137343123,3
patchcore,HEI_comb4,leg,60,5,407.0,2,1,3,407.0,6.04469189277062,4
patchcore,HEI_comb4,leg,60,6,380.0,1,0,3,380.0,5.912283363796416,0
patchcore,HEI_comb4,leg,60,7,583.0,2,1,3,583.0,5.702211453364446,1
patchcore,HEI_comb4,leg,61,1,575.0,1,0,1,575.0,5.917949748039246,4
patchcore,HEI_comb4,leg,62,1,419.0,1,0,3,419.0,5.630056198905496,1
patchcore,HEI_comb4,leg,62,2,441.0,1,0,3,441.0,6.178057888575963,0
patchcore,HEI_comb4,leg,62,3,732.0,2,1,3,732.0,5.463811119397481,2
patchcore,HEI_comb4,leg,63,1,867.0,2,1,3,867.0,5.743907701401484,0
patchcore,HEI_comb4,leg,63,2,6012.0,1,0,3,6012.0,5.645694516953968,3
patchcore,HEI_comb4,leg,63,3,823.0,2,1,3,823.0,5.915886412967335,3
patchcore,HEI_comb4,leg,63,4,318.0,1,0,3,318.0,5.5930620126946025,2
patchcore,HEI_comb4,leg,63,5,2880.0,2,1,3,2880.0,5.800059644799483,0
patchcore,HEI_comb4,leg,65,1,2925.0,1,0,2,2925.0,5.92314490404996,3
patchcore,HEI_comb4,leg,65,2,311.0,2,1,2,311.0,5.8979576379060745,4
patchcore,HEI_comb4,leg,66,1,772.0,3,1,3,772.0,6.457724630832672,1
patchcore,HEI_comb4,leg,66,2,411.0,1,0,3,411.0,5.85021634328933,3
patchcore,HEI_comb4,leg,66,3,306.0,2,1,3,306.0,6.196070269534462,2
patchcore,HEI_comb4,leg,66,4,330.0,2,1,3,330.0,6.038537355569693,3
patchcore,HEI_comb4,leg,67,1,403.0,1,0,2,403.0,5.485651003687005,4
patchcore,HEI_comb4,leg,67,2,409.0,1,0,2,409.0,5.688288336708432,2
patchcore,HEI_comb4,leg,67,3,8007.0,2,1,2,8007.0,5.465119529414821,3
patchcore,HEI_comb4,leg,67,4,8003.0,2,1,2,8003.0,5.9449965749468126,3
patchcore,HEI_comb4,leg,69,1,304.0,2,1,3,304.0,5.917830009460449,1
patchcore,HEI_comb4,leg,69,2,422.0,2,1,3,422.0,5.61354919274648,4
patchcore,HEI_comb4,leg,70,1,768.0,2,1,1,768.0,6.349909702936809,0
patchcore,HEI_comb4,leg,71,1,1500.0,1,0,3,1500.0,5.75001757144928,1
patchcore,HEI_comb4,leg,71,2,305.0,2,1,3,305.0,5.9710277410653925,0
patchcore,HEI_comb4,leg,71,3,418.0,2,1,3,418.0,6.243436836614841,0
patchcore,HEI_comb4,leg,71,4,744.0,2,1,3,744.0,5.944633776491338,2
patchcore,HEI_comb4,leg,71,5,883.0,1,0,3,883.0,5.873449856584722,2
patchcore,HEI_comb4,leg,71,6,375.0,1,0,3,375.0,5.3018045076509805,0
patchcore,HEI_comb4,leg,71,7,543.0,2,1,3,543.0,5.985975048758767,3
patchcore,HEI_comb4,leg,72,1,352.0,2,1,1,352.0,5.76867871814304,3
patchcore,HEI_comb4,leg,73,1,426.0,2,1,2,426.0,6.072344484329224,2
patchcore,HEI_comb4,leg,73,2,423.0,1,0,2,423.0,6.328284899393718,3
patchcore,HEI_comb4,leg,73,3,336.0,2,1,2,336.0,5.968194310258075,2
patchcore,HEI_comb4,leg,73,4,2917.0,2,1,2,2917.0,5.873429355167207,3
patchcore,HEI_comb4,leg,73,5,417.0,2,1,2,417.0,6.010036057896084,1
patchcore,HEI_comb4,leg,74,1,433.0,1,0,1,433.0,6.378315448760986,0
patchcore,HEI_comb4,leg,76,1,372.0,1,0,1,372.0,5.63865333444932,4
patchcore,HEI_comb4,leg,77,1,549.0,1,0,2,549.0,5.896588441487905,2
patchcore,HEI_comb4,leg,77,2,365.0,1,0,2,365.0,5.522101781307122,2
patchcore,HEI_comb4,leg,79,1,472.0,2,1,3,472.0,5.7866131237574985,4
patchcore,HEI_comb4,leg,79,2,406.0,3,1,3,406.0,5.813722133636475,2
patchcore,HEI_comb4,leg,79,3,873.0,1,0,3,873.0,5.900034924348195,4
patchcore,HEI_comb4,leg,80,1,383.0,1,0,3,383.0,5.627214290000297,1
patchcore,HEI_comb4,leg,80,2,739.0,1,0,3,739.0,5.392129201155442,4
patchcore,HEI_comb4,leg,80,3,889.0,2,1,3,889.0,5.802414254444401,2
patchcore,HEI_comb4,leg,80,4,305.0,2,1,3,305.0,5.719468039435309,0
patchcore,HEI_comb4,leg,82,1,338.0,1,0,3,338.0,5.4687606493632,2
patchcore,HEI_comb4,leg,82,2,407.0,2,1,3,407.0,5.760495359247381,4
patchcore,HEI_comb4,leg,82,3,350.0,1,0,3,350.0,5.767984476956454,1
patchcore,HEI_comb4,leg,82,4,441.0,1,0,3,441.0,5.325513458251953,0
patchcore,HEI_comb4,leg,82,5,464.0,1,0,3,464.0,5.35819785138394,1
patchcore,HEI_comb4,leg,82,6,423.0,1,0,3,423.0,5.976578678403582,3
patchcore,HEI_comb4,leg,84,1,613.0,2,1,1,613.0,5.596597226460775,2
patchcore,HEI_comb4,leg,85,1,457.0,1,0,3,457.0,5.649564372168647,2
patchcore,HEI_comb4,leg,85,2,366.0,1,0,3,366.0,5.487813184427661,2
patchcore,HEI_comb4,leg,85,3,448.0,1,0,3,448.0,5.251675082416069,3
patchcore,HEI_comb4,leg,85,4,434.0,2,1,3,434.0,5.441990220028421,1
patchcore,HEI_comb4,leg,85,5,583.0,2,1,3,583.0,5.287826440551064,1
patchcore,HEI_comb4,leg,85,6,419.0,1,0,3,419.0,5.353992904935565,1
patchcore,HEI_comb4,leg,86,1,6012.0,2,1,1,6012.0,5.637599737216265,3
patchcore,HEI_comb4,leg,87,1,763.0,2,1,2,763.0,6.457050664084298,1
patchcore,HEI_comb4,leg,88,1,820.0,2,1,3,820.0,5.351018261265111,3
patchcore,HEI_comb4,leg,88,2,467.0,2,1,3,467.0,5.436068105697632,0
patchcore,HEI_comb4,leg,88,3,801.0,2,1,3,801.0,5.786791059705946,1
patchcore,HEI_comb4,leg,88,4,1458.0,1,0,3,1458.0,5.586619896358914,4
patchcore,HEI_comb4,leg,89,1,411.0,2,1,3,411.0,5.887507108541636,3
patchcore,HEI_comb4,leg,89,2,426.0,2,1,3,426.0,5.830618159715519,2
patchcore,HEI_comb4,leg,89,3,886.0,1,0,3,886.0,5.62506932628398,3
patchcore,HEI_comb4,leg,89,4,775.0,1,0,3,775.0,5.929689903259277,4
patchcore,HEI_comb4,leg,90,1,458.0,2,1,3,458.0,5.775529627072609,4
patchcore,HEI_comb4,leg,90,2,422.0,1,0,3,422.0,6.02312422650201,4
patchcore,HEI_comb4,leg,90,3,452.0,1,0,3,452.0,5.694417088120072,4
patchcore,HEI_comb4,leg,90,4,413.0,1,0,3,413.0,5.465797290802002,2
patchcore,HEI_comb4,leg,94,1,333.0,2,1,1,333.0,5.860133105310901,3
patchcore,HEI_comb4,leg,96,1,1500.0,1,0,3,1500.0,5.592547082901001,1
patchcore,HEI_comb4,leg,96,2,375.0,2,1,3,375.0,5.41201537364238,0
patchcore,HEI_comb4,leg,96,3,418.0,2,1,3,418.0,5.672573240179765,0
patchcore,HEI_comb4,leg,96,4,732.0,1,0,3,732.0,5.548088836669922,2
patchcore,HEI_comb4,leg,97,1,586.0,3,1,3,586.0,5.74441929730502,0
patchcore,HEI_comb4,leg,97,2,417.0,1,0,3,417.0,6.174337658227659,1
patchcore,HEI_comb4,leg,97,3,883.0,3,1,3,883.0,5.784669071435928,2
patchcore,HEI_comb4,leg,97,4,336.0,1,0,3,336.0,6.329197609866107,2
patchcore,HEI_comb4,leg,98,1,407.0,2,1,2,407.0,6.271597454764626,4
patchcore,HEI_comb4,leg,98,2,441.0,1,0,2,441.0,5.471621934757676,0
patchcore,HEI_comb4,leg,99,1,464.0,1,0,3,464.0,5.623107592264812,1
patchcore,HEI_comb4,leg,99,2,366.0,1,0,3,366.0,5.971154973313615,2
patchcore,HEI_comb4,leg,99,3,418.0,2,1,3,418.0,5.810900616645813,0
patchcore,HEI_comb4,leg,99,4,434.0,2,1,3,434.0,5.528392919679967,1
patchcore,HEI_comb4,leg,100,1,6012.0,2,1,2,6012.0,5.385073806928552,3
patchcore,HEI_comb4,leg,100,2,6013.0,2,1,2,6013.0,5.65276646032566,0
patchcore,HEI_comb4,leg,102,1,426.0,2,1,2,426.0,6.020324008218173,2
patchcore,HEI_comb4,leg,102,2,425.0,1,0,2,425.0,5.756343784786406,2
patchcore,HEI_comb4,leg,104,1,458.0,2,1,3,458.0,5.904925102657742,4
patchcore,HEI_comb4,leg,104,2,422.0,2,1,3,422.0,5.734075413193813,4
patchcore,HEI_comb4,leg,104,3,611.0,1,0,3,611.0,5.462636874272273,4
patchcore,HEI_comb4,leg,104,4,8007.0,1,0,3,8007.0,5.530353144595497,3
patchcore,HEI_comb4,leg,105,1,328.0,1,0,2,328.0,5.772862246162013,4
patchcore,HEI_comb4,leg,105,2,380.0,2,1,2,380.0,5.50081746642654,0
patchcore,HEI_comb4,leg,106,1,1500.0,2,1,3,1500.0,5.3685039254122,1
patchcore,HEI_comb4,leg,106,2,420.0,1,0,3,420.0,6.164721605254383,4
patchcore,HEI_comb4,leg,106,3,895.0,1,0,3,895.0,5.779270877008853,2
patchcore,HEI_comb4,leg,106,4,744.0,1,0,3,744.0,5.722711731990178,2
patchcore,HEI_comb4,leg,107,1,6010.0,1,0,2,6010.0,6.369397170841694,4
patchcore,HEI_comb4,leg,107,2,459.0,1,0,2,459.0,5.922378024116892,2
patchcore,HEI_comb4,leg,108,1,311.0,2,1,3,311.0,5.556896349278892,4
patchcore,HEI_comb4,leg,108,2,448.0,1,0,3,448.0,5.418762181256269,3
patchcore,HEI_comb4,leg,108,3,350.0,2,1,3,350.0,5.718849778175354,1
patchcore,HEI_comb4,leg,108,4,2880.0,2,1,3,2880.0,5.7740970849990845,0
patchcore,HEI_comb4,leg,108,5,318.0,1,0,3,318.0,5.67113778591156,2
patchcore,HEI_comb4,leg,109,1,2917.0,2,1,2,2917.0,5.60877941875923,3
patchcore,HEI_comb4,leg,109,2,307.0,2,1,2,307.0,5.859111319888722,1
patchcore,HEI_comb4,leg,109,3,413.0,1,0,2,413.0,5.522303948035607,2
patchcore,HEI_comb4,leg,110,1,1446.0,1,0,1,1446.0,5.661739181069767,1
patchcore,HEI_comb4,leg,111,1,443.0,2,1,2,443.0,5.566687469897063,4
patchcore,HEI_comb4,leg,111,2,421.0,2,1,2,421.0,5.850544783804152,3
patchcore,HEI_comb4,leg,112,1,409.0,2,1,1,409.0,5.599464381182635,2
patchcore,HEI_comb4,leg,113,1,333.0,2,1,3,333.0,6.035184939702352,3
patchcore,HEI_comb4,leg,113,2,375.0,1,0,3,375.0,5.49942498593717,0
patchcore,HEI_comb4,leg,113,3,370.0,2,1,3,370.0,5.627389192581177,0
patchcore,HEI_comb4,leg,113,4,820.0,2,1,3,820.0,5.40007852253161,3
patchcore,HEI_comb4,leg,113,5,883.0,1,0,3,883.0,5.588006618695381,2
patchcore,HEI_comb4,leg,114,1,586.0,1,0,1,586.0,5.933448414007823,0
patchcore,HEI_comb4,leg,115,1,336.0,2,1,2,336.0,5.872516019003732,2
patchcore,HEI_comb4,leg,115,2,732.0,2,1,2,732.0,5.411505845876841,2
patchcore,HEI_comb4,leg,116,1,423.0,2,1,3,423.0,6.184491255704095,3
patchcore,HEI_comb4,leg,116,2,419.0,1,0,3,419.0,5.546715423039028,1
patchcore,HEI_comb4,leg,117,1,2952.0,2,1,2,2952.0,5.866132638393304,2
patchcore,HEI_comb4,leg,117,2,417.0,2,1,2,417.0,5.558082535862923,1
patchcore,HEI_comb4,leg,118,1,352.0,1,0,3,352.0,5.482753568225437,3
patchcore,HEI_comb4,leg,118,2,304.0,2,1,3,304.0,5.701063964102003,1
patchcore,HEI_comb4,leg,118,3,433.0,2,1,3,433.0,5.584882656733195,0
patchcore,HEI_comb4,leg,118,4,768.0,1,0,3,768.0,6.148462454477946,0
patchcore,HEI_comb5,leg,1,1,582.0,2,1,2,582.0,5.569634437561035,2
patchcore,HEI_comb5,leg,1,2,403.0,2,1,2,403.0,5.762034613911698,4
patchcore,HEI_comb5,leg,2,1,578.0,1,0,2,578.0,5.744609404832889,3
patchcore,HEI_comb5,leg,2,2,603.0,1,0,2,603.0,5.876798803156072,3
patchcore,HEI_comb5,leg,3,1,431.0,1,0,2,431.0,5.722437214207005,1
patchcore,HEI_comb5,leg,3,2,555.0,2,1,2,555.0,5.6924935933705925,0
patchcore,HEI_comb5,leg,3,3,766.0,2,1,2,766.0,6.042099052005344,3
patchcore,HEI_comb5,leg,4,1,550.0,1,0,2,550.0,5.541223672720102,0
patchcore,HEI_comb5,leg,4,2,419.0,1,0,2,419.0,5.499468020903758,1
patchcore,HEI_comb5,leg,6,1,416.0,1,0,1,416.0,5.668177655764988,0
patchcore,HEI_comb5,leg,7,1,568.0,1,0,3,568.0,6.018832216871545,3
patchcore,HEI_comb5,leg,7,2,,1,0,3,unknown,5.983182236000344,1
patchcore,HEI_comb5,leg,7,3,411.0,2,1,3,411.0,5.701813620190288,3
patchcore,HEI_comb5,leg,8,1,319.0,1,0,3,319.0,5.719790562987328,1
patchcore,HEI_comb5,leg,8,2,325.0,1,0,3,325.0,6.053116003672282,4
patchcore,HEI_comb5,leg,8,3,344.0,2,1,3,344.0,6.0391675978899,0
patchcore,HEI_comb5,leg,8,4,322.0,2,1,3,322.0,5.884013476195158,0
patchcore,HEI_comb5,leg,9,1,891.0,1,0,1,891.0,5.8877842903137205,4
patchcore,HEI_comb5,leg,10,1,566.0,1,0,2,566.0,5.798096317993967,4
patchcore,HEI_comb5,leg,10,2,743.0,2,1,2,743.0,5.900659503006354,3
patchcore,HEI_comb5,leg,10,3,2928.0,1,0,2,2928.0,5.783843540563816,2
patchcore,HEI_comb5,leg,11,1,755.0,1,0,3,755.0,6.019456253495327,4
patchcore,HEI_comb5,leg,11,2,884.0,2,1,3,884.0,6.217291810295799,4
patchcore,HEI_comb5,leg,11,3,739.0,2,1,3,739.0,5.927702808380127,4
patchcore,HEI_comb5,leg,11,4,554.0,2,1,3,554.0,5.848572071562422,1
patchcore,HEI_comb5,leg,11,5,313.0,1,0,3,313.0,5.618768634796143,0
patchcore,HEI_comb5,leg,11,6,890.0,1,0,3,890.0,6.3505793004422575,0
patchcore,HEI_comb5,leg,11,7,328.0,2,1,3,328.0,6.713885195711826,4
patchcore,HEI_comb5,leg,11,8,373.0,1,0,3,373.0,6.189647949103153,3
patchcore,HEI_comb5,leg,12,1,879.0,1,0,2,879.0,6.4406445026397705,2
patchcore,HEI_comb5,leg,12,2,826.0,2,1,2,826.0,6.213656187057495,1
patchcore,HEI_comb5,leg,13,1,884.0,3,1,1,884.0,6.230905214945476,4
patchcore,HEI_comb5,leg,14,1,1450.0,2,1,3,1450.0,6.07564697265625,0
patchcore,HEI_comb5,leg,14,2,865.0,2,1,3,865.0,5.939048947228326,1
patchcore,HEI_comb5,leg,14,3,339.0,2,1,3,339.0,6.496696949005127,1
patchcore,HEI_comb5,leg,14,4,301.0,1,0,3,301.0,6.104366649280895,4
patchcore,HEI_comb5,leg,14,5,328.0,2,1,3,328.0,6.164650369197764,4
patchcore,HEI_comb5,leg,14,6,817.0,1,0,3,817.0,6.248908438333651,2
patchcore,HEI_comb5,leg,15,1,775.0,2,1,1,775.0,5.995036890632228,4
patchcore,HEI_comb5,leg,16,1,319.0,1,0,1,319.0,6.045503258705139,1
patchcore,HEI_comb5,leg,17,1,825.0,2,1,1,825.0,5.840764633814493,2
patchcore,HEI_comb5,leg,18,1,313.0,1,0,3,313.0,6.54346146950355,0
patchcore,HEI_comb5,leg,18,2,818.0,2,1,3,818.0,6.304046506467073,4
patchcore,HEI_comb5,leg,18,3,894.0,2,1,3,894.0,6.133994682415112,3
patchcore,HEI_comb5,leg,18,4,345.0,1,0,3,345.0,6.244345596858433,4
patchcore,HEI_comb5,leg,19,1,369.0,2,1,1,369.0,6.202974196842739,1
patchcore,HEI_comb5,leg,20,1,769.0,2,1,2,769.0,6.5011545817057295,2
patchcore,HEI_comb5,leg,20,2,997.0,1,0,2,997.0,5.967691898345947,1
patchcore,HEI_comb5,leg,21,1,408.0,1,0,3,408.0,6.30460600419478,1
patchcore,HEI_comb5,leg,21,2,785.0,2,1,3,785.0,6.357008755207062,2
patchcore,HEI_comb5,leg,21,3,2892.0,1,0,3,2892.0,5.921757821113832,4
patchcore,HEI_comb5,leg,22,1,331.0,1,0,3,331.0,5.890270037528796,4
patchcore,HEI_comb5,leg,22,2,743.0,2,1,3,743.0,5.911484437111096,3
patchcore,HEI_comb5,leg,22,3,437.0,1,0,3,437.0,5.953731281812801,1
patchcore,HEI_comb5,leg,22,4,6003.0,1,0,3,6003.0,6.036782037644159,0
patchcore,HEI_comb5,leg,22,5,350.0,2,1,3,350.0,5.892326782489645,1
patchcore,HEI_comb5,leg,22,6,858.0,2,1,3,858.0,5.845084695255055,0
patchcore,HEI_comb5,leg,23,1,568.0,1,0,2,568.0,6.027093040943146,3
patchcore,HEI_comb5,leg,23,2,302.0,1,0,2,302.0,6.24965144528283,3
patchcore,HEI_comb5,leg,24,1,566.0,1,0,1,566.0,5.9284380541907415,4
patchcore,HEI_comb5,leg,27,1,405.0,2,1,3,405.0,6.081365670913305,3
patchcore,HEI_comb5,leg,27,2,317.0,2,1,3,317.0,5.7885394266673496,3
patchcore,HEI_comb5,leg,27,3,8006.0,1,0,3,8006.0,6.071536064147949,2
patchcore,HEI_comb5,leg,27,4,2941.0,2,1,3,2941.0,6.4107581026413865,0
patchcore,HEI_comb5,leg,27,5,774.0,2,1,3,774.0,5.993747091293335,0
patchcore,HEI_comb5,leg,27,6,327.0,2,1,3,327.0,5.773101547786168,0
patchcore,HEI_comb5,leg,27,7,584.0,2,1,3,584.0,5.601273949941,1
patchcore,HEI_comb5,leg,27,8,550.0,1,0,3,550.0,5.690923420588176,0
patchcore,HEI_comb5,leg,27,9,779.0,1,0,3,779.0,5.7309752977811375,4
patchcore,HEI_comb5,leg,28,1,313.0,1,0,3,313.0,5.878039169311523,0
patchcore,HEI_comb5,leg,28,2,826.0,2,1,3,826.0,6.076817563601902,1
patchcore,HEI_comb5,leg,28,3,817.0,1,0,3,817.0,6.170452390398298,2
patchcore,HEI_comb5,leg,29,1,2952.0,2,1,3,2952.0,6.054859254095289,2
patchcore,HEI_comb5,leg,29,2,781.0,2,1,3,781.0,6.181647327968053,3
patchcore,HEI_comb5,leg,29,3,369.0,1,0,3,369.0,5.962127897474501,1
patchcore,HEI_comb5,leg,34,1,858.0,2,1,2,858.0,6.082776414023505,0
patchcore,HEI_comb5,leg,34,2,2932.0,2,1,2,2932.0,6.01135694353204,1
patchcore,HEI_comb5,leg,35,1,586.0,1,0,3,586.0,5.958588983954453,0
patchcore,HEI_comb5,leg,35,2,317.0,2,1,3,317.0,5.9571160422431095,3
patchcore,HEI_comb5,leg,35,3,405.0,1,0,3,405.0,6.186255238272927,3
patchcore,HEI_comb5,leg,35,4,2892.0,1,0,3,2892.0,5.989554626997127,4
patchcore,HEI_comb5,leg,35,5,351.0,1,0,3,351.0,6.0205172300338745,3
patchcore,HEI_comb5,leg,36,1,582.0,2,1,1,582.0,5.775974043484392,2
patchcore,HEI_comb5,leg,37,1,739.0,1,0,1,739.0,6.003020034896003,4
patchcore,HEI_comb5,leg,39,1,882.0,2,1,2,882.0,6.100089620141422,1
patchcore,HEI_comb5,leg,39,2,794.0,2,1,2,794.0,6.204904496669769,0
patchcore,HEI_comb5,leg,40,1,876.0,2,1,3,876.0,6.12935683192039,3
patchcore,HEI_comb5,leg,40,2,331.0,1,0,3,331.0,6.150072259902954,4
patchcore,HEI_comb5,leg,40,3,805.0,2,1,3,805.0,6.036015143761268,0
patchcore,HEI_comb5,leg,40,4,786.0,2,1,3,786.0,6.228869676589966,1
patchcore,HEI_comb5,leg,40,5,402.0,1,0,3,402.0,6.111785089969635,3
patchcore,HEI_comb5,leg,40,6,742.0,1,0,3,742.0,5.912429094314575,0
patchcore,HEI_comb5,leg,41,1,401.0,2,1,3,401.0,6.168176443680473,4
patchcore,HEI_comb5,leg,41,2,367.0,1,0,3,367.0,5.9854002777411015,1
patchcore,HEI_comb5,leg,42,1,889.0,2,1,1,889.0,6.376145601272583,2
patchcore,HEI_comb5,leg,50,1,458.0,2,1,1,458.0,6.0766764879226685,4
patchcore,HEI_comb5,leg,51,1,455.0,1,0,2,455.0,5.914774278315102,3
patchcore,HEI_comb5,leg,51,2,387.0,1,0,2,387.0,6.085203133131328,0
patchcore,HEI_comb5,leg,52,1,377.0,2,1,1,377.0,5.94918660113686,2
patchcore,HEI_comb5,leg,53,1,450.0,1,0,2,450.0,6.294587108823988,0
patchcore,HEI_comb5,leg,54,1,462.0,1,0,3,462.0,6.222681502906644,1
patchcore,HEI_comb5,leg,54,2,431.0,2,1,3,431.0,5.923710569422296,1
patchcore,HEI_comb5,leg,54,3,327.0,2,1,3,327.0,5.838187143537733,0
patchcore,HEI_comb5,leg,55,1,443.0,3,1,1,443.0,5.979179404502691,4
patchcore,HEI_comb5,leg,56,1,459.0,1,0,1,459.0,5.807967197604295,2
patchcore,HEI_comb5,leg,57,1,736.0,2,1,1,736.0,6.01093152364095,1
patchcore,HEI_comb5,leg,58,1,611.0,1,0,2,611.0,5.9695886089688255,4
patchcore,HEI_comb5,leg,58,2,579.0,1,0,2,579.0,5.762749524343581,2
patchcore,HEI_comb5,leg,59,1,6013.0,1,0,3,6013.0,5.943804052140978,0
patchcore,HEI_comb5,leg,59,2,763.0,2,1,3,763.0,6.419358253479004,1
patchcore,HEI_comb5,leg,59,3,820.0,1,0,3,820.0,6.028732442855835,3
patchcore,HEI_comb5,leg,59,4,8001.0,1,0,3,8001.0,6.045840154994618,4
patchcore,HEI_comb5,leg,59,5,434.0,2,1,3,434.0,5.482292879711498,1
patchcore,HEI_comb5,leg,60,1,586.0,1,0,3,586.0,5.510528740129973,0
patchcore,HEI_comb5,leg,60,2,413.0,2,1,3,413.0,5.800151467323303,2
patchcore,HEI_comb5,leg,60,3,333.0,2,1,3,333.0,6.02989833014352,3
patchcore,HEI_comb5,leg,60,4,886.0,2,1,3,886.0,6.056369794381632,3
patchcore,HEI_comb5,leg,60,5,407.0,2,1,3,407.0,6.075833736321865,4
patchcore,HEI_comb5,leg,60,6,380.0,1,0,3,380.0,5.886588948113578,0
patchcore,HEI_comb5,leg,60,7,583.0,2,1,3,583.0,5.85632742368258,1
patchcore,HEI_comb5,leg,61,1,575.0,1,0,1,575.0,5.85860800743103,4
patchcore,HEI_comb5,leg,62,1,419.0,1,0,3,419.0,5.683067630319035,1
patchcore,HEI_comb5,leg,62,2,441.0,1,0,3,441.0,6.137517956324986,0
patchcore,HEI_comb5,leg,62,3,732.0,2,1,3,732.0,5.617473284403483,2
patchcore,HEI_comb5,leg,63,1,867.0,2,1,3,867.0,5.822125003451393,0
patchcore,HEI_comb5,leg,63,2,6012.0,1,0,3,6012.0,5.863197689964657,3
patchcore,HEI_comb5,leg,63,3,823.0,2,1,3,823.0,5.923231948505748,3
patchcore,HEI_comb5,leg,63,4,318.0,1,0,3,318.0,5.644387799640034,2
patchcore,HEI_comb5,leg,63,5,2880.0,2,1,3,2880.0,5.802106292624223,0
patchcore,HEI_comb5,leg,65,1,2925.0,1,0,2,2925.0,5.978811798673688,3
patchcore,HEI_comb5,leg,65,2,311.0,2,1,2,311.0,5.7962983548641205,4
patchcore,HEI_comb5,leg,66,1,772.0,3,1,3,772.0,6.529880007108052,1
patchcore,HEI_comb5,leg,66,2,411.0,1,0,3,411.0,5.950433651606242,3
patchcore,HEI_comb5,leg,66,3,306.0,2,1,3,306.0,6.3061424556531405,2
patchcore,HEI_comb5,leg,66,4,330.0,2,1,3,330.0,6.151299806741568,3
patchcore,HEI_comb5,leg,67,1,403.0,1,0,2,403.0,5.552464422426726,4
patchcore,HEI_comb5,leg,67,2,409.0,1,0,2,409.0,5.7350475788116455,2
patchcore,HEI_comb5,leg,67,3,8007.0,2,1,2,8007.0,5.637741295067039,3
patchcore,HEI_comb5,leg,67,4,8003.0,2,1,2,8003.0,5.95062916619437,3
patchcore,HEI_comb5,leg,69,1,304.0,2,1,3,304.0,6.149313583374023,1
patchcore,HEI_comb5,leg,69,2,422.0,2,1,3,422.0,5.678292870521545,4
patchcore,HEI_comb5,leg,70,1,768.0,2,1,1,768.0,6.282545685768127,0
patchcore,HEI_comb5,leg,71,1,1500.0,1,0,3,1500.0,5.713033044338227,1
patchcore,HEI_comb5,leg,71,2,305.0,2,1,3,305.0,5.942210172995543,0
patchcore,HEI_comb5,leg,71,3,418.0,2,1,3,418.0,6.2301597711516585,0
patchcore,HEI_comb5,leg,71,4,744.0,2,1,3,744.0,5.91800821911205,2
patchcore,HEI_comb5,leg,71,5,883.0,1,0,3,883.0,5.908876700834795,2
patchcore,HEI_comb5,leg,71,6,375.0,1,0,3,375.0,5.434298852594887,0
patchcore,HEI_comb5,leg,71,7,543.0,2,1,3,543.0,6.052191810174421,3
patchcore,HEI_comb5,leg,72,1,352.0,2,1,1,352.0,5.8044783274332685,3
patchcore,HEI_comb5,leg,73,1,426.0,2,1,2,426.0,6.08037428855896,2
patchcore,HEI_comb5,leg,73,2,423.0,1,0,2,423.0,6.392654061317444,3
patchcore,HEI_comb5,leg,73,3,336.0,2,1,2,336.0,5.942323393938018,2
patchcore,HEI_comb5,leg,73,4,2917.0,2,1,2,2917.0,5.877277635392689,3
patchcore,HEI_comb5,leg,73,5,417.0,2,1,2,417.0,5.870377620061238,1
patchcore,HEI_comb5,leg,74,1,433.0,1,0,1,433.0,6.260383162387582,0
patchcore,HEI_comb5,leg,76,1,372.0,1,0,1,372.0,5.697749011656818,4
patchcore,HEI_comb5,leg,77,1,549.0,1,0,2,549.0,5.8794293017000765,2
patchcore,HEI_comb5,leg,77,2,365.0,1,0,2,365.0,5.534388652214637,2
patchcore,HEI_comb5,leg,79,1,472.0,2,1,3,472.0,5.918910855338687,4
patchcore,HEI_comb5,leg,79,2,406.0,3,1,3,406.0,5.867052490894611,2
patchcore,HEI_comb5,leg,79,3,873.0,1,0,3,873.0,5.9899374941984815,4
patchcore,HEI_comb5,leg,80,1,383.0,1,0,3,383.0,5.670451808620143,1
patchcore,HEI_comb5,leg,80,2,739.0,1,0,3,739.0,5.492310047149658,4
patchcore,HEI_comb5,leg,80,3,889.0,2,1,3,889.0,5.892958989957484,2
patchcore,HEI_comb5,leg,80,4,305.0,2,1,3,305.0,5.843544264097472,0
patchcore,HEI_comb5,leg,82,1,338.0,1,0,3,338.0,5.651747567313058,2
patchcore,HEI_comb5,leg,82,2,407.0,2,1,3,407.0,5.606528339963971,4
patchcore,HEI_comb5,leg,82,3,350.0,1,0,3,350.0,5.791089375813802,1
patchcore,HEI_comb5,leg,82,4,441.0,1,0,3,441.0,5.431264168875558,0
patchcore,HEI_comb5,leg,82,5,464.0,1,0,3,464.0,5.525150684600181,1
patchcore,HEI_comb5,leg,82,6,423.0,1,0,3,423.0,5.974809657959711,3
patchcore,HEI_comb5,leg,84,1,613.0,2,1,1,613.0,5.729697439405653,2
patchcore,HEI_comb5,leg,85,1,457.0,1,0,3,457.0,5.799520142873129,2
patchcore,HEI_comb5,leg,85,2,366.0,1,0,3,366.0,5.457733675490978,2
patchcore,HEI_comb5,leg,85,3,448.0,1,0,3,448.0,5.398642505087504,3
patchcore,HEI_comb5,leg,85,4,434.0,2,1,3,434.0,5.471490652664848,1
patchcore,HEI_comb5,leg,85,5,583.0,2,1,3,583.0,5.267247926105153,1
patchcore,HEI_comb5,leg,85,6,419.0,1,0,3,419.0,5.431235063643682,1
patchcore,HEI_comb5,leg,86,1,6012.0,2,1,1,6012.0,5.798934826484094,3
patchcore,HEI_comb5,leg,87,1,763.0,2,1,2,763.0,6.468838563987187,1
patchcore,HEI_comb5,leg,88,1,820.0,2,1,3,820.0,5.42837093971871,3
patchcore,HEI_comb5,leg,88,2,467.0,2,1,3,467.0,5.621673429012299,0
patchcore,HEI_comb5,leg,88,3,801.0,2,1,3,801.0,5.908851559956869,1
patchcore,HEI_comb5,leg,88,4,1458.0,1,0,3,1458.0,5.637860255771213,4
patchcore,HEI_comb5,leg,89,1,411.0,2,1,3,411.0,6.041371015401987,3
patchcore,HEI_comb5,leg,89,2,426.0,2,1,3,426.0,5.894659851872643,2
patchcore,HEI_comb5,leg,89,3,886.0,1,0,3,886.0,5.7902732090074185,3
patchcore,HEI_comb5,leg,89,4,775.0,1,0,3,775.0,5.914844579696656,4
patchcore,HEI_comb5,leg,90,1,458.0,2,1,3,458.0,5.911677295878782,4
patchcore,HEI_comb5,leg,90,2,422.0,1,0,3,422.0,6.2515848108700345,4
patchcore,HEI_comb5,leg,90,3,452.0,1,0,3,452.0,5.7186989695937545,4
patchcore,HEI_comb5,leg,90,4,413.0,1,0,3,413.0,5.70612078666687,2
patchcore,HEI_comb5,leg,94,1,333.0,2,1,1,333.0,5.729077651582915,3
patchcore,HEI_comb5,leg,96,1,1500.0,1,0,3,1500.0,5.647281849384308,1
patchcore,HEI_comb5,leg,96,2,375.0,2,1,3,375.0,5.456610486314103,0
patchcore,HEI_comb5,leg,96,3,418.0,2,1,3,418.0,5.71420861545362,0
patchcore,HEI_comb5,leg,96,4,732.0,1,0,3,732.0,5.650725502438015,2
patchcore,HEI_comb5,leg,97,1,586.0,3,1,3,586.0,5.916267117587003,0
patchcore,HEI_comb5,leg,97,2,417.0,1,0,3,417.0,6.172456853529987,1
patchcore,HEI_comb5,leg,97,3,883.0,3,1,3,883.0,5.898551017045975,2
patchcore,HEI_comb5,leg,97,4,336.0,1,0,3,336.0,6.311011552810669,2
patchcore,HEI_comb5,leg,98,1,407.0,2,1,2,407.0,6.485286322506991,4
patchcore,HEI_comb5,leg,98,2,441.0,1,0,2,441.0,5.55349659365277,0
patchcore,HEI_comb5,leg,99,1,464.0,1,0,3,464.0,5.741951746818347,1
patchcore,HEI_comb5,leg,99,2,366.0,1,0,3,366.0,6.020838827700229,2
patchcore,HEI_comb5,leg,99,3,418.0,2,1,3,418.0,5.961781871318817,0
patchcore,HEI_comb5,leg,99,4,434.0,2,1,3,434.0,5.594431609642215,1
patchcore,HEI_comb5,leg,100,1,6012.0,2,1,2,6012.0,5.511238585347715,3
patchcore,HEI_comb5,leg,100,2,6013.0,2,1,2,6013.0,5.808944225311279,0
patchcore,HEI_comb5,leg,102,1,426.0,2,1,2,426.0,6.165801812862528,2
patchcore,HEI_comb5,leg,102,2,425.0,1,0,2,425.0,5.866186845870245,2
patchcore,HEI_comb5,leg,104,1,458.0,2,1,3,458.0,5.852208264668783,4
patchcore,HEI_comb5,leg,104,2,422.0,2,1,3,422.0,5.781893574914267,4
patchcore,HEI_comb5,leg,104,3,611.0,1,0,3,611.0,5.442865139398819,4
patchcore,HEI_comb5,leg,104,4,8007.0,1,0,3,8007.0,5.620744604813425,3
patchcore,HEI_comb5,leg,105,1,328.0,1,0,2,328.0,5.791887584485505,4
patchcore,HEI_comb5,leg,105,2,380.0,2,1,2,380.0,5.541087330998601,0
patchcore,HEI_comb5,leg,106,1,1500.0,2,1,3,1500.0,5.464899063110352,1
patchcore,HEI_comb5,leg,106,2,420.0,1,0,3,420.0,6.315190582740597,4
patchcore,HEI_comb5,leg,106,3,895.0,1,0,3,895.0,5.807923410249793,2
patchcore,HEI_comb5,leg,106,4,744.0,1,0,3,744.0,5.810462882121404,2
patchcore,HEI_comb5,leg,107,1,6010.0,1,0,2,6010.0,6.359868213534355,4
patchcore,HEI_comb5,leg,107,2,459.0,1,0,2,459.0,6.08458824626735,2
patchcore,HEI_comb5,leg,108,1,311.0,2,1,3,311.0,5.62472023615023,4
patchcore,HEI_comb5,leg,108,2,448.0,1,0,3,448.0,5.455948700775972,3
patchcore,HEI_comb5,leg,108,3,350.0,2,1,3,350.0,5.843965327739715,1
patchcore,HEI_comb5,leg,108,4,2880.0,2,1,3,2880.0,5.805707824230194,0
patchcore,HEI_comb5,leg,108,5,318.0,1,0,3,318.0,5.78537358045578,2
patchcore,HEI_comb5,leg,109,1,2917.0,2,1,2,2917.0,5.701228409278683,3
patchcore,HEI_comb5,leg,109,2,307.0,2,1,2,307.0,6.112864776091143,1
patchcore,HEI_comb5,leg,109,3,413.0,1,0,2,413.0,5.54230678998507,2
patchcore,HEI_comb5,leg,110,1,1446.0,1,0,1,1446.0,5.91321922751034,1
patchcore,HEI_comb5,leg,111,1,443.0,2,1,2,443.0,5.590590456257695,4
patchcore,HEI_comb5,leg,111,2,421.0,2,1,2,421.0,5.798114405737983,3
patchcore,HEI_comb5,leg,112,1,409.0,2,1,1,409.0,5.721661029038606,2
patchcore,HEI_comb5,leg,113,1,333.0,2,1,3,333.0,5.975151353412205,3
patchcore,HEI_comb5,leg,113,2,375.0,1,0,3,375.0,5.506775469393344,0
patchcore,HEI_comb5,leg,113,3,370.0,2,1,3,370.0,5.543936277690687,0
patchcore,HEI_comb5,leg,113,4,820.0,2,1,3,820.0,5.438378697947452,3
patchcore,HEI_comb5,leg,113,5,883.0,1,0,3,883.0,5.6473433665740185,2
patchcore,HEI_comb5,leg,114,1,586.0,1,0,1,586.0,5.933282693227132,0
patchcore,HEI_comb5,leg,115,1,336.0,2,1,2,336.0,5.84736248425075,2
patchcore,HEI_comb5,leg,115,2,732.0,2,1,2,732.0,5.475354561438928,2
patchcore,HEI_comb5,leg,116,1,423.0,2,1,3,423.0,6.136847033220179,3
patchcore,HEI_comb5,leg,116,2,419.0,1,0,3,419.0,5.623907048361642,1
patchcore,HEI_comb5,leg,117,1,2952.0,2,1,2,2952.0,5.864187717437744,2
patchcore,HEI_comb5,leg,117,2,417.0,2,1,2,417.0,5.532116994261742,1
patchcore,HEI_comb5,leg,118,1,352.0,1,0,3,352.0,5.601658980051677,3
patchcore,HEI_comb5,leg,118,2,304.0,2,1,3,304.0,5.725090079837376,1
patchcore,HEI_comb5,leg,118,3,433.0,2,1,3,433.0,5.504030307133992,0
patchcore,HEI_comb5,leg,118,4,768.0,1,0,3,768.0,6.20777948697408,0
patchcore,HEI_comb6,leg,1,1,582.0,2,1,2,582.0,5.584569253419575,2
patchcore,HEI_comb6,leg,1,2,403.0,2,1,2,403.0,5.768024746964618,4
patchcore,HEI_comb6,leg,2,1,578.0,1,0,2,578.0,5.750716368357341,3
patchcore,HEI_comb6,leg,2,2,603.0,1,0,2,603.0,5.689681009812788,3
patchcore,HEI_comb6,leg,3,1,431.0,1,0,2,431.0,5.731715021906672,1
patchcore,HEI_comb6,leg,3,2,555.0,2,1,2,555.0,5.746208654867636,0
patchcore,HEI_comb6,leg,3,3,766.0,2,1,2,766.0,5.959600395626492,3
patchcore,HEI_comb6,leg,4,1,550.0,1,0,2,550.0,5.401839623084435,0
patchcore,HEI_comb6,leg,4,2,419.0,1,0,2,419.0,5.474243604219877,1
patchcore,HEI_comb6,leg,6,1,416.0,1,0,1,416.0,5.696224229676383,0
patchcore,HEI_comb6,leg,7,1,568.0,1,0,3,568.0,5.956362856195328,3
patchcore,HEI_comb6,leg,7,2,,1,0,3,unknown,6.055907523190534,1
patchcore,HEI_comb6,leg,7,3,411.0,2,1,3,411.0,5.55508934065353,3
patchcore,HEI_comb6,leg,8,1,319.0,1,0,3,319.0,5.787441775202751,1
patchcore,HEI_comb6,leg,8,2,325.0,1,0,3,325.0,6.2658309792027325,4
patchcore,HEI_comb6,leg,8,3,344.0,2,1,3,344.0,6.139982759952545,0
patchcore,HEI_comb6,leg,8,4,322.0,2,1,3,322.0,5.698996738151267,0
patchcore,HEI_comb6,leg,9,1,891.0,1,0,1,891.0,6.110878791809082,4
patchcore,HEI_comb6,leg,10,1,566.0,1,0,2,566.0,5.714443156593724,4
patchcore,HEI_comb6,leg,10,2,743.0,2,1,2,743.0,5.947750975446003,3
patchcore,HEI_comb6,leg,10,3,2928.0,1,0,2,2928.0,5.681820869445801,2
patchcore,HEI_comb6,leg,11,1,755.0,1,0,3,755.0,5.8506331111109535,4
patchcore,HEI_comb6,leg,11,2,884.0,2,1,3,884.0,6.206579002467069,4
patchcore,HEI_comb6,leg,11,3,739.0,2,1,3,739.0,5.800583863258362,4
patchcore,HEI_comb6,leg,11,4,554.0,2,1,3,554.0,5.747260671980838,1
patchcore,HEI_comb6,leg,11,5,313.0,1,0,3,313.0,5.528391819000245,0
patchcore,HEI_comb6,leg,11,6,890.0,1,0,3,890.0,6.443951349000673,0
patchcore,HEI_comb6,leg,11,7,328.0,2,1,3,328.0,6.655556283098586,4
patchcore,HEI_comb6,leg,11,8,373.0,1,0,3,373.0,6.002861832127427,3
patchcore,HEI_comb6,leg,12,1,879.0,1,0,2,879.0,6.437723451190525,2
patchcore,HEI_comb6,leg,12,2,826.0,2,1,2,826.0,6.2129120628039045,1
patchcore,HEI_comb6,leg,13,1,884.0,3,1,1,884.0,6.175116514548277,4
patchcore,HEI_comb6,leg,14,1,1450.0,2,1,3,1450.0,6.1854757308959964,0
patchcore,HEI_comb6,leg,14,2,865.0,2,1,3,865.0,5.805861685011122,1
patchcore,HEI_comb6,leg,14,3,339.0,2,1,3,339.0,6.490759383307563,1
patchcore,HEI_comb6,leg,14,4,301.0,1,0,3,301.0,6.273358897729353,4
patchcore,HEI_comb6,leg,14,5,328.0,2,1,3,328.0,6.246921803088898,4
patchcore,HEI_comb6,leg,14,6,817.0,1,0,3,817.0,6.323750437759772,2
patchcore,HEI_comb6,leg,15,1,775.0,2,1,1,775.0,5.936332401476409,4
patchcore,HEI_comb6,leg,16,1,319.0,1,0,1,319.0,6.2234489406858176,1
patchcore,HEI_comb6,leg,17,1,825.0,2,1,1,825.0,5.8781604448954266,2
patchcore,HEI_comb6,leg,18,1,313.0,1,0,3,313.0,6.473084180783003,0
patchcore,HEI_comb6,leg,18,2,818.0,2,1,3,818.0,6.288011125896288,4
patchcore,HEI_comb6,leg,18,3,894.0,2,1,3,894.0,5.880631833463101,3
patchcore,HEI_comb6,leg,18,4,345.0,1,0,3,345.0,6.247128503663199,4
patchcore,HEI_comb6,leg,19,1,369.0,2,1,1,369.0,6.145327513558524,1
patchcore,HEI_comb6,leg,20,1,769.0,2,1,2,769.0,6.430103120349703,2
patchcore,HEI_comb6,leg,20,2,997.0,1,0,2,997.0,5.978444192467666,1
patchcore,HEI_comb6,leg,21,1,408.0,1,0,3,408.0,6.090680801507198,1
patchcore,HEI_comb6,leg,21,2,785.0,2,1,3,785.0,6.262437179684639,2
patchcore,HEI_comb6,leg,21,3,2892.0,1,0,3,2892.0,5.794440977035031,4
patchcore,HEI_comb6,leg,22,1,331.0,1,0,3,331.0,5.791220701657808,4
patchcore,HEI_comb6,leg,22,2,743.0,2,1,3,743.0,5.857785689525115,3
patchcore,HEI_comb6,leg,22,3,437.0,1,0,3,437.0,5.859957439954891,1
patchcore,HEI_comb6,leg,22,4,6003.0,1,0,3,6003.0,5.780490182694935,0
patchcore,HEI_comb6,leg,22,5,350.0,2,1,3,350.0,5.839912217238854,1
patchcore,HEI_comb6,leg,22,6,858.0,2,1,3,858.0,5.688687015982235,0
patchcore,HEI_comb6,leg,23,1,568.0,1,0,2,568.0,6.108942246437072,3
patchcore,HEI_comb6,leg,23,2,302.0,1,0,2,302.0,6.25447612338596,3
patchcore,HEI_comb6,leg,24,1,566.0,1,0,1,566.0,5.892380714416504,4
patchcore,HEI_comb6,leg,27,1,405.0,2,1,3,405.0,6.076996363126314,3
patchcore,HEI_comb6,leg,27,2,317.0,2,1,3,317.0,5.972591161727905,3
patchcore,HEI_comb6,leg,27,3,8006.0,1,0,3,8006.0,5.871652949940074,2
patchcore,HEI_comb6,leg,27,4,2941.0,2,1,3,2941.0,6.27790568856632,0
patchcore,HEI_comb6,leg,27,5,774.0,2,1,3,774.0,6.071179231007894,0
patchcore,HEI_comb6,leg,27,6,327.0,2,1,3,327.0,5.576823547908238,0
patchcore,HEI_comb6,leg,27,7,584.0,2,1,3,584.0,5.552852153778076,1
patchcore,HEI_comb6,leg,27,8,550.0,1,0,3,550.0,5.857181612650553,0
patchcore,HEI_comb6,leg,27,9,779.0,1,0,3,779.0,6.058535520847027,4
patchcore,HEI_comb6,leg,28,1,313.0,1,0,3,313.0,5.828136571248373,0
patchcore,HEI_comb6,leg,28,2,826.0,2,1,3,826.0,6.058343853269305,1
patchcore,HEI_comb6,leg,28,3,817.0,1,0,3,817.0,6.15530264377594,2
patchcore,HEI_comb6,leg,29,1,2952.0,2,1,3,2952.0,5.97745434443156,2
patchcore,HEI_comb6,leg,29,2,781.0,2,1,3,781.0,6.135039288657052,3
patchcore,HEI_comb6,leg,29,3,369.0,1,0,3,369.0,6.10915744304657,1
patchcore,HEI_comb6,leg,34,1,858.0,2,1,2,858.0,6.009993500179714,0
patchcore,HEI_comb6,leg,34,2,2932.0,2,1,2,2932.0,5.843503550479286,1
patchcore,HEI_comb6,leg,35,1,586.0,1,0,3,586.0,5.826926580289515,0
patchcore,HEI_comb6,leg,35,2,317.0,2,1,3,317.0,5.919901551140679,3
patchcore,HEI_comb6,leg,35,3,405.0,1,0,3,405.0,6.141278050162575,3
patchcore,HEI_comb6,leg,35,4,2892.0,1,0,3,2892.0,5.90568441568419,4
patchcore,HEI_comb6,leg,35,5,351.0,1,0,3,351.0,5.907309174537659,3
patchcore,HEI_comb6,leg,36,1,582.0,2,1,1,582.0,5.803086757659912,2
patchcore,HEI_comb6,leg,37,1,739.0,1,0,1,739.0,5.932694514592488,4
patchcore,HEI_comb6,leg,39,1,882.0,2,1,2,882.0,5.9011525687049415,1
patchcore,HEI_comb6,leg,39,2,794.0,2,1,2,794.0,6.147608324885368,0
patchcore,HEI_comb6,leg,40,1,876.0,2,1,3,876.0,5.859760410931646,3
patchcore,HEI_comb6,leg,40,2,331.0,1,0,3,331.0,5.873846445083618,4
patchcore,HEI_comb6,leg,40,3,805.0,2,1,3,805.0,5.892407160538894,0
patchcore,HEI_comb6,leg,40,4,786.0,2,1,3,786.0,6.292467308044434,1
patchcore,HEI_comb6,leg,40,5,402.0,1,0,3,402.0,6.012919342517852,3
patchcore,HEI_comb6,leg,40,6,742.0,1,0,3,742.0,5.704879472130223,0
patchcore,HEI_comb6,leg,41,1,401.0,2,1,3,401.0,6.206355561380801,4
patchcore,HEI_comb6,leg,41,2,367.0,1,0,3,367.0,5.899797361724231,1
patchcore,HEI_comb6,leg,42,1,889.0,2,1,1,889.0,6.240219295024872,2
patchcore,HEI_comb6,leg,50,1,458.0,2,1,1,458.0,6.022424393230015,4
patchcore,HEI_comb6,leg,51,1,455.0,1,0,2,455.0,5.818417618914348,3
patchcore,HEI_comb6,leg,51,2,387.0,1,0,2,387.0,6.004564987985711,0
patchcore,HEI_comb6,leg,52,1,377.0,2,1,1,377.0,6.007804142801385,2
patchcore,HEI_comb6,leg,53,1,450.0,1,0,2,450.0,6.107556952370538,0
patchcore,HEI_comb6,leg,54,1,462.0,1,0,3,462.0,6.064984594072614,1
patchcore,HEI_comb6,leg,54,2,431.0,2,1,3,431.0,5.731803823024668,1
patchcore,HEI_comb6,leg,54,3,327.0,2,1,3,327.0,5.809523582458496,0
patchcore,HEI_comb6,leg,55,1,443.0,3,1,1,443.0,5.854147589483927,4
patchcore,HEI_comb6,leg,56,1,459.0,1,0,1,459.0,5.708037004238221,2
patchcore,HEI_comb6,leg,57,1,736.0,2,1,1,736.0,5.942575677235921,1
patchcore,HEI_comb6,leg,58,1,611.0,1,0,2,611.0,5.895696015585036,4
patchcore,HEI_comb6,leg,58,2,579.0,1,0,2,579.0,5.747111524854388,2
patchcore,HEI_comb6,leg,59,1,6013.0,1,0,3,6013.0,5.916516145070394,0
patchcore,HEI_comb6,leg,59,2,763.0,2,1,3,763.0,6.334807259695871,1
patchcore,HEI_comb6,leg,59,3,820.0,1,0,3,820.0,6.011516153812408,3
patchcore,HEI_comb6,leg,59,4,8001.0,1,0,3,8001.0,5.986278523098338,4
patchcore,HEI_comb6,leg,59,5,434.0,2,1,3,434.0,5.481632893735712,1
patchcore,HEI_comb6,leg,60,1,586.0,1,0,3,586.0,5.46724523996052,0
patchcore,HEI_comb6,leg,60,2,413.0,2,1,3,413.0,5.737464380264282,2
patchcore,HEI_comb6,leg,60,3,333.0,2,1,3,333.0,6.098397881644113,3
patchcore,HEI_comb6,leg,60,4,886.0,2,1,3,886.0,6.063678921879949,3
patchcore,HEI_comb6,leg,60,5,407.0,2,1,3,407.0,5.961844749939748,4
patchcore,HEI_comb6,leg,60,6,380.0,1,0,3,380.0,5.921832845324562,0
patchcore,HEI_comb6,leg,60,7,583.0,2,1,3,583.0,5.780472926604442,1
patchcore,HEI_comb6,leg,61,1,575.0,1,0,1,575.0,5.826641845703125,4
patchcore,HEI_comb6,leg,62,1,419.0,1,0,3,419.0,5.600999818128698,1
patchcore,HEI_comb6,leg,62,2,441.0,1,0,3,441.0,6.181275939941406,0
patchcore,HEI_comb6,leg,62,3,732.0,2,1,3,732.0,5.482414523760478,2
patchcore,HEI_comb6,leg,63,1,867.0,2,1,3,867.0,5.733286834898449,0
patchcore,HEI_comb6,leg,63,2,6012.0,1,0,3,6012.0,5.686256454104469,3
patchcore,HEI_comb6,leg,63,3,823.0,2,1,3,823.0,5.926320910453796,3
patchcore,HEI_comb6,leg,63,4,318.0,1,0,3,318.0,5.59197231780651,2
patchcore,HEI_comb6,leg,63,5,2880.0,2,1,3,2880.0,5.792136393095317,0
patchcore,HEI_comb6,leg,65,1,2925.0,1,0,2,2925.0,5.996351603305701,3
patchcore,HEI_comb6,leg,65,2,311.0,2,1,2,311.0,5.765858218073845,4
patchcore,HEI_comb6,leg,66,1,772.0,3,1,3,772.0,6.658506363630295,1
patchcore,HEI_comb6,leg,66,2,411.0,1,0,3,411.0,5.895866121564593,3
patchcore,HEI_comb6,leg,66,3,306.0,2,1,3,306.0,6.223240601389032,2
patchcore,HEI_comb6,leg,66,4,330.0,2,1,3,330.0,5.945961194160657,3
patchcore,HEI_comb6,leg,67,1,403.0,1,0,2,403.0,5.540800998085423,4
patchcore,HEI_comb6,leg,67,2,409.0,1,0,2,409.0,5.627709411439442,2
patchcore,HEI_comb6,leg,67,3,8007.0,2,1,2,8007.0,5.633747178155023,3
patchcore,HEI_comb6,leg,67,4,8003.0,2,1,2,8003.0,5.780179786682129,3
patchcore,HEI_comb6,leg,69,1,304.0,2,1,3,304.0,6.0468527030944825,1
patchcore,HEI_comb6,leg,69,2,422.0,2,1,3,422.0,5.654070218404134,4
patchcore,HEI_comb6,leg,70,1,768.0,2,1,1,768.0,6.294263442357381,0
patchcore,HEI_comb6,leg,71,1,1500.0,1,0,3,1500.0,5.688024353981018,1
patchcore,HEI_comb6,leg,71,2,305.0,2,1,3,305.0,5.841303250728509,0
patchcore,HEI_comb6,leg,71,3,418.0,2,1,3,418.0,6.09983109264839,0
patchcore,HEI_comb6,leg,71,4,744.0,2,1,3,744.0,5.85149575363506,2
patchcore,HEI_comb6,leg,71,5,883.0,1,0,3,883.0,5.990509174086831,2
patchcore,HEI_comb6,leg,71,6,375.0,1,0,3,375.0,5.305817359831275,0
patchcore,HEI_comb6,leg,71,7,543.0,2,1,3,543.0,6.014949614351446,3
patchcore,HEI_comb6,leg,72,1,352.0,2,1,1,352.0,5.616352717081706,3
patchcore,HEI_comb6,leg,73,1,426.0,2,1,2,426.0,5.9053020000457765,2
patchcore,HEI_comb6,leg,73,2,423.0,1,0,2,423.0,6.400908420483272,3
patchcore,HEI_comb6,leg,73,3,336.0,2,1,2,336.0,5.771837746224752,2
patchcore,HEI_comb6,leg,73,4,2917.0,2,1,2,2917.0,5.83138979048956,3
patchcore,HEI_comb6,leg,73,5,417.0,2,1,2,417.0,5.911357680956523,1
patchcore,HEI_comb6,leg,74,1,433.0,1,0,1,433.0,6.301031245741734,0
patchcore,HEI_comb6,leg,76,1,372.0,1,0,1,372.0,5.614022479337804,4
patchcore,HEI_comb6,leg,77,1,549.0,1,0,2,549.0,5.909277013830237,2
patchcore,HEI_comb6,leg,77,2,365.0,1,0,2,365.0,5.611634865785256,2
patchcore,HEI_comb6,leg,79,1,472.0,2,1,3,472.0,5.926866803850446,4
patchcore,HEI_comb6,leg,79,2,406.0,3,1,3,406.0,5.777052631744971,2
patchcore,HEI_comb6,leg,79,3,873.0,1,0,3,873.0,5.957699666420619,4
patchcore,HEI_comb6,leg,80,1,383.0,1,0,3,383.0,5.747839437948691,1
patchcore,HEI_comb6,leg,80,2,739.0,1,0,3,739.0,5.507095679258689,4
patchcore,HEI_comb6,leg,80,3,889.0,2,1,3,889.0,5.952652698609887,2
patchcore,HEI_comb6,leg,80,4,305.0,2,1,3,305.0,5.774887355598244,0
patchcore,HEI_comb6,leg,82,1,338.0,1,0,3,338.0,5.56526872089931,2
patchcore,HEI_comb6,leg,82,2,407.0,2,1,3,407.0,5.701874660723137,4
patchcore,HEI_comb6,leg,82,3,350.0,1,0,3,350.0,5.777961066274932,1
patchcore,HEI_comb6,leg,82,4,441.0,1,0,3,441.0,5.354930646078927,0
patchcore,HEI_comb6,leg,82,5,464.0,1,0,3,464.0,5.352304316581564,1
patchcore,HEI_comb6,leg,82,6,423.0,1,0,3,423.0,5.918639739354451,3
patchcore,HEI_comb6,leg,84,1,613.0,2,1,1,613.0,5.592729896969265,2
patchcore,HEI_comb6,leg,85,1,457.0,1,0,3,457.0,5.697552670372857,2
patchcore,HEI_comb6,leg,85,2,366.0,1,0,3,366.0,5.4607143734776695,2
patchcore,HEI_comb6,leg,85,3,448.0,1,0,3,448.0,5.289845675956912,3
patchcore,HEI_comb6,leg,85,4,434.0,2,1,3,434.0,5.415340693100639,1
patchcore,HEI_comb6,leg,85,5,583.0,2,1,3,583.0,5.2233558676459575,1
patchcore,HEI_comb6,leg,85,6,419.0,1,0,3,419.0,5.39891867410569,1
patchcore,HEI_comb6,leg,86,1,6012.0,2,1,1,6012.0,5.80658814845941,3
patchcore,HEI_comb6,leg,87,1,763.0,2,1,2,763.0,6.310898235866001,1
patchcore,HEI_comb6,leg,88,1,820.0,2,1,3,820.0,5.30230002789884,3
patchcore,HEI_comb6,leg,88,2,467.0,2,1,3,467.0,5.629729998111725,0
patchcore,HEI_comb6,leg,88,3,801.0,2,1,3,801.0,5.936754438612196,1
patchcore,HEI_comb6,leg,88,4,1458.0,1,0,3,1458.0,5.51348286734687,4
patchcore,HEI_comb6,leg,89,1,411.0,2,1,3,411.0,5.9704844156901045,3
patchcore,HEI_comb6,leg,89,2,426.0,2,1,3,426.0,5.735585778258567,2
patchcore,HEI_comb6,leg,89,3,886.0,1,0,3,886.0,5.609393849664805,3
patchcore,HEI_comb6,leg,89,4,775.0,1,0,3,775.0,5.769147863388062,4
patchcore,HEI_comb6,leg,90,1,458.0,2,1,3,458.0,5.7604173724934205,4
patchcore,HEI_comb6,leg,90,2,422.0,1,0,3,422.0,6.345992250101907,4
patchcore,HEI_comb6,leg,90,3,452.0,1,0,3,452.0,5.6244029115747525,4
patchcore,HEI_comb6,leg,90,4,413.0,1,0,3,413.0,5.584960098266602,2
patchcore,HEI_comb6,leg,94,1,333.0,2,1,1,333.0,5.77219323454232,3
patchcore,HEI_comb6,leg,96,1,1500.0,1,0,3,1500.0,5.58964593410492,1
patchcore,HEI_comb6,leg,96,2,375.0,2,1,3,375.0,5.436285521533038,0
patchcore,HEI_comb6,leg,96,3,418.0,2,1,3,418.0,5.600959200608103,0
patchcore,HEI_comb6,leg,96,4,732.0,1,0,3,732.0,5.54095720714993,2
patchcore,HEI_comb6,leg,97,1,586.0,3,1,3,586.0,5.712699378620495,0
patchcore,HEI_comb6,leg,97,2,417.0,1,0,3,417.0,6.002843071432674,1
patchcore,HEI_comb6,leg,97,3,883.0,3,1,3,883.0,5.936826825141907,2
patchcore,HEI_comb6,leg,97,4,336.0,1,0,3,336.0,6.40960152943929,2
patchcore,HEI_comb6,leg,98,1,407.0,2,1,2,407.0,6.454208660125732,4
patchcore,HEI_comb6,leg,98,2,441.0,1,0,2,441.0,5.47946678205978,0
patchcore,HEI_comb6,leg,99,1,464.0,1,0,3,464.0,5.510244491772774,1
patchcore,HEI_comb6,leg,99,2,366.0,1,0,3,366.0,5.952224035520811,2
patchcore,HEI_comb6,leg,99,3,418.0,2,1,3,418.0,5.794460844993592,0
patchcore,HEI_comb6,leg,99,4,434.0,2,1,3,434.0,5.446608182860584,1
patchcore,HEI_comb6,leg,100,1,6012.0,2,1,2,6012.0,5.3473940724911895,3
patchcore,HEI_comb6,leg,100,2,6013.0,2,1,2,6013.0,5.731784680994545,0
patchcore,HEI_comb6,leg,102,1,426.0,2,1,2,426.0,6.057342414198251,2
patchcore,HEI_comb6,leg,102,2,425.0,1,0,2,425.0,5.761774494534447,2
patchcore,HEI_comb6,leg,104,1,458.0,2,1,3,458.0,5.699787712097168,4
patchcore,HEI_comb6,leg,104,2,422.0,2,1,3,422.0,5.654792619305987,4
patchcore,HEI_comb6,leg,104,3,611.0,1,0,3,611.0,5.411510308583577,4
patchcore,HEI_comb6,leg,104,4,8007.0,1,0,3,8007.0,5.464965632087306,3
patchcore,HEI_comb6,leg,105,1,328.0,1,0,2,328.0,5.641016144501536,4
patchcore,HEI_comb6,leg,105,2,380.0,2,1,2,380.0,5.500420673473461,0
patchcore,HEI_comb6,leg,106,1,1500.0,2,1,3,1500.0,5.414358194484267,1
patchcore,HEI_comb6,leg,106,2,420.0,1,0,3,420.0,6.36955267045556,4
patchcore,HEI_comb6,leg,106,3,895.0,1,0,3,895.0,5.838983971139659,2
patchcore,HEI_comb6,leg,106,4,744.0,1,0,3,744.0,5.765185256799062,2
patchcore,HEI_comb6,leg,107,1,6010.0,1,0,2,6010.0,6.29474288970232,4
patchcore,HEI_comb6,leg,107,2,459.0,1,0,2,459.0,6.065034999222052,2
patchcore,HEI_comb6,leg,108,1,311.0,2,1,3,311.0,5.474028715273229,4
patchcore,HEI_comb6,leg,108,2,448.0,1,0,3,448.0,5.558628713762438,3
patchcore,HEI_comb6,leg,108,3,350.0,2,1,3,350.0,5.784538424015045,1
patchcore,HEI_comb6,leg,108,4,2880.0,2,1,3,2880.0,5.597509586811066,0
patchcore,HEI_comb6,leg,108,5,318.0,1,0,3,318.0,5.6745839476585385,2
patchcore,HEI_comb6,leg,109,1,2917.0,2,1,2,2917.0,5.582417871893906,3
patchcore,HEI_comb6,leg,109,2,307.0,2,1,2,307.0,6.130927692760121,1
patchcore,HEI_comb6,leg,109,3,413.0,1,0,2,413.0,5.507470204279973,2
patchcore,HEI_comb6,leg,110,1,1446.0,1,0,1,1446.0,5.689051614088171,1
patchcore,HEI_comb6,leg,111,1,443.0,2,1,2,443.0,5.424803070400072,4
patchcore,HEI_comb6,leg,111,2,421.0,2,1,2,421.0,5.777596685621473,3
patchcore,HEI_comb6,leg,112,1,409.0,2,1,1,409.0,5.6623255058571145,2
patchcore,HEI_comb6,leg,113,1,333.0,2,1,3,333.0,5.903163764211866,3
patchcore,HEI_comb6,leg,113,2,375.0,1,0,3,375.0,5.366231853897507,0
patchcore,HEI_comb6,leg,113,3,370.0,2,1,3,370.0,5.565852190318861,0
patchcore,HEI_comb6,leg,113,4,820.0,2,1,3,820.0,5.440500786429958,3
patchcore,HEI_comb6,leg,113,5,883.0,1,0,3,883.0,5.486138478303567,2
patchcore,HEI_comb6,leg,114,1,586.0,1,0,1,586.0,5.805687566598256,0
patchcore,HEI_comb6,leg,115,1,336.0,2,1,2,336.0,5.568587598346529,2
patchcore,HEI_comb6,leg,115,2,732.0,2,1,2,732.0,5.375710817483755,2
patchcore,HEI_comb6,leg,116,1,423.0,2,1,3,423.0,5.931948577656465,3
patchcore,HEI_comb6,leg,116,2,419.0,1,0,3,419.0,5.671327127729144,1
patchcore,HEI_comb6,leg,117,1,2952.0,2,1,2,2952.0,5.718447257310916,2
patchcore,HEI_comb6,leg,117,2,417.0,2,1,2,417.0,5.487673327326775,1
patchcore,HEI_comb6,leg,118,1,352.0,1,0,3,352.0,5.437436686621772,3
patchcore,HEI_comb6,leg,118,2,304.0,2,1,3,304.0,5.707851264211866,1
patchcore,HEI_comb6,leg,118,3,433.0,2,1,3,433.0,5.57412490579817,0
patchcore,HEI_comb6,leg,118,4,768.0,1,0,3,768.0,5.84429292678833,0
patchcore,HEI,full,1,1,582.0,2,1,2,582.0,5.505365697961104,2
patchcore,HEI,full,1,2,403.0,2,1,2,403.0,5.832724385145234,4
patchcore,HEI,full,2,1,578.0,1,0,2,578.0,5.671364013965313,3
patchcore,HEI,full,2,2,603.0,1,0,2,603.0,5.600066455927762,3
patchcore,HEI,full,3,1,431.0,1,0,2,431.0,5.716636129327722,1
patchcore,HEI,full,3,2,555.0,2,1,2,555.0,5.645730637215279,0
patchcore,HEI,full,3,3,766.0,2,1,2,766.0,5.959733804066976,3
patchcore,HEI,full,4,1,550.0,1,0,2,550.0,5.420477182437212,0
patchcore,HEI,full,4,2,419.0,1,0,2,419.0,5.460249472887088,1
patchcore,HEI,full,6,1,416.0,1,0,1,416.0,5.498060669217791,0
patchcore,HEI,full,7,1,568.0,1,0,3,568.0,5.789675245893762,3
patchcore,HEI,full,7,2,,1,0,3,unknown,6.039200314769039,1
patchcore,HEI,full,7,3,411.0,2,1,3,411.0,5.734958681949349,3
patchcore,HEI,full,8,1,319.0,1,0,3,319.0,5.577305123209953,1
patchcore,HEI,full,8,2,325.0,1,0,3,325.0,6.090822075352524,4
patchcore,HEI,full,8,3,344.0,2,1,3,344.0,5.837761729955673,0
patchcore,HEI,full,8,4,322.0,2,1,3,322.0,5.913181393234818,0
patchcore,HEI,full,9,1,891.0,1,0,1,891.0,5.990460300445557,4
patchcore,HEI,full,10,1,566.0,1,0,2,566.0,5.596673513713636,4
patchcore,HEI,full,10,2,743.0,2,1,2,743.0,5.613715427677806,3
patchcore,HEI,full,10,3,2928.0,1,0,2,2928.0,5.579212270131925,2
patchcore,HEI,full,11,1,755.0,1,0,3,755.0,5.9302800976952845,4
patchcore,HEI,full,11,2,884.0,2,1,3,884.0,5.910722830078819,4
patchcore,HEI,full,11,3,739.0,2,1,3,739.0,5.986114454269409,4
patchcore,HEI,full,11,4,554.0,2,1,3,554.0,5.877889775215311,1
patchcore,HEI,full,11,5,313.0,1,0,3,313.0,5.598595113754272,0
patchcore,HEI,full,11,6,890.0,1,0,3,890.0,5.84863348264952,0
patchcore,HEI,full,11,7,328.0,2,1,3,328.0,6.224358223854227,4
patchcore,HEI,full,11,8,373.0,1,0,3,373.0,5.668952898545698,3
patchcore,HEI,full,12,1,879.0,1,0,2,879.0,6.40880839029948,2
patchcore,HEI,full,12,2,826.0,2,1,2,826.0,5.992502152919769,1
patchcore,HEI,full,13,1,884.0,3,1,1,884.0,5.881584766583565,4
patchcore,HEI,full,14,1,1450.0,2,1,3,1450.0,5.874704631169637,0
patchcore,HEI,full,14,2,865.0,2,1,3,865.0,5.774873871273464,1
patchcore,HEI,full,14,3,339.0,2,1,3,339.0,5.98724872801039,1
patchcore,HEI,full,14,4,301.0,1,0,3,301.0,6.199073704806241,4
patchcore,HEI,full,14,5,328.0,2,1,3,328.0,6.226515780103967,4
patchcore,HEI,full,14,6,817.0,1,0,3,817.0,6.116068770245808,2
patchcore,HEI,full,15,1,775.0,2,1,1,775.0,5.8604757660313656,4
patchcore,HEI,full,16,1,319.0,1,0,1,319.0,5.655634641647339,1
patchcore,HEI,full,17,1,825.0,2,1,1,825.0,5.784083573023478,2
patchcore,HEI,full,18,1,313.0,1,0,3,313.0,6.030899720314221,0
patchcore,HEI,full,18,2,818.0,2,1,3,818.0,5.990809544273045,4
patchcore,HEI,full,18,3,894.0,2,1,3,894.0,5.7188879734761,3
patchcore,HEI,full,18,4,345.0,1,0,3,345.0,6.114424501146589,4
patchcore,HEI,full,19,1,369.0,2,1,1,369.0,6.089311899457659,1
patchcore,HEI,full,20,1,769.0,2,1,2,769.0,5.956289234615507,2
patchcore,HEI,full,20,2,997.0,1,0,2,997.0,5.851525062467994,1
patchcore,HEI,full,21,1,408.0,1,0,3,408.0,5.87474233453924,1
patchcore,HEI,full,21,2,785.0,2,1,3,785.0,5.963080987334251,2
patchcore,HEI,full,21,3,2892.0,1,0,3,2892.0,5.602650196321549,4
patchcore,HEI,full,22,1,331.0,1,0,3,331.0,5.672732145358355,4
patchcore,HEI,full,22,2,743.0,2,1,3,743.0,5.913036444248298,3
patchcore,HEI,full,22,3,437.0,1,0,3,437.0,5.822494872780734,1
patchcore,HEI,full,22,4,6003.0,1,0,3,6003.0,5.665541489919026,0
patchcore,HEI,full,22,5,350.0,2,1,3,350.0,5.56005519011925,1
patchcore,HEI,full,22,6,858.0,2,1,3,858.0,5.657458123038797,0
patchcore,HEI,full,23,1,568.0,1,0,2,568.0,5.783587539196015,3
patchcore,HEI,full,23,2,302.0,1,0,2,302.0,5.8543770048353405,3
patchcore,HEI,full,24,1,566.0,1,0,1,566.0,5.470182577768962,4
patchcore,HEI,full,27,1,405.0,2,1,3,405.0,6.052385672544822,3
patchcore,HEI,full,27,2,317.0,2,1,3,317.0,5.73515442439488,3
patchcore,HEI,full,27,3,8006.0,1,0,3,8006.0,5.592266429554332,2
patchcore,HEI,full,27,4,2941.0,2,1,3,2941.0,5.748976328793694,0
patchcore,HEI,full,27,5,774.0,2,1,3,774.0,5.675622272491455,0
patchcore,HEI,full,27,6,327.0,2,1,3,327.0,5.437599767957415,0
patchcore,HEI,full,27,7,584.0,2,1,3,584.0,5.670959424972534,1
patchcore,HEI,full,27,8,550.0,1,0,3,550.0,5.583759991327922,0
patchcore,HEI,full,27,9,779.0,1,0,3,779.0,5.557243438867422,4
patchcore,HEI,full,28,1,313.0,1,0,3,313.0,5.857451248168945,0
patchcore,HEI,full,28,2,826.0,2,1,3,826.0,5.966370531490871,1
patchcore,HEI,full,28,3,817.0,1,0,3,817.0,6.228593059948513,2
patchcore,HEI,full,29,1,2952.0,2,1,3,2952.0,5.946335660086738,2
patchcore,HEI,full,29,2,781.0,2,1,3,781.0,5.92570561000279,3
patchcore,HEI,full,29,3,369.0,1,0,3,369.0,6.08570044570499,1
patchcore,HEI,full,34,1,858.0,2,1,2,858.0,6.020677659246656,0
patchcore,HEI,full,34,2,2932.0,2,1,2,2932.0,5.980442335731105,1
patchcore,HEI,full,35,1,586.0,1,0,3,586.0,5.555763674945366,0
patchcore,HEI,full,35,2,317.0,2,1,3,317.0,5.805827818976509,3
patchcore,HEI,full,35,3,405.0,1,0,3,405.0,6.046879302371632,3
patchcore,HEI,full,35,4,2892.0,1,0,3,2892.0,5.911310473153757,4
patchcore,HEI,full,35,5,351.0,1,0,3,351.0,5.866950368881225,3
patchcore,HEI,full,36,1,582.0,2,1,1,582.0,5.706051398967874,2
patchcore,HEI,full,37,1,739.0,1,0,1,739.0,6.037220729721917,4
patchcore,HEI,full,39,1,882.0,2,1,2,882.0,5.822270715937895,1
patchcore,HEI,full,39,2,794.0,2,1,2,794.0,6.139918178319931,0
patchcore,HEI,full,40,1,876.0,2,1,3,876.0,5.949732916695731,3
patchcore,HEI,full,40,2,331.0,1,0,3,331.0,5.938653602600097,4
patchcore,HEI,full,40,3,805.0,2,1,3,805.0,5.806948197193635,0
patchcore,HEI,full,40,4,786.0,2,1,3,786.0,6.052728462219238,1
patchcore,HEI,full,40,5,402.0,1,0,3,402.0,6.065813434123993,3
patchcore,HEI,full,40,6,742.0,1,0,3,742.0,5.774289984452097,0
patchcore,HEI,full,41,1,401.0,2,1,3,401.0,6.109619804050611,4
patchcore,HEI,full,41,2,367.0,1,0,3,367.0,5.865887135875468,1
patchcore,HEI,full,42,1,889.0,2,1,1,889.0,6.387694040934245,2
patchcore,HEI,full,50,1,458.0,2,1,1,458.0,5.494562890794542,4
patchcore,HEI,full,51,1,455.0,1,0,2,455.0,5.788081448252608,3
patchcore,HEI,full,51,2,387.0,1,0,2,387.0,5.829211548755043,0
patchcore,HEI,full,52,1,377.0,2,1,1,377.0,5.682463344774749,2
patchcore,HEI,full,53,1,450.0,1,0,2,450.0,5.838228066762288,0
patchcore,HEI,full,54,1,462.0,1,0,3,462.0,5.801903364609699,1
patchcore,HEI,full,54,2,431.0,2,1,3,431.0,5.5152973114176,1
patchcore,HEI,full,54,3,327.0,2,1,3,327.0,5.517333899603949,0
patchcore,HEI,full,55,1,443.0,3,1,1,443.0,5.301626172176627,4
patchcore,HEI,full,56,1,459.0,1,0,1,459.0,5.672619214872035,2
patchcore,HEI,full,57,1,736.0,2,1,1,736.0,5.681350898742676,1
patchcore,HEI,full,58,1,611.0,1,0,2,611.0,5.608643872397287,4
patchcore,HEI,full,58,2,579.0,1,0,2,579.0,5.46177203314645,2
patchcore,HEI,full,59,1,6013.0,1,0,3,6013.0,5.697072590721978,0
patchcore,HEI,full,59,2,763.0,2,1,3,763.0,5.948959963662284,1
patchcore,HEI,full,59,3,820.0,1,0,3,820.0,5.673462653160096,3
patchcore,HEI,full,59,4,8001.0,1,0,3,8001.0,5.89048573103818,4
patchcore,HEI,full,59,5,434.0,2,1,3,434.0,5.4792807860807935,1
patchcore,HEI,full,60,1,586.0,1,0,3,586.0,5.283278691141229,0
patchcore,HEI,full,60,2,413.0,2,1,3,413.0,5.556613636016846,2
patchcore,HEI,full,60,3,333.0,2,1,3,333.0,5.73545469556536,3
patchcore,HEI,full,60,4,886.0,2,1,3,886.0,5.523123444737615,3
patchcore,HEI,full,60,5,407.0,2,1,3,407.0,5.765688566061167,4
patchcore,HEI,full,60,6,380.0,1,0,3,380.0,5.569211255936396,0
patchcore,HEI,full,60,7,583.0,2,1,3,583.0,5.4880894391964645,1
patchcore,HEI,full,61,1,575.0,1,0,1,575.0,5.629199504852295,4
patchcore,HEI,full,62,1,419.0,1,0,3,419.0,5.3572446879218605,1
patchcore,HEI,full,62,2,441.0,1,0,3,441.0,5.806330585479737,0
patchcore,HEI,full,62,3,732.0,2,1,3,732.0,5.504614962471856,2
patchcore,HEI,full,63,1,867.0,2,1,3,867.0,5.566923720496042,0
patchcore,HEI,full,63,2,6012.0,1,0,3,6012.0,5.368853217079526,3
patchcore,HEI,full,63,3,823.0,2,1,3,823.0,5.653048721226779,3
patchcore,HEI,full,63,4,318.0,1,0,3,318.0,5.413015121637389,2
patchcore,HEI,full,63,5,2880.0,2,1,3,2880.0,5.54496925755551,0
patchcore,HEI,full,65,1,2925.0,1,0,2,2925.0,5.801413825063994,3
patchcore,HEI,full,65,2,311.0,2,1,2,311.0,5.402336806058884,4
patchcore,HEI,full,66,1,772.0,3,1,3,772.0,6.1082451939582825,1
patchcore,HEI,full,66,2,411.0,1,0,3,411.0,5.61547056833903,3
patchcore,HEI,full,66,3,306.0,2,1,3,306.0,5.81736327472486,2
patchcore,HEI,full,66,4,330.0,2,1,3,330.0,5.59898924216246,3
patchcore,HEI,full,67,1,403.0,1,0,2,403.0,5.579312061008654,4
patchcore,HEI,full,67,2,409.0,1,0,2,409.0,5.5574306306384855,2
patchcore,HEI,full,67,3,8007.0,2,1,2,8007.0,5.427302308984705,3
patchcore,HEI,full,67,4,8003.0,2,1,2,8003.0,5.391484437670027,3
patchcore,HEI,full,69,1,304.0,2,1,3,304.0,5.862549934387207,1
patchcore,HEI,full,69,2,422.0,2,1,3,422.0,5.550723195075989,4
patchcore,HEI,full,70,1,768.0,2,1,1,768.0,5.983945031960805,0
patchcore,HEI,full,71,1,1500.0,1,0,3,1500.0,5.4989989519119264,1
patchcore,HEI,full,71,2,305.0,2,1,3,305.0,5.634118740375225,0
patchcore,HEI,full,71,3,418.0,2,1,3,418.0,5.628878686486221,0
patchcore,HEI,full,71,4,744.0,2,1,3,744.0,5.694740663875233,2
patchcore,HEI,full,71,5,883.0,1,0,3,883.0,5.784363811666315,2
patchcore,HEI,full,71,6,375.0,1,0,3,375.0,5.482929601901915,0
patchcore,HEI,full,71,7,543.0,2,1,3,543.0,5.8333177891644565,3
patchcore,HEI,full,72,1,352.0,2,1,1,352.0,5.390336513519287,3
patchcore,HEI,full,73,1,426.0,2,1,2,426.0,5.809839992523194,2
patchcore,HEI,full,73,2,423.0,1,0,2,423.0,6.046017527580261,3
patchcore,HEI,full,73,3,336.0,2,1,2,336.0,5.3498338257394185,2
patchcore,HEI,full,73,4,2917.0,2,1,2,2917.0,5.535984209605625,3
patchcore,HEI,full,73,5,417.0,2,1,2,417.0,5.670219699541728,1
patchcore,HEI,full,74,1,433.0,1,0,1,433.0,5.668413162231445,0
patchcore,HEI,full,76,1,372.0,1,0,1,372.0,5.464398776783662,4
patchcore,HEI,full,77,1,549.0,1,0,2,549.0,5.6960782231511295,2
patchcore,HEI,full,77,2,365.0,1,0,2,365.0,5.358089532607641,2
patchcore,HEI,full,79,1,472.0,2,1,3,472.0,5.92283220518203,4
patchcore,HEI,full,79,2,406.0,3,1,3,406.0,5.844347082651579,2
patchcore,HEI,full,79,3,873.0,1,0,3,873.0,5.939219981431961,4
patchcore,HEI,full,80,1,383.0,1,0,3,383.0,5.394850743783487,1
patchcore,HEI,full,80,2,739.0,1,0,3,739.0,5.492165320958847,4
patchcore,HEI,full,80,3,889.0,2,1,3,889.0,5.579166389093166,2
patchcore,HEI,full,80,4,305.0,2,1,3,305.0,5.72172533499228,0
patchcore,HEI,full,82,1,338.0,1,0,3,338.0,5.409668093635922,2
patchcore,HEI,full,82,2,407.0,2,1,3,407.0,5.784934029434666,4
patchcore,HEI,full,82,3,350.0,1,0,3,350.0,5.747891715078643,1
patchcore,HEI,full,82,4,441.0,1,0,3,441.0,5.486504473005023,0
patchcore,HEI,full,82,5,464.0,1,0,3,464.0,5.464043941903622,1
patchcore,HEI,full,82,6,423.0,1,0,3,423.0,5.736326535542806,3
patchcore,HEI,full,84,1,613.0,2,1,1,613.0,5.41524551179674,2
patchcore,HEI,full,85,1,457.0,1,0,3,457.0,5.774022271898057,2
patchcore,HEI,full,85,2,366.0,1,0,3,366.0,5.509257227875466,2
patchcore,HEI,full,85,3,448.0,1,0,3,448.0,5.259942799079709,3
patchcore,HEI,full,85,4,434.0,2,1,3,434.0,5.407167237737904,1
patchcore,HEI,full,85,5,583.0,2,1,3,583.0,5.466078541495583,1
patchcore,HEI,full,85,6,419.0,1,0,3,419.0,5.728603294917515,1
patchcore,HEI,full,86,1,6012.0,2,1,1,6012.0,5.504991323519976,3
patchcore,HEI,full,87,1,763.0,2,1,2,763.0,6.007899080004011,1
patchcore,HEI,full,88,1,820.0,2,1,3,820.0,5.369944984848435,3
patchcore,HEI,full,88,2,467.0,2,1,3,467.0,5.434948551654816,0
patchcore,HEI,full,88,3,801.0,2,1,3,801.0,5.709753810034858,1
patchcore,HEI,full,88,4,1458.0,1,0,3,1458.0,5.437150828043619,4
patchcore,HEI,full,89,1,411.0,2,1,3,411.0,5.64879051844279,3
patchcore,HEI,full,89,2,426.0,2,1,3,426.0,5.670445187147274,2
patchcore,HEI,full,89,3,886.0,1,0,3,886.0,5.605499802803506,3
patchcore,HEI,full,89,4,775.0,1,0,3,775.0,5.595348415374756,4
patchcore,HEI,full,90,1,458.0,2,1,3,458.0,5.830411959502657,4
patchcore,HEI,full,90,2,422.0,1,0,3,422.0,6.055618345737457,4
patchcore,HEI,full,90,3,452.0,1,0,3,452.0,5.573992790999236,4
patchcore,HEI,full,90,4,413.0,1,0,3,413.0,5.70294111251831,2
patchcore,HEI,full,94,1,333.0,2,1,1,333.0,5.633113104721596,3
patchcore,HEI,full,96,1,1500.0,1,0,3,1500.0,5.299555325508118,1
patchcore,HEI,full,96,2,375.0,2,1,3,375.0,5.516684351740657,0
patchcore,HEI,full,96,3,418.0,2,1,3,418.0,5.56060424603914,0
patchcore,HEI,full,96,4,732.0,1,0,3,732.0,5.474045870039198,2
patchcore,HEI,full,97,1,586.0,3,1,3,586.0,5.751352951743386,0
patchcore,HEI,full,97,2,417.0,1,0,3,417.0,5.913031634162454,1
patchcore,HEI,full,97,3,883.0,3,1,3,883.0,5.946507453918457,2
patchcore,HEI,full,97,4,336.0,1,0,3,336.0,6.024833944108751,2
patchcore,HEI,full,98,1,407.0,2,1,2,407.0,6.078876122561368,4
patchcore,HEI,full,98,2,441.0,1,0,2,441.0,5.39919635861419,0
patchcore,HEI,full,99,1,464.0,1,0,3,464.0,5.505358928289169,1
patchcore,HEI,full,99,2,366.0,1,0,3,366.0,5.612539368706781,2
patchcore,HEI,full,99,3,418.0,2,1,3,418.0,5.666226041316986,0
patchcore,HEI,full,99,4,434.0,2,1,3,434.0,5.375856550728402,1
patchcore,HEI,full,100,1,6012.0,2,1,2,6012.0,5.394125046937362,3
patchcore,HEI,full,100,2,6013.0,2,1,2,6013.0,5.493664171637558,0
patchcore,HEI,full,102,1,426.0,2,1,2,426.0,5.815494767550764,2
patchcore,HEI,full,102,2,425.0,1,0,2,425.0,5.437802292051769,2
patchcore,HEI,full,104,1,458.0,2,1,3,458.0,5.479257424672444,4
patchcore,HEI,full,104,2,422.0,2,1,3,422.0,5.278095988340156,4
patchcore,HEI,full,104,3,611.0,1,0,3,611.0,5.228033151382055,4
patchcore,HEI,full,104,4,8007.0,1,0,3,8007.0,5.39331841468811,3
patchcore,HEI,full,105,1,328.0,1,0,2,328.0,5.547680741862247,4
patchcore,HEI,full,105,2,380.0,2,1,2,380.0,5.3777876673518,0
patchcore,HEI,full,106,1,1500.0,2,1,3,1500.0,5.366308955259101,1
patchcore,HEI,full,106,2,420.0,1,0,3,420.0,5.640947493111215,4
patchcore,HEI,full,106,3,895.0,1,0,3,895.0,5.578818891359412,2
patchcore,HEI,full,106,4,744.0,1,0,3,744.0,5.602074493964513,2
patchcore,HEI,full,107,1,6010.0,1,0,2,6010.0,5.963066719472408,4
patchcore,HEI,full,107,2,459.0,1,0,2,459.0,6.074509331437408,2
patchcore,HEI,full,108,1,311.0,2,1,3,311.0,5.219643557943949,4
patchcore,HEI,full,108,2,448.0,1,0,3,448.0,5.517924772726523,3
patchcore,HEI,full,108,3,350.0,2,1,3,350.0,5.718975389003754,1
patchcore,HEI,full,108,4,2880.0,2,1,3,2880.0,5.407706713676452,0
patchcore,HEI,full,108,5,318.0,1,0,3,318.0,5.513771033287048,2
patchcore,HEI,full,109,1,2917.0,2,1,2,2917.0,5.439381552905571,3
patchcore,HEI,full,109,2,307.0,2,1,2,307.0,5.673902641643178,1
patchcore,HEI,full,109,3,413.0,1,0,2,413.0,5.386799910129645,2
patchcore,HEI,full,110,1,1446.0,1,0,1,1446.0,5.371505092172062,1
patchcore,HEI,full,111,1,443.0,2,1,2,443.0,5.3870807834293535,4
patchcore,HEI,full,111,2,421.0,2,1,2,421.0,5.537998530599806,3
patchcore,HEI,full,112,1,409.0,2,1,1,409.0,5.582735741579974,2
patchcore,HEI,full,113,1,333.0,2,1,3,333.0,5.838501718309191,3
patchcore,HEI,full,113,2,375.0,1,0,3,375.0,5.474973781688793,0
patchcore,HEI,full,113,3,370.0,2,1,3,370.0,5.5115031317660685,0
patchcore,HEI,full,113,4,820.0,2,1,3,820.0,5.431163022392674,3
patchcore,HEI,full,113,5,883.0,1,0,3,883.0,5.490779705536672,2
patchcore,HEI,full,114,1,586.0,1,0,1,586.0,5.727190325657527,0
patchcore,HEI,full,115,1,336.0,2,1,2,336.0,5.337976387568882,2
patchcore,HEI,full,115,2,732.0,2,1,2,732.0,5.37912873732738,2
patchcore,HEI,full,116,1,423.0,2,1,3,423.0,5.785552669973934,3
patchcore,HEI,full,116,2,419.0,1,0,3,419.0,5.485899448394775,1
patchcore,HEI,full,117,1,2952.0,2,1,2,2952.0,5.422518204420041,2
patchcore,HEI,full,117,2,417.0,2,1,2,417.0,5.647396579384804,1
patchcore,HEI,full,118,1,352.0,1,0,3,352.0,5.331066131591797,3
patchcore,HEI,full,118,2,304.0,2,1,3,304.0,5.40079058541192,1
patchcore,HEI,full,118,3,433.0,2,1,3,433.0,5.499019331402248,0
patchcore,HEI,full,118,4,768.0,1,0,3,768.0,5.584122689565023,0
patchcore,HEI,leg,1,1,582.0,2,1,2,582.0,5.584569253419575,2
patchcore,HEI,leg,1,2,403.0,2,1,2,403.0,5.768024746964618,4
patchcore,HEI,leg,2,1,578.0,1,0,2,578.0,5.750716368357341,3
patchcore,HEI,leg,2,2,603.0,1,0,2,603.0,5.689681009812788,3
patchcore,HEI,leg,3,1,431.0,1,0,2,431.0,5.731715021906672,1
patchcore,HEI,leg,3,2,555.0,2,1,2,555.0,5.746208654867636,0
patchcore,HEI,leg,3,3,766.0,2,1,2,766.0,5.959600395626492,3
patchcore,HEI,leg,4,1,550.0,1,0,2,550.0,5.401839623084435,0
patchcore,HEI,leg,4,2,419.0,1,0,2,419.0,5.474243604219877,1
patchcore,HEI,leg,6,1,416.0,1,0,1,416.0,5.696224229676383,0
patchcore,HEI,leg,7,1,568.0,1,0,3,568.0,5.956362856195328,3
patchcore,HEI,leg,7,2,,1,0,3,unknown,6.055907523190534,1
patchcore,HEI,leg,7,3,411.0,2,1,3,411.0,5.55508934065353,3
patchcore,HEI,leg,8,1,319.0,1,0,3,319.0,5.787441775202751,1
patchcore,HEI,leg,8,2,325.0,1,0,3,325.0,6.2658309792027325,4
patchcore,HEI,leg,8,3,344.0,2,1,3,344.0,6.139982759952545,0
patchcore,HEI,leg,8,4,322.0,2,1,3,322.0,5.698996738151267,0
patchcore,HEI,leg,9,1,891.0,1,0,1,891.0,6.110878791809082,4
patchcore,HEI,leg,10,1,566.0,1,0,2,566.0,5.714443156593724,4
patchcore,HEI,leg,10,2,743.0,2,1,2,743.0,5.947750975446003,3
patchcore,HEI,leg,10,3,2928.0,1,0,2,2928.0,5.681820869445801,2
patchcore,HEI,leg,11,1,755.0,1,0,3,755.0,5.8506331111109535,4
patchcore,HEI,leg,11,2,884.0,2,1,3,884.0,6.206579002467069,4
patchcore,HEI,leg,11,3,739.0,2,1,3,739.0,5.800583863258362,4
patchcore,HEI,leg,11,4,554.0,2,1,3,554.0,5.747260671980838,1
patchcore,HEI,leg,11,5,313.0,1,0,3,313.0,5.528391819000245,0
patchcore,HEI,leg,11,6,890.0,1,0,3,890.0,6.443951349000673,0
patchcore,HEI,leg,11,7,328.0,2,1,3,328.0,6.655556283098586,4
patchcore,HEI,leg,11,8,373.0,1,0,3,373.0,6.002861832127427,3
patchcore,HEI,leg,12,1,879.0,1,0,2,879.0,6.437723451190525,2
patchcore,HEI,leg,12,2,826.0,2,1,2,826.0,6.2129120628039045,1
patchcore,HEI,leg,13,1,884.0,3,1,1,884.0,6.175116514548277,4
patchcore,HEI,leg,14,1,1450.0,2,1,3,1450.0,6.1854757308959964,0
patchcore,HEI,leg,14,2,865.0,2,1,3,865.0,5.805861685011122,1
patchcore,HEI,leg,14,3,339.0,2,1,3,339.0,6.490759383307563,1
patchcore,HEI,leg,14,4,301.0,1,0,3,301.0,6.273358897729353,4
patchcore,HEI,leg,14,5,328.0,2,1,3,328.0,6.246921803088898,4
patchcore,HEI,leg,14,6,817.0,1,0,3,817.0,6.323750437759772,2
patchcore,HEI,leg,15,1,775.0,2,1,1,775.0,5.936332401476409,4
patchcore,HEI,leg,16,1,319.0,1,0,1,319.0,6.2234489406858176,1
patchcore,HEI,leg,17,1,825.0,2,1,1,825.0,5.8781604448954266,2
patchcore,HEI,leg,18,1,313.0,1,0,3,313.0,6.473084180783003,0
patchcore,HEI,leg,18,2,818.0,2,1,3,818.0,6.288011125896288,4
patchcore,HEI,leg,18,3,894.0,2,1,3,894.0,5.880631833463101,3
patchcore,HEI,leg,18,4,345.0,1,0,3,345.0,6.247128503663199,4
patchcore,HEI,leg,19,1,369.0,2,1,1,369.0,6.145327513558524,1
patchcore,HEI,leg,20,1,769.0,2,1,2,769.0,6.430103120349703,2
patchcore,HEI,leg,20,2,997.0,1,0,2,997.0,5.978444192467666,1
patchcore,HEI,leg,21,1,408.0,1,0,3,408.0,6.090680801507198,1
patchcore,HEI,leg,21,2,785.0,2,1,3,785.0,6.262437179684639,2
patchcore,HEI,leg,21,3,2892.0,1,0,3,2892.0,5.794440977035031,4
patchcore,HEI,leg,22,1,331.0,1,0,3,331.0,5.791220701657808,4
patchcore,HEI,leg,22,2,743.0,2,1,3,743.0,5.857785689525115,3
patchcore,HEI,leg,22,3,437.0,1,0,3,437.0,5.859957439954891,1
patchcore,HEI,leg,22,4,6003.0,1,0,3,6003.0,5.780490182694935,0
patchcore,HEI,leg,22,5,350.0,2,1,3,350.0,5.839912217238854,1
patchcore,HEI,leg,22,6,858.0,2,1,3,858.0,5.688687015982235,0
patchcore,HEI,leg,23,1,568.0,1,0,2,568.0,6.108942246437072,3
patchcore,HEI,leg,23,2,302.0,1,0,2,302.0,6.25447612338596,3
patchcore,HEI,leg,24,1,566.0,1,0,1,566.0,5.892380714416504,4
patchcore,HEI,leg,27,1,405.0,2,1,3,405.0,6.076996363126314,3
patchcore,HEI,leg,27,2,317.0,2,1,3,317.0,5.972591161727905,3
patchcore,HEI,leg,27,3,8006.0,1,0,3,8006.0,5.871652949940074,2
patchcore,HEI,leg,27,4,2941.0,2,1,3,2941.0,6.27790568856632,0
patchcore,HEI,leg,27,5,774.0,2,1,3,774.0,6.071179231007894,0
patchcore,HEI,leg,27,6,327.0,2,1,3,327.0,5.576823547908238,0
patchcore,HEI,leg,27,7,584.0,2,1,3,584.0,5.552852153778076,1
patchcore,HEI,leg,27,8,550.0,1,0,3,550.0,5.857181612650553,0
patchcore,HEI,leg,27,9,779.0,1,0,3,779.0,6.058535520847027,4
patchcore,HEI,leg,28,1,313.0,1,0,3,313.0,5.828136571248373,0
patchcore,HEI,leg,28,2,826.0,2,1,3,826.0,6.058343853269305,1
patchcore,HEI,leg,28,3,817.0,1,0,3,817.0,6.15530264377594,2
patchcore,HEI,leg,29,1,2952.0,2,1,3,2952.0,5.97745434443156,2
patchcore,HEI,leg,29,2,781.0,2,1,3,781.0,6.135039288657052,3
patchcore,HEI,leg,29,3,369.0,1,0,3,369.0,6.10915744304657,1
patchcore,HEI,leg,34,1,858.0,2,1,2,858.0,6.009993500179714,0
patchcore,HEI,leg,34,2,2932.0,2,1,2,2932.0,5.843503550479286,1
patchcore,HEI,leg,35,1,586.0,1,0,3,586.0,5.826926580289515,0
patchcore,HEI,leg,35,2,317.0,2,1,3,317.0,5.919901551140679,3
patchcore,HEI,leg,35,3,405.0,1,0,3,405.0,6.141278050162575,3
patchcore,HEI,leg,35,4,2892.0,1,0,3,2892.0,5.90568441568419,4
patchcore,HEI,leg,35,5,351.0,1,0,3,351.0,5.907309174537659,3
patchcore,HEI,leg,36,1,582.0,2,1,1,582.0,5.803086757659912,2
patchcore,HEI,leg,37,1,739.0,1,0,1,739.0,5.932694514592488,4
patchcore,HEI,leg,39,1,882.0,2,1,2,882.0,5.9011525687049415,1
patchcore,HEI,leg,39,2,794.0,2,1,2,794.0,6.147608324885368,0
patchcore,HEI,leg,40,1,876.0,2,1,3,876.0,5.859760410931646,3
patchcore,HEI,leg,40,2,331.0,1,0,3,331.0,5.873846445083618,4
patchcore,HEI,leg,40,3,805.0,2,1,3,805.0,5.892407160538894,0
patchcore,HEI,leg,40,4,786.0,2,1,3,786.0,6.292467308044434,1
patchcore,HEI,leg,40,5,402.0,1,0,3,402.0,6.012919342517852,3
patchcore,HEI,leg,40,6,742.0,1,0,3,742.0,5.704879472130223,0
patchcore,HEI,leg,41,1,401.0,2,1,3,401.0,6.206355561380801,4
patchcore,HEI,leg,41,2,367.0,1,0,3,367.0,5.899797361724231,1
patchcore,HEI,leg,42,1,889.0,2,1,1,889.0,6.240219295024872,2
patchcore,HEI,leg,50,1,458.0,2,1,1,458.0,6.022424393230015,4
patchcore,HEI,leg,51,1,455.0,1,0,2,455.0,5.818417618914348,3
patchcore,HEI,leg,51,2,387.0,1,0,2,387.0,6.004564987985711,0
patchcore,HEI,leg,52,1,377.0,2,1,1,377.0,6.007804142801385,2
patchcore,HEI,leg,53,1,450.0,1,0,2,450.0,6.107556952370538,0
patchcore,HEI,leg,54,1,462.0,1,0,3,462.0,6.064984594072614,1
patchcore,HEI,leg,54,2,431.0,2,1,3,431.0,5.731803823024668,1
patchcore,HEI,leg,54,3,327.0,2,1,3,327.0,5.809523582458496,0
patchcore,HEI,leg,55,1,443.0,3,1,1,443.0,5.854147589483927,4
patchcore,HEI,leg,56,1,459.0,1,0,1,459.0,5.708037004238221,2
patchcore,HEI,leg,57,1,736.0,2,1,1,736.0,5.942575677235921,1
patchcore,HEI,leg,58,1,611.0,1,0,2,611.0,5.895696015585036,4
patchcore,HEI,leg,58,2,579.0,1,0,2,579.0,5.747111524854388,2
patchcore,HEI,leg,59,1,6013.0,1,0,3,6013.0,5.916516145070394,0
patchcore,HEI,leg,59,2,763.0,2,1,3,763.0,6.334807259695871,1
patchcore,HEI,leg,59,3,820.0,1,0,3,820.0,6.011516153812408,3
patchcore,HEI,leg,59,4,8001.0,1,0,3,8001.0,5.986278523098338,4
patchcore,HEI,leg,59,5,434.0,2,1,3,434.0,5.481632893735712,1
patchcore,HEI,leg,60,1,586.0,1,0,3,586.0,5.46724523996052,0
patchcore,HEI,leg,60,2,413.0,2,1,3,413.0,5.737464380264282,2
patchcore,HEI,leg,60,3,333.0,2,1,3,333.0,6.098397881644113,3
patchcore,HEI,leg,60,4,886.0,2,1,3,886.0,6.063678921879949,3
patchcore,HEI,leg,60,5,407.0,2,1,3,407.0,5.961844749939748,4
patchcore,HEI,leg,60,6,380.0,1,0,3,380.0,5.921832845324562,0
patchcore,HEI,leg,60,7,583.0,2,1,3,583.0,5.780472926604442,1
patchcore,HEI,leg,61,1,575.0,1,0,1,575.0,5.826641845703125,4
patchcore,HEI,leg,62,1,419.0,1,0,3,419.0,5.600999818128698,1
patchcore,HEI,leg,62,2,441.0,1,0,3,441.0,6.181275939941406,0
patchcore,HEI,leg,62,3,732.0,2,1,3,732.0,5.482414523760478,2
patchcore,HEI,leg,63,1,867.0,2,1,3,867.0,5.733286834898449,0
patchcore,HEI,leg,63,2,6012.0,1,0,3,6012.0,5.686256454104469,3
patchcore,HEI,leg,63,3,823.0,2,1,3,823.0,5.926320910453796,3
patchcore,HEI,leg,63,4,318.0,1,0,3,318.0,5.59197231780651,2
patchcore,HEI,leg,63,5,2880.0,2,1,3,2880.0,5.792136393095317,0
patchcore,HEI,leg,65,1,2925.0,1,0,2,2925.0,5.996351603305701,3
patchcore,HEI,leg,65,2,311.0,2,1,2,311.0,5.765858218073845,4
patchcore,HEI,leg,66,1,772.0,3,1,3,772.0,6.658506363630295,1
patchcore,HEI,leg,66,2,411.0,1,0,3,411.0,5.895866121564593,3
patchcore,HEI,leg,66,3,306.0,2,1,3,306.0,6.223240601389032,2
patchcore,HEI,leg,66,4,330.0,2,1,3,330.0,5.945961194160657,3
patchcore,HEI,leg,67,1,403.0,1,0,2,403.0,5.540800998085423,4
patchcore,HEI,leg,67,2,409.0,1,0,2,409.0,5.627709411439442,2
patchcore,HEI,leg,67,3,8007.0,2,1,2,8007.0,5.633747178155023,3
patchcore,HEI,leg,67,4,8003.0,2,1,2,8003.0,5.780179786682129,3
patchcore,HEI,leg,69,1,304.0,2,1,3,304.0,6.0468527030944825,1
patchcore,HEI,leg,69,2,422.0,2,1,3,422.0,5.654070218404134,4
patchcore,HEI,leg,70,1,768.0,2,1,1,768.0,6.294263442357381,0
patchcore,HEI,leg,71,1,1500.0,1,0,3,1500.0,5.688024353981018,1
patchcore,HEI,leg,71,2,305.0,2,1,3,305.0,5.841303250728509,0
patchcore,HEI,leg,71,3,418.0,2,1,3,418.0,6.09983109264839,0
patchcore,HEI,leg,71,4,744.0,2,1,3,744.0,5.85149575363506,2
patchcore,HEI,leg,71,5,883.0,1,0,3,883.0,5.990509174086831,2
patchcore,HEI,leg,71,6,375.0,1,0,3,375.0,5.305817359831275,0
patchcore,HEI,leg,71,7,543.0,2,1,3,543.0,6.014949614351446,3
patchcore,HEI,leg,72,1,352.0,2,1,1,352.0,5.616352717081706,3
patchcore,HEI,leg,73,1,426.0,2,1,2,426.0,5.9053020000457765,2
patchcore,HEI,leg,73,2,423.0,1,0,2,423.0,6.400908420483272,3
patchcore,HEI,leg,73,3,336.0,2,1,2,336.0,5.771837746224752,2
patchcore,HEI,leg,73,4,2917.0,2,1,2,2917.0,5.83138979048956,3
patchcore,HEI,leg,73,5,417.0,2,1,2,417.0,5.911357680956523,1
patchcore,HEI,leg,74,1,433.0,1,0,1,433.0,6.301031245741734,0
patchcore,HEI,leg,76,1,372.0,1,0,1,372.0,5.614022479337804,4
patchcore,HEI,leg,77,1,549.0,1,0,2,549.0,5.909277013830237,2
patchcore,HEI,leg,77,2,365.0,1,0,2,365.0,5.611634865785256,2
patchcore,HEI,leg,79,1,472.0,2,1,3,472.0,5.926866803850446,4
patchcore,HEI,leg,79,2,406.0,3,1,3,406.0,5.777052631744971,2
patchcore,HEI,leg,79,3,873.0,1,0,3,873.0,5.957699666420619,4
patchcore,HEI,leg,80,1,383.0,1,0,3,383.0,5.747839437948691,1
patchcore,HEI,leg,80,2,739.0,1,0,3,739.0,5.507095679258689,4
patchcore,HEI,leg,80,3,889.0,2,1,3,889.0,5.952652698609887,2
patchcore,HEI,leg,80,4,305.0,2,1,3,305.0,5.774887355598244,0
patchcore,HEI,leg,82,1,338.0,1,0,3,338.0,5.56526872089931,2
patchcore,HEI,leg,82,2,407.0,2,1,3,407.0,5.701874660723137,4
patchcore,HEI,leg,82,3,350.0,1,0,3,350.0,5.777961066274932,1
patchcore,HEI,leg,82,4,441.0,1,0,3,441.0,5.354930646078927,0
patchcore,HEI,leg,82,5,464.0,1,0,3,464.0,5.352304316581564,1
patchcore,HEI,leg,82,6,423.0,1,0,3,423.0,5.918639739354451,3
patchcore,HEI,leg,84,1,613.0,2,1,1,613.0,5.592729896969265,2
patchcore,HEI,leg,85,1,457.0,1,0,3,457.0,5.697552670372857,2
patchcore,HEI,leg,85,2,366.0,1,0,3,366.0,5.4607143734776695,2
patchcore,HEI,leg,85,3,448.0,1,0,3,448.0,5.289845675956912,3
patchcore,HEI,leg,85,4,434.0,2,1,3,434.0,5.415340693100639,1
patchcore,HEI,leg,85,5,583.0,2,1,3,583.0,5.2233558676459575,1
patchcore,HEI,leg,85,6,419.0,1,0,3,419.0,5.39891867410569,1
patchcore,HEI,leg,86,1,6012.0,2,1,1,6012.0,5.80658814845941,3
patchcore,HEI,leg,87,1,763.0,2,1,2,763.0,6.310898235866001,1
patchcore,HEI,leg,88,1,820.0,2,1,3,820.0,5.30230002789884,3
patchcore,HEI,leg,88,2,467.0,2,1,3,467.0,5.629729998111725,0
patchcore,HEI,leg,88,3,801.0,2,1,3,801.0,5.936754438612196,1
patchcore,HEI,leg,88,4,1458.0,1,0,3,1458.0,5.51348286734687,4
patchcore,HEI,leg,89,1,411.0,2,1,3,411.0,5.9704844156901045,3
patchcore,HEI,leg,89,2,426.0,2,1,3,426.0,5.735585778258567,2
patchcore,HEI,leg,89,3,886.0,1,0,3,886.0,5.609393849664805,3
patchcore,HEI,leg,89,4,775.0,1,0,3,775.0,5.769147863388062,4
patchcore,HEI,leg,90,1,458.0,2,1,3,458.0,5.7604173724934205,4
patchcore,HEI,leg,90,2,422.0,1,0,3,422.0,6.345992250101907,4
patchcore,HEI,leg,90,3,452.0,1,0,3,452.0,5.6244029115747525,4
patchcore,HEI,leg,90,4,413.0,1,0,3,413.0,5.584960098266602,2
patchcore,HEI,leg,94,1,333.0,2,1,1,333.0,5.77219323454232,3
patchcore,HEI,leg,96,1,1500.0,1,0,3,1500.0,5.58964593410492,1
patchcore,HEI,leg,96,2,375.0,2,1,3,375.0,5.436285521533038,0
patchcore,HEI,leg,96,3,418.0,2,1,3,418.0,5.600959200608103,0
patchcore,HEI,leg,96,4,732.0,1,0,3,732.0,5.54095720714993,2
patchcore,HEI,leg,97,1,586.0,3,1,3,586.0,5.712699378620495,0
patchcore,HEI,leg,97,2,417.0,1,0,3,417.0,6.002843071432674,1
patchcore,HEI,leg,97,3,883.0,3,1,3,883.0,5.936826825141907,2
patchcore,HEI,leg,97,4,336.0,1,0,3,336.0,6.40960152943929,2
patchcore,HEI,leg,98,1,407.0,2,1,2,407.0,6.454208660125732,4
patchcore,HEI,leg,98,2,441.0,1,0,2,441.0,5.47946678205978,0
patchcore,HEI,leg,99,1,464.0,1,0,3,464.0,5.510244491772774,1
patchcore,HEI,leg,99,2,366.0,1,0,3,366.0,5.952224035520811,2
patchcore,HEI,leg,99,3,418.0,2,1,3,418.0,5.794460844993592,0
patchcore,HEI,leg,99,4,434.0,2,1,3,434.0,5.446608182860584,1
patchcore,HEI,leg,100,1,6012.0,2,1,2,6012.0,5.3473940724911895,3
patchcore,HEI,leg,100,2,6013.0,2,1,2,6013.0,5.731784680994545,0
patchcore,HEI,leg,102,1,426.0,2,1,2,426.0,6.057342414198251,2
patchcore,HEI,leg,102,2,425.0,1,0,2,425.0,5.761774494534447,2
patchcore,HEI,leg,104,1,458.0,2,1,3,458.0,5.699787712097168,4
patchcore,HEI,leg,104,2,422.0,2,1,3,422.0,5.654792619305987,4
patchcore,HEI,leg,104,3,611.0,1,0,3,611.0,5.411510308583577,4
patchcore,HEI,leg,104,4,8007.0,1,0,3,8007.0,5.464965632087306,3
patchcore,HEI,leg,105,1,328.0,1,0,2,328.0,5.641016144501536,4
patchcore,HEI,leg,105,2,380.0,2,1,2,380.0,5.500420673473461,0
patchcore,HEI,leg,106,1,1500.0,2,1,3,1500.0,5.414358194484267,1
patchcore,HEI,leg,106,2,420.0,1,0,3,420.0,6.36955267045556,4
patchcore,HEI,leg,106,3,895.0,1,0,3,895.0,5.838983971139659,2
patchcore,HEI,leg,106,4,744.0,1,0,3,744.0,5.765185256799062,2
patchcore,HEI,leg,107,1,6010.0,1,0,2,6010.0,6.29474288970232,4
patchcore,HEI,leg,107,2,459.0,1,0,2,459.0,6.065034999222052,2
patchcore,HEI,leg,108,1,311.0,2,1,3,311.0,5.474028715273229,4
patchcore,HEI,leg,108,2,448.0,1,0,3,448.0,5.558628713762438,3
patchcore,HEI,leg,108,3,350.0,2,1,3,350.0,5.784538424015045,1
patchcore,HEI,leg,108,4,2880.0,2,1,3,2880.0,5.597509586811066,0
patchcore,HEI,leg,108,5,318.0,1,0,3,318.0,5.6745839476585385,2
patchcore,HEI,leg,109,1,2917.0,2,1,2,2917.0,5.582417871893906,3
patchcore,HEI,leg,109,2,307.0,2,1,2,307.0,6.130927692760121,1
patchcore,HEI,leg,109,3,413.0,1,0,2,413.0,5.507470204279973,2
patchcore,HEI,leg,110,1,1446.0,1,0,1,1446.0,5.689051614088171,1
patchcore,HEI,leg,111,1,443.0,2,1,2,443.0,5.424803070400072,4
patchcore,HEI,leg,111,2,421.0,2,1,2,421.0,5.777596685621473,3
patchcore,HEI,leg,112,1,409.0,2,1,1,409.0,5.6623255058571145,2
patchcore,HEI,leg,113,1,333.0,2,1,3,333.0,5.903163764211866,3
patchcore,HEI,leg,113,2,375.0,1,0,3,375.0,5.366231853897507,0
patchcore,HEI,leg,113,3,370.0,2,1,3,370.0,5.565852190318861,0
patchcore,HEI,leg,113,4,820.0,2,1,3,820.0,5.440500786429958,3
patchcore,HEI,leg,113,5,883.0,1,0,3,883.0,5.486138478303567,2
patchcore,HEI,leg,114,1,586.0,1,0,1,586.0,5.805687566598256,0
patchcore,HEI,leg,115,1,336.0,2,1,2,336.0,5.568587598346529,2
patchcore,HEI,leg,115,2,732.0,2,1,2,732.0,5.375710817483755,2
patchcore,HEI,leg,116,1,423.0,2,1,3,423.0,5.931948577656465,3
patchcore,HEI,leg,116,2,419.0,1,0,3,419.0,5.671327127729144,1
patchcore,HEI,leg,117,1,2952.0,2,1,2,2952.0,5.718447257310916,2
patchcore,HEI,leg,117,2,417.0,2,1,2,417.0,5.487673327326775,1
patchcore,HEI,leg,118,1,352.0,1,0,3,352.0,5.437436686621772,3
patchcore,HEI,leg,118,2,304.0,2,1,3,304.0,5.707851264211866,1
patchcore,HEI,leg,118,3,433.0,2,1,3,433.0,5.57412490579817,0
patchcore,HEI,leg,118,4,768.0,1,0,3,768.0,5.84429292678833,0
stfpm,CGI,leg,1,1,582.0,2,1,2,582.0,0.3878578127999055,2
stfpm,CGI,leg,1,2,403.0,2,1,2,403.0,0.3869917174664939,4
stfpm,CGI,leg,2,1,578.0,1,0,2,578.0,0.4007323506550911,3
stfpm,CGI,leg,2,2,603.0,1,0,2,603.0,0.3892574662511999,3
stfpm,CGI,leg,3,1,431.0,1,0,2,431.0,0.3999673683901091,1
stfpm,CGI,leg,3,2,555.0,2,1,2,555.0,0.3824479998768987,0
stfpm,CGI,leg,3,3,766.0,2,1,2,766.0,0.4388624782915468,3
stfpm,CGI,leg,4,1,550.0,1,0,2,550.0,0.3563502843563373,0
stfpm,CGI,leg,4,2,419.0,1,0,2,419.0,0.3826428208595667,1
stfpm,CGI,leg,6,1,416.0,1,0,1,416.0,0.4050368879522596,0
stfpm,CGI,leg,7,1,568.0,1,0,3,568.0,0.4138788162393773,3
stfpm,CGI,leg,7,2,,1,0,3,unknown,0.4002629220485687,1
stfpm,CGI,leg,7,3,411.0,2,1,3,411.0,0.404955974844999,3
stfpm,CGI,leg,8,1,319.0,1,0,3,319.0,0.3884996529668569,1
stfpm,CGI,leg,8,2,325.0,1,0,3,325.0,0.428222555102724,4
stfpm,CGI,leg,8,3,344.0,2,1,3,344.0,0.4072504853829741,0
stfpm,CGI,leg,8,4,322.0,2,1,3,322.0,0.4330878346054642,0
stfpm,CGI,leg,9,1,891.0,1,0,1,891.0,0.4196208894252777,4
stfpm,CGI,leg,10,1,566.0,1,0,2,566.0,0.3894730727923544,4
stfpm,CGI,leg,10,2,743.0,2,1,2,743.0,0.4072879988972733,3
stfpm,CGI,leg,10,3,2928.0,1,0,2,2928.0,0.3642441797547224,2
stfpm,CGI,leg,11,1,755.0,1,0,3,755.0,0.3925825329714043,4
stfpm,CGI,leg,11,2,884.0,2,1,3,884.0,0.4111121892929077,4
stfpm,CGI,leg,11,3,739.0,2,1,3,739.0,0.4292973071336746,4
stfpm,CGI,leg,11,4,554.0,2,1,3,554.0,0.4109534513443074,1
stfpm,CGI,leg,11,5,313.0,1,0,3,313.0,0.3582563585042953,0
stfpm,CGI,leg,11,6,890.0,1,0,3,890.0,0.377613636287483,0
stfpm,CGI,leg,11,7,328.0,2,1,3,328.0,0.3989413520123096,4
stfpm,CGI,leg,11,8,373.0,1,0,3,373.0,0.3998525711623105,3
stfpm,CGI,leg,12,1,879.0,1,0,2,879.0,0.3811294855894865,2
stfpm,CGI,leg,12,2,826.0,2,1,2,826.0,0.4309516617407401,1
stfpm,CGI,leg,13,1,884.0,3,1,1,884.0,0.4036437311233618,4
stfpm,CGI,leg,14,1,1450.0,2,1,3,1450.0,0.4311571170886357,0
stfpm,CGI,leg,14,2,865.0,2,1,3,865.0,0.4037533766693539,1
stfpm,CGI,leg,14,3,339.0,2,1,3,339.0,0.4213784144984351,1
stfpm,CGI,leg,14,4,301.0,1,0,3,301.0,0.436482081359083,4
stfpm,CGI,leg,14,5,328.0,2,1,3,328.0,0.4062068398962629,4
stfpm,CGI,leg,14,6,817.0,1,0,3,817.0,0.4051421778958018,2
stfpm,CGI,leg,15,1,775.0,2,1,1,775.0,0.4221873369656111,4
stfpm,CGI,leg,16,1,319.0,1,0,1,319.0,0.4023706104074205,1
stfpm,CGI,leg,17,1,825.0,2,1,1,825.0,0.4114343285560607,2
stfpm,CGI,leg,18,1,313.0,1,0,3,313.0,0.3814133971165388,0
stfpm,CGI,leg,18,2,818.0,2,1,3,818.0,0.3765757880781007,4
stfpm,CGI,leg,18,3,894.0,2,1,3,894.0,0.400516791923626,3
stfpm,CGI,leg,18,4,345.0,1,0,3,345.0,0.431268141738006,4
stfpm,CGI,leg,19,1,369.0,2,1,1,369.0,0.4255896525723593,1
stfpm,CGI,leg,20,1,769.0,2,1,2,769.0,0.4074545531045823,2
stfpm,CGI,leg,20,2,997.0,1,0,2,997.0,0.3932080036256371,1
stfpm,CGI,leg,21,1,408.0,1,0,3,408.0,0.3976418773333232,1
stfpm,CGI,leg,21,2,785.0,2,1,3,785.0,0.424373053945601,2
stfpm,CGI,leg,21,3,2892.0,1,0,3,2892.0,0.401751967207078,4
stfpm,CGI,leg,22,1,331.0,1,0,3,331.0,0.3815434941878685,4
stfpm,CGI,leg,22,2,743.0,2,1,3,743.0,0.40050703057876,3
stfpm,CGI,leg,22,3,437.0,1,0,3,437.0,0.3674062636009482,1
stfpm,CGI,leg,22,4,6003.0,1,0,3,6003.0,0.3902596015305746,0
stfpm,CGI,leg,22,5,350.0,2,1,3,350.0,0.3744938209139067,1
stfpm,CGI,leg,22,6,858.0,2,1,3,858.0,0.3880900565315695,0
stfpm,CGI,leg,23,1,568.0,1,0,2,568.0,0.3869082346558571,3
stfpm,CGI,leg,23,2,302.0,1,0,2,302.0,0.4180097488893403,3
stfpm,CGI,leg,24,1,566.0,1,0,1,566.0,0.3870256228579415,4
stfpm,CGI,leg,27,1,405.0,2,1,3,405.0,0.3925259311993916,3
stfpm,CGI,leg,27,2,317.0,2,1,3,317.0,0.4079180657863617,3
stfpm,CGI,leg,27,3,8006.0,1,0,3,8006.0,0.3968118573680068,2
stfpm,CGI,leg,27,4,2941.0,2,1,3,2941.0,0.3844162295846378,0
stfpm,CGI,leg,27,5,774.0,2,1,3,774.0,0.3907698810100555,0
stfpm,CGI,leg,27,6,327.0,2,1,3,327.0,0.383136465719768,0
stfpm,CGI,leg,27,7,584.0,2,1,3,584.0,0.3871279627084732,1
stfpm,CGI,leg,27,8,550.0,1,0,3,550.0,0.3746999641259511,0
stfpm,CGI,leg,27,9,779.0,1,0,3,779.0,0.4035345361782954,4
stfpm,CGI,leg,28,1,313.0,1,0,3,313.0,0.4202264308929443,0
stfpm,CGI,leg,28,2,826.0,2,1,3,826.0,0.4535807796886989,1
stfpm,CGI,leg,28,3,817.0,1,0,3,817.0,0.4486491946237428,2
stfpm,CGI,leg,29,1,2952.0,2,1,3,2952.0,0.4213818245463901,2
stfpm,CGI,leg,29,2,781.0,2,1,3,781.0,0.4426634550094604,3
stfpm,CGI,leg,29,3,369.0,1,0,3,369.0,0.4347435095243984,1
stfpm,CGI,leg,34,1,858.0,2,1,2,858.0,0.426745656463835,0
stfpm,CGI,leg,34,2,2932.0,2,1,2,2932.0,0.4028535500953072,1
stfpm,CGI,leg,35,1,586.0,1,0,3,586.0,0.3827660658010622,0
stfpm,CGI,leg,35,2,317.0,2,1,3,317.0,0.4004465646213955,3
stfpm,CGI,leg,35,3,405.0,1,0,3,405.0,0.4229698377576741,3
stfpm,CGI,leg,35,4,2892.0,1,0,3,2892.0,0.4154332903928535,4
stfpm,CGI,leg,35,5,351.0,1,0,3,351.0,0.3937572859227657,3
stfpm,CGI,leg,36,1,582.0,2,1,1,582.0,0.4143397777244962,2
stfpm,CGI,leg,37,1,739.0,1,0,1,739.0,0.4280978325340483,4
stfpm,CGI,leg,39,1,882.0,2,1,2,882.0,0.4092318354284062,1
stfpm,CGI,leg,39,2,794.0,2,1,2,794.0,0.426835342310369,0
stfpm,CGI,leg,40,1,876.0,2,1,3,876.0,0.3965487978896316,3
stfpm,CGI,leg,40,2,331.0,1,0,3,331.0,0.4025886690616607,4
stfpm,CGI,leg,40,3,805.0,2,1,3,805.0,0.3844620050528111,0
stfpm,CGI,leg,40,4,786.0,2,1,3,786.0,0.4415998548269272,1
stfpm,CGI,leg,40,5,402.0,1,0,3,402.0,0.453827665746212,3
stfpm,CGI,leg,40,6,742.0,1,0,3,742.0,0.3963536110363508,0
stfpm,CGI,leg,41,1,401.0,2,1,3,401.0,0.3853283835494,4
stfpm,CGI,leg,41,2,367.0,1,0,3,367.0,0.3712188352127464,1
stfpm,CGI,leg,42,1,889.0,2,1,1,889.0,0.4445100997885068,2
stfpm,CGI,leg,50,1,458.0,2,1,1,458.0,0.3869665753510263,4
stfpm,CGI,leg,51,1,455.0,1,0,2,455.0,0.4009110193427016,3
stfpm,CGI,leg,51,2,387.0,1,0,2,387.0,0.3875413489969153,0
stfpm,CGI,leg,52,1,377.0,2,1,1,377.0,0.376354536727855,2
stfpm,CGI,leg,53,1,450.0,1,0,2,450.0,0.3871772984663645,0
stfpm,CGI,leg,54,1,462.0,1,0,3,462.0,0.3940268207569511,1
stfpm,CGI,leg,54,2,431.0,2,1,3,431.0,0.3689038468168137,1
stfpm,CGI,leg,54,3,327.0,2,1,3,327.0,0.3769702328575982,0
stfpm,CGI,leg,55,1,443.0,3,1,1,443.0,0.3715479422447293,4
stfpm,CGI,leg,56,1,459.0,1,0,1,459.0,0.3675697729354951,2
stfpm,CGI,leg,57,1,736.0,2,1,1,736.0,0.3861418896251254,1
stfpm,CGI,leg,58,1,611.0,1,0,2,611.0,0.3719546766508193,4
stfpm,CGI,leg,58,2,579.0,1,0,2,579.0,0.3622188710031055,2
stfpm,CGI,leg,59,1,6013.0,1,0,3,6013.0,0.373309279150433,0
stfpm,CGI,leg,59,2,763.0,2,1,3,763.0,0.4569930561951228,1
stfpm,CGI,leg,59,3,820.0,1,0,3,820.0,0.3877800166606903,3
stfpm,CGI,leg,59,4,8001.0,1,0,3,8001.0,0.4353223260153424,4
stfpm,CGI,leg,59,5,434.0,2,1,3,434.0,0.3880525122989308,1
stfpm,CGI,leg,60,1,586.0,1,0,3,586.0,0.3769781315012982,0
stfpm,CGI,leg,60,2,413.0,2,1,3,413.0,0.3795261047780514,2
stfpm,CGI,leg,60,3,333.0,2,1,3,333.0,0.3995828534875597,3
stfpm,CGI,leg,60,4,886.0,2,1,3,886.0,0.4116362913234814,3
stfpm,CGI,leg,60,5,407.0,2,1,3,407.0,0.4071747675920144,4
stfpm,CGI,leg,60,6,380.0,1,0,3,380.0,0.376063034647987,0
stfpm,CGI,leg,60,7,583.0,2,1,3,583.0,0.3988402776229076,1
stfpm,CGI,leg,61,1,575.0,1,0,1,575.0,0.3742159508168697,4
stfpm,CGI,leg,62,1,419.0,1,0,3,419.0,0.3915000741972643,1
stfpm,CGI,leg,62,2,441.0,1,0,3,441.0,0.3884279012680053,0
stfpm,CGI,leg,62,3,732.0,2,1,3,732.0,0.3760919910338189,2
stfpm,CGI,leg,63,1,867.0,2,1,3,867.0,0.378093143304189,0
stfpm,CGI,leg,63,2,6012.0,1,0,3,6012.0,0.3698285158191408,3
stfpm,CGI,leg,63,3,823.0,2,1,3,823.0,0.3990141288800673,3
stfpm,CGI,leg,63,4,318.0,1,0,3,318.0,0.3724549100842587,2
stfpm,CGI,leg,63,5,2880.0,2,1,3,2880.0,0.3753050746102082,0
stfpm,CGI,leg,65,1,2925.0,1,0,2,2925.0,0.4088642380454323,3
stfpm,CGI,leg,65,2,311.0,2,1,2,311.0,0.385214926674962,4
stfpm,CGI,leg,66,1,772.0,3,1,3,772.0,0.4357877764850855,1
stfpm,CGI,leg,66,2,411.0,1,0,3,411.0,0.3986004335539682,3
stfpm,CGI,leg,66,3,306.0,2,1,3,306.0,0.3996364482139286,2
stfpm,CGI,leg,66,4,330.0,2,1,3,330.0,0.3868026198484959,3
stfpm,CGI,leg,67,1,403.0,1,0,2,403.0,0.3837830628219403,4
stfpm,CGI,leg,67,2,409.0,1,0,2,409.0,0.3729455605858848,2
stfpm,CGI,leg,67,3,8007.0,2,1,2,8007.0,0.4029570544088209,3
stfpm,CGI,leg,67,4,8003.0,2,1,2,8003.0,0.3922752737998962,3
stfpm,CGI,leg,69,1,304.0,2,1,3,304.0,0.4228723001480102,1
stfpm,CGI,leg,69,2,422.0,2,1,3,422.0,0.4146437264151043,4
stfpm,CGI,leg,70,1,768.0,2,1,1,768.0,0.4292323340972264,0
stfpm,CGI,leg,71,1,1500.0,1,0,3,1500.0,0.3706524774432182,1
stfpm,CGI,leg,71,2,305.0,2,1,3,305.0,0.3982430665920942,0
stfpm,CGI,leg,71,3,418.0,2,1,3,418.0,0.4044483870994754,0
stfpm,CGI,leg,71,4,744.0,2,1,3,744.0,0.3766623728654601,2
stfpm,CGI,leg,71,5,883.0,1,0,3,883.0,0.374640323899009,2
stfpm,CGI,leg,71,6,375.0,1,0,3,375.0,0.3653432705053469,0
stfpm,CGI,leg,71,7,543.0,2,1,3,543.0,0.3935873379761522,3
stfpm,CGI,leg,72,1,352.0,2,1,1,352.0,0.3885435412327448,3
stfpm,CGI,leg,73,1,426.0,2,1,2,426.0,0.3652768051624298,2
stfpm,CGI,leg,73,2,423.0,1,0,2,423.0,0.390656432757775,3
stfpm,CGI,leg,73,3,336.0,2,1,2,336.0,0.3686911812642725,2
stfpm,CGI,leg,73,4,2917.0,2,1,2,2917.0,0.3851947287718455,3
stfpm,CGI,leg,73,5,417.0,2,1,2,417.0,0.3998096436262131,1
stfpm,CGI,leg,74,1,433.0,1,0,1,433.0,0.3769305182057758,0
stfpm,CGI,leg,76,1,372.0,1,0,1,372.0,0.4070547486052793,4
stfpm,CGI,leg,77,1,549.0,1,0,2,549.0,0.4121981158449843,2
stfpm,CGI,leg,77,2,365.0,1,0,2,365.0,0.3725243195509299,2
stfpm,CGI,leg,79,1,472.0,2,1,3,472.0,0.4040612514529909,4
stfpm,CGI,leg,79,2,406.0,3,1,3,406.0,0.3735238892527727,2
stfpm,CGI,leg,79,3,873.0,1,0,3,873.0,0.4197422663370768,4
stfpm,CGI,leg,80,1,383.0,1,0,3,383.0,0.3871590205141016,1
stfpm,CGI,leg,80,2,739.0,1,0,3,739.0,0.4097456389512771,4
stfpm,CGI,leg,80,3,889.0,2,1,3,889.0,0.3903174538437913,2
stfpm,CGI,leg,80,4,305.0,2,1,3,305.0,0.411852959040049,0
stfpm,CGI,leg,82,1,338.0,1,0,3,338.0,0.3906940661725543,2
stfpm,CGI,leg,82,2,407.0,2,1,3,407.0,0.4460135915062644,4
stfpm,CGI,leg,82,3,350.0,1,0,3,350.0,0.3947142227129502,1
stfpm,CGI,leg,82,4,441.0,1,0,3,441.0,0.3773491961615426,0
stfpm,CGI,leg,82,5,464.0,1,0,3,464.0,0.3640924096107483,1
stfpm,CGI,leg,82,6,423.0,1,0,3,423.0,0.3925762148130508,3
stfpm,CGI,leg,84,1,613.0,2,1,1,613.0,0.37229017217954,2
stfpm,CGI,leg,85,1,457.0,1,0,3,457.0,0.3799504856268564,2
stfpm,CGI,leg,85,2,366.0,1,0,3,366.0,0.377067357301712,2
stfpm,CGI,leg,85,3,448.0,1,0,3,448.0,0.3804297970562446,3
stfpm,CGI,leg,85,4,434.0,2,1,3,434.0,0.378136299226595,1
stfpm,CGI,leg,85,5,583.0,2,1,3,583.0,0.367472225969488,1
stfpm,CGI,leg,85,6,419.0,1,0,3,419.0,0.3721683663981301,1
stfpm,CGI,leg,86,1,6012.0,2,1,1,6012.0,0.4029898849817422,3
stfpm,CGI,leg,87,1,763.0,2,1,2,763.0,0.3865007321749414,1
stfpm,CGI,leg,88,1,820.0,2,1,3,820.0,0.3833000708270717,3
stfpm,CGI,leg,88,2,467.0,2,1,3,467.0,0.3973149918019771,0
stfpm,CGI,leg,88,3,801.0,2,1,3,801.0,0.428743392891354,1
stfpm,CGI,leg,88,4,1458.0,1,0,3,1458.0,0.3734383814864688,4
stfpm,CGI,leg,89,1,411.0,2,1,3,411.0,0.4289748622820927,3
stfpm,CGI,leg,89,2,426.0,2,1,3,426.0,0.3793569463630055,2
stfpm,CGI,leg,89,3,886.0,1,0,3,886.0,0.4072231765912503,3
stfpm,CGI,leg,89,4,775.0,1,0,3,775.0,0.3923770880699158,4
stfpm,CGI,leg,90,1,458.0,2,1,3,458.0,0.380146203404766,4
stfpm,CGI,leg,90,2,422.0,1,0,3,422.0,0.4426450234438692,4
stfpm,CGI,leg,90,3,452.0,1,0,3,452.0,0.3966423008177016,4
stfpm,CGI,leg,90,4,413.0,1,0,3,413.0,0.3746241128444671,2
stfpm,CGI,leg,94,1,333.0,2,1,1,333.0,0.3963764340713106,3
stfpm,CGI,leg,96,1,1500.0,1,0,3,1500.0,0.3740339390933513,1
stfpm,CGI,leg,96,2,375.0,2,1,3,375.0,0.3891355806105845,0
stfpm,CGI,leg,96,3,418.0,2,1,3,418.0,0.4116857459670619,0
stfpm,CGI,leg,96,4,732.0,1,0,3,732.0,0.3761426660749647,2
stfpm,CGI,leg,97,1,586.0,3,1,3,586.0,0.3890162505886771,0
stfpm,CGI,leg,97,2,417.0,1,0,3,417.0,0.3842292498139774,1
stfpm,CGI,leg,97,3,883.0,3,1,3,883.0,0.4159761487195889,2
stfpm,CGI,leg,97,4,336.0,1,0,3,336.0,0.3794811268647511,2
stfpm,CGI,leg,98,1,407.0,2,1,2,407.0,0.4188708489591425,4
stfpm,CGI,leg,98,2,441.0,1,0,2,441.0,0.3734404652617698,0
stfpm,CGI,leg,99,1,464.0,1,0,3,464.0,0.3873692330641624,1
stfpm,CGI,leg,99,2,366.0,1,0,3,366.0,0.4002957408492629,2
stfpm,CGI,leg,99,3,418.0,2,1,3,418.0,0.413487882912159,0
stfpm,CGI,leg,99,4,434.0,2,1,3,434.0,0.3926505511853753,1
stfpm,CGI,leg,100,1,6012.0,2,1,2,6012.0,0.3739318899486376,3
stfpm,CGI,leg,100,2,6013.0,2,1,2,6013.0,0.3847065989564104,0
stfpm,CGI,leg,102,1,426.0,2,1,2,426.0,0.3760565817356109,2
stfpm,CGI,leg,102,2,425.0,1,0,2,425.0,0.3857513793877193,2
stfpm,CGI,leg,104,1,458.0,2,1,3,458.0,0.3816519346502092,4
stfpm,CGI,leg,104,2,422.0,2,1,3,422.0,0.3850479202215062,4
stfpm,CGI,leg,104,3,611.0,1,0,3,611.0,0.376738123404674,4
stfpm,CGI,leg,104,4,8007.0,1,0,3,8007.0,0.3931925939886193,3
stfpm,CGI,leg,105,1,328.0,1,0,2,328.0,0.4009578377008438,4
stfpm,CGI,leg,105,2,380.0,2,1,2,380.0,0.3799210384085372,0
stfpm,CGI,leg,106,1,1500.0,2,1,3,1500.0,0.3780517023663188,1
stfpm,CGI,leg,106,2,420.0,1,0,3,420.0,0.4062136629732644,4
stfpm,CGI,leg,106,3,895.0,1,0,3,895.0,0.381231092888376,2
stfpm,CGI,leg,106,4,744.0,1,0,3,744.0,0.3772388696670532,2
stfpm,CGI,leg,107,1,6010.0,1,0,2,6010.0,0.3985702875070274,4
stfpm,CGI,leg,107,2,459.0,1,0,2,459.0,0.415864102664541,2
stfpm,CGI,leg,108,1,311.0,2,1,3,311.0,0.3753249994138392,4
stfpm,CGI,leg,108,2,448.0,1,0,3,448.0,0.3930375737112921,3
stfpm,CGI,leg,108,3,350.0,2,1,3,350.0,0.3896459452807903,1
stfpm,CGI,leg,108,4,2880.0,2,1,3,2880.0,0.378047002851963,0
stfpm,CGI,leg,108,5,318.0,1,0,3,318.0,0.3980454750359058,2
stfpm,CGI,leg,109,1,2917.0,2,1,2,2917.0,0.3948794072721062,3
stfpm,CGI,leg,109,2,307.0,2,1,2,307.0,0.3927269964055581,1
stfpm,CGI,leg,109,3,413.0,1,0,2,413.0,0.3724116889330057,2
stfpm,CGI,leg,110,1,1446.0,1,0,1,1446.0,0.3865569181302014,1
stfpm,CGI,leg,111,1,443.0,2,1,2,443.0,0.3741861892783124,4
stfpm,CGI,leg,111,2,421.0,2,1,2,421.0,0.4025568150811725,3
stfpm,CGI,leg,112,1,409.0,2,1,1,409.0,0.3653671978800385,2
stfpm,CGI,leg,113,1,333.0,2,1,3,333.0,0.4097145224610964,3
stfpm,CGI,leg,113,2,375.0,1,0,3,375.0,0.3722109818780744,0
stfpm,CGI,leg,113,3,370.0,2,1,3,370.0,0.3877039896814446,0
stfpm,CGI,leg,113,4,820.0,2,1,3,820.0,0.3756444203226189,3
stfpm,CGI,leg,113,5,883.0,1,0,3,883.0,0.3751852061503973,2
stfpm,CGI,leg,114,1,586.0,1,0,1,586.0,0.4046127684414387,0
stfpm,CGI,leg,115,1,336.0,2,1,2,336.0,0.3719216592255093,2
stfpm,CGI,leg,115,2,732.0,2,1,2,732.0,0.3797500798335442,2
stfpm,CGI,leg,116,1,423.0,2,1,3,423.0,0.407975154764512,3
stfpm,CGI,leg,116,2,419.0,1,0,3,419.0,0.3897423820836203,1
stfpm,CGI,leg,117,1,2952.0,2,1,2,2952.0,0.3810705496714665,2
stfpm,CGI,leg,117,2,417.0,2,1,2,417.0,0.4031469449400902,1
stfpm,CGI,leg,118,1,352.0,1,0,3,352.0,0.4009978613919682,3
stfpm,CGI,leg,118,2,304.0,2,1,3,304.0,0.3990705857674281,1
stfpm,CGI,leg,118,3,433.0,2,1,3,433.0,0.3875534426834848,0
stfpm,CGI,leg,118,4,768.0,1,0,3,768.0,0.3948720842599869,0
stfpm,FDEI,leg,1,1,582.0,2,1,2,582.0,0.4308459209768395,2
stfpm,FDEI,leg,1,2,403.0,2,1,2,403.0,0.4493900530221986,4
stfpm,FDEI,leg,2,1,578.0,1,0,2,578.0,0.4591732621192932,3
stfpm,FDEI,leg,2,2,603.0,1,0,2,603.0,0.4448273100636222,3
stfpm,FDEI,leg,3,1,431.0,1,0,2,431.0,0.4564926213509327,1
stfpm,FDEI,leg,3,2,555.0,2,1,2,555.0,0.420508301741368,0
stfpm,FDEI,leg,3,3,766.0,2,1,2,766.0,0.4818752551520312,3
stfpm,FDEI,leg,4,1,550.0,1,0,2,550.0,0.3997815335408235,0
stfpm,FDEI,leg,4,2,419.0,1,0,2,419.0,0.4419451684523851,1
stfpm,FDEI,leg,6,1,416.0,1,0,1,416.0,0.4377725624612399,0
stfpm,FDEI,leg,7,1,568.0,1,0,3,568.0,0.4692175445404458,3
stfpm,FDEI,leg,7,2,,1,0,3,unknown,0.4507386838948285,1
stfpm,FDEI,leg,7,3,411.0,2,1,3,411.0,0.4669574817945791,3
stfpm,FDEI,leg,8,1,319.0,1,0,3,319.0,0.4405076121911406,1
stfpm,FDEI,leg,8,2,325.0,1,0,3,325.0,0.4816477479356708,4
stfpm,FDEI,leg,8,3,344.0,2,1,3,344.0,0.4477122463285923,0
stfpm,FDEI,leg,8,4,322.0,2,1,3,322.0,0.4674239887131585,0
stfpm,FDEI,leg,9,1,891.0,1,0,1,891.0,0.4636181318759918,4
stfpm,FDEI,leg,10,1,566.0,1,0,2,566.0,0.4440771372694718,4
stfpm,FDEI,leg,10,2,743.0,2,1,2,743.0,0.4624413346371999,3
stfpm,FDEI,leg,10,3,2928.0,1,0,2,2928.0,0.4163321736382275,2
stfpm,FDEI,leg,11,1,755.0,1,0,3,755.0,0.4376188994840134,4
stfpm,FDEI,leg,11,2,884.0,2,1,3,884.0,0.4873958839611573,4
stfpm,FDEI,leg,11,3,739.0,2,1,3,739.0,0.493163538724184,4
stfpm,FDEI,leg,11,4,554.0,2,1,3,554.0,0.474138450749377,1
stfpm,FDEI,leg,11,5,313.0,1,0,3,313.0,0.4080407470464706,0
stfpm,FDEI,leg,11,6,890.0,1,0,3,890.0,0.4123908498802701,0
stfpm,FDEI,leg,11,7,328.0,2,1,3,328.0,0.4543306104680325,4
stfpm,FDEI,leg,11,8,373.0,1,0,3,373.0,0.4807670893091144,3
stfpm,FDEI,leg,12,1,879.0,1,0,2,879.0,0.4299034095472759,2
stfpm,FDEI,leg,12,2,826.0,2,1,2,826.0,0.5115847668300072,1
stfpm,FDEI,leg,13,1,884.0,3,1,1,884.0,0.4670057762891818,4
stfpm,FDEI,leg,14,1,1450.0,2,1,3,1450.0,0.4667905936638514,0
stfpm,FDEI,leg,14,2,865.0,2,1,3,865.0,0.4757801049285465,1
stfpm,FDEI,leg,14,3,339.0,2,1,3,339.0,0.4680634591314527,1
stfpm,FDEI,leg,14,4,301.0,1,0,3,301.0,0.4976883767680688,4
stfpm,FDEI,leg,14,5,328.0,2,1,3,328.0,0.4628122195284417,4
stfpm,FDEI,leg,14,6,817.0,1,0,3,817.0,0.4575661893297986,2
stfpm,FDEI,leg,15,1,775.0,2,1,1,775.0,0.4759832385339235,4
stfpm,FDEI,leg,16,1,319.0,1,0,1,319.0,0.4634344481996127,1
stfpm,FDEI,leg,17,1,825.0,2,1,1,825.0,0.4548668434222539,2
stfpm,FDEI,leg,18,1,313.0,1,0,3,313.0,0.4363364386252867,0
stfpm,FDEI,leg,18,2,818.0,2,1,3,818.0,0.4331489548734996,4
stfpm,FDEI,leg,18,3,894.0,2,1,3,894.0,0.4521169251686818,3
stfpm,FDEI,leg,18,4,345.0,1,0,3,345.0,0.4672015075172697,4
stfpm,FDEI,leg,19,1,369.0,2,1,1,369.0,0.496000897032874,1
stfpm,FDEI,leg,20,1,769.0,2,1,2,769.0,0.4619260522581282,2
stfpm,FDEI,leg,20,2,997.0,1,0,2,997.0,0.465412347055063,1
stfpm,FDEI,leg,21,1,408.0,1,0,3,408.0,0.4555754553187977,1
stfpm,FDEI,leg,21,2,785.0,2,1,3,785.0,0.4617331121116876,2
stfpm,FDEI,leg,21,3,2892.0,1,0,3,2892.0,0.4606075017682968,4
stfpm,FDEI,leg,22,1,331.0,1,0,3,331.0,0.4395807813375424,4
stfpm,FDEI,leg,22,2,743.0,2,1,3,743.0,0.459723439736244,3
stfpm,FDEI,leg,22,3,437.0,1,0,3,437.0,0.4414340992306554,1
stfpm,FDEI,leg,22,4,6003.0,1,0,3,6003.0,0.4361862270604996,0
stfpm,FDEI,leg,22,5,350.0,2,1,3,350.0,0.4223373172612026,1
stfpm,FDEI,leg,22,6,858.0,2,1,3,858.0,0.4430194225381402,0
stfpm,FDEI,leg,23,1,568.0,1,0,2,568.0,0.4478226616978645,3
stfpm,FDEI,leg,23,2,302.0,1,0,2,302.0,0.4754053147302733,3
stfpm,FDEI,leg,24,1,566.0,1,0,1,566.0,0.4468272204200427,4
stfpm,FDEI,leg,27,1,405.0,2,1,3,405.0,0.4563975647473947,3
stfpm,FDEI,leg,27,2,317.0,2,1,3,317.0,0.4491994689617838,3
stfpm,FDEI,leg,27,3,8006.0,1,0,3,8006.0,0.4385185720342578,2
stfpm,FDEI,leg,27,4,2941.0,2,1,3,2941.0,0.426019813208019,0
stfpm,FDEI,leg,27,5,774.0,2,1,3,774.0,0.4218618541955948,0
stfpm,FDEI,leg,27,6,327.0,2,1,3,327.0,0.4273304743426186,0
stfpm,FDEI,leg,27,7,584.0,2,1,3,584.0,0.4581777483224868,1
stfpm,FDEI,leg,27,8,550.0,1,0,3,550.0,0.4182676484187444,0
stfpm,FDEI,leg,27,9,779.0,1,0,3,779.0,0.4484279602766037,4
stfpm,FDEI,leg,28,1,313.0,1,0,3,313.0,0.4628756632407506,0
stfpm,FDEI,leg,28,2,826.0,2,1,3,826.0,0.5151442789605686,1
stfpm,FDEI,leg,28,3,817.0,1,0,3,817.0,0.4921611068504197,2
stfpm,FDEI,leg,29,1,2952.0,2,1,3,2952.0,0.4626866206526756,2
stfpm,FDEI,leg,29,2,781.0,2,1,3,781.0,0.4915460041591099,3
stfpm,FDEI,leg,29,3,369.0,1,0,3,369.0,0.5193658487664329,1
stfpm,FDEI,leg,34,1,858.0,2,1,2,858.0,0.4787348947591252,0
stfpm,FDEI,leg,34,2,2932.0,2,1,2,2932.0,0.4659958497474068,1
stfpm,FDEI,leg,35,1,586.0,1,0,3,586.0,0.4371937564233454,0
stfpm,FDEI,leg,35,2,317.0,2,1,3,317.0,0.4628660606013404,3
stfpm,FDEI,leg,35,3,405.0,1,0,3,405.0,0.4731057286262512,3
stfpm,FDEI,leg,35,4,2892.0,1,0,3,2892.0,0.4658041132050891,4
stfpm,FDEI,leg,35,5,351.0,1,0,3,351.0,0.4540686160326004,3
stfpm,FDEI,leg,36,1,582.0,2,1,1,582.0,0.4595896365313694,2
stfpm,FDEI,leg,37,1,739.0,1,0,1,739.0,0.4910391519467036,4
stfpm,FDEI,leg,39,1,882.0,2,1,2,882.0,0.4719422556021634,1
stfpm,FDEI,leg,39,2,794.0,2,1,2,794.0,0.4628291903063655,0
stfpm,FDEI,leg,40,1,876.0,2,1,3,876.0,0.4378445501230201,3
stfpm,FDEI,leg,40,2,331.0,1,0,3,331.0,0.4483173048496246,4
stfpm,FDEI,leg,40,3,805.0,2,1,3,805.0,0.4165013417219504,0
stfpm,FDEI,leg,40,4,786.0,2,1,3,786.0,0.4910786435008049,1
stfpm,FDEI,leg,40,5,402.0,1,0,3,402.0,0.5034322731196881,3
stfpm,FDEI,leg,40,6,742.0,1,0,3,742.0,0.4341660785047631,0
stfpm,FDEI,leg,41,1,401.0,2,1,3,401.0,0.4461419595324475,4
stfpm,FDEI,leg,41,2,367.0,1,0,3,367.0,0.4319966672634592,1
stfpm,FDEI,leg,42,1,889.0,2,1,1,889.0,0.478622159610192,2
stfpm,FDEI,leg,50,1,458.0,2,1,1,458.0,0.4417968773179584,4
stfpm,FDEI,leg,51,1,455.0,1,0,2,455.0,0.4582349701625545,3
stfpm,FDEI,leg,51,2,387.0,1,0,2,387.0,0.4436374040026414,0
stfpm,FDEI,leg,52,1,377.0,2,1,1,377.0,0.4235403357367766,2
stfpm,FDEI,leg,53,1,450.0,1,0,2,450.0,0.4478758689430024,0
stfpm,FDEI,leg,54,1,462.0,1,0,3,462.0,0.4653503426483699,1
stfpm,FDEI,leg,54,2,431.0,2,1,3,431.0,0.4342651931529349,1
stfpm,FDEI,leg,54,3,327.0,2,1,3,327.0,0.4305911315812005,0
stfpm,FDEI,leg,55,1,443.0,3,1,1,443.0,0.425496264945629,4
stfpm,FDEI,leg,56,1,459.0,1,0,1,459.0,0.4209666840913819,2
stfpm,FDEI,leg,57,1,736.0,2,1,1,736.0,0.4658876028325822,1
stfpm,FDEI,leg,58,1,611.0,1,0,2,611.0,0.4288800699370248,4
stfpm,FDEI,leg,58,2,579.0,1,0,2,579.0,0.4200729018165952,2
stfpm,FDEI,leg,59,1,6013.0,1,0,3,6013.0,0.4197986801465352,0
stfpm,FDEI,leg,59,2,763.0,2,1,3,763.0,0.4898121697562081,1
stfpm,FDEI,leg,59,3,820.0,1,0,3,820.0,0.4244305402040481,3
stfpm,FDEI,leg,59,4,8001.0,1,0,3,8001.0,0.5035458566112951,4
stfpm,FDEI,leg,59,5,434.0,2,1,3,434.0,0.4541606896302916,1
stfpm,FDEI,leg,60,1,586.0,1,0,3,586.0,0.4228813216874474,0
stfpm,FDEI,leg,60,2,413.0,2,1,3,413.0,0.432632914930582,2
stfpm,FDEI,leg,60,3,333.0,2,1,3,333.0,0.4561114890234811,3
stfpm,FDEI,leg,60,4,886.0,2,1,3,886.0,0.4645952767616993,3
stfpm,FDEI,leg,60,5,407.0,2,1,3,407.0,0.470870717213704,4
stfpm,FDEI,leg,60,6,380.0,1,0,3,380.0,0.4268063413245337,0
stfpm,FDEI,leg,60,7,583.0,2,1,3,583.0,0.4629783492821913,1
stfpm,FDEI,leg,61,1,575.0,1,0,1,575.0,0.4259217545390129,4
stfpm,FDEI,leg,62,1,419.0,1,0,3,419.0,0.4483775277348125,1
stfpm,FDEI,leg,62,2,441.0,1,0,3,441.0,0.4388494185038975,0
stfpm,FDEI,leg,62,3,732.0,2,1,3,732.0,0.4244480455915133,2
stfpm,FDEI,leg,63,1,867.0,2,1,3,867.0,0.4395607411861419,0
stfpm,FDEI,leg,63,2,6012.0,1,0,3,6012.0,0.4212321490049362,3
stfpm,FDEI,leg,63,3,823.0,2,1,3,823.0,0.4575099362568421,3
stfpm,FDEI,leg,63,4,318.0,1,0,3,318.0,0.414705614710963,2
stfpm,FDEI,leg,63,5,2880.0,2,1,3,2880.0,0.4261787494546489,0
stfpm,FDEI,leg,65,1,2925.0,1,0,2,2925.0,0.4774804205605478,3
stfpm,FDEI,leg,65,2,311.0,2,1,2,311.0,0.4409121181815862,4
stfpm,FDEI,leg,66,1,772.0,3,1,3,772.0,0.5187945595631996,1
stfpm,FDEI,leg,66,2,411.0,1,0,3,411.0,0.4681540330251058,3
stfpm,FDEI,leg,66,3,306.0,2,1,3,306.0,0.4522289963145005,2
stfpm,FDEI,leg,66,4,330.0,2,1,3,330.0,0.4374159559225424,3
stfpm,FDEI,leg,67,1,403.0,1,0,2,403.0,0.4390904393635298,4
stfpm,FDEI,leg,67,2,409.0,1,0,2,409.0,0.4187356489045279,2
stfpm,FDEI,leg,67,3,8007.0,2,1,2,8007.0,0.4649779861037795,3
stfpm,FDEI,leg,67,4,8003.0,2,1,2,8003.0,0.4393771989004952,3
stfpm,FDEI,leg,69,1,304.0,2,1,3,304.0,0.4772917914390564,1
stfpm,FDEI,leg,69,2,422.0,2,1,3,422.0,0.4751537789901097,4
stfpm,FDEI,leg,70,1,768.0,2,1,1,768.0,0.4737085749705632,0
stfpm,FDEI,leg,71,1,1500.0,1,0,3,1500.0,0.4300856292247772,1
stfpm,FDEI,leg,71,2,305.0,2,1,3,305.0,0.449252806412868,0
stfpm,FDEI,leg,71,3,418.0,2,1,3,418.0,0.4527624474792945,0
stfpm,FDEI,leg,71,4,744.0,2,1,3,744.0,0.4302002977241169,2
stfpm,FDEI,leg,71,5,883.0,1,0,3,883.0,0.4179853146726435,2
stfpm,FDEI,leg,71,6,375.0,1,0,3,375.0,0.4136258443681205,0
stfpm,FDEI,leg,71,7,543.0,2,1,3,543.0,0.4606788490306247,3
stfpm,FDEI,leg,72,1,352.0,2,1,1,352.0,0.4426379659109645,3
stfpm,FDEI,leg,73,1,426.0,2,1,2,426.0,0.4228260511159897,2
stfpm,FDEI,leg,73,2,423.0,1,0,2,423.0,0.453121418133378,3
stfpm,FDEI,leg,73,3,336.0,2,1,2,336.0,0.416203317118854,2
stfpm,FDEI,leg,73,4,2917.0,2,1,2,2917.0,0.4361294983398346,3
stfpm,FDEI,leg,73,5,417.0,2,1,2,417.0,0.4630310907959938,1
stfpm,FDEI,leg,74,1,433.0,1,0,1,433.0,0.435671669799228,0
stfpm,FDEI,leg,76,1,372.0,1,0,1,372.0,0.4582261267830343,4
stfpm,FDEI,leg,77,1,549.0,1,0,2,549.0,0.4548033338946265,2
stfpm,FDEI,leg,77,2,365.0,1,0,2,365.0,0.4206705597730783,2
stfpm,FDEI,leg,79,1,472.0,2,1,3,472.0,0.4631582910106295,4
stfpm,FDEI,leg,79,2,406.0,3,1,3,406.0,0.4165073369558041,2
stfpm,FDEI,leg,79,3,873.0,1,0,3,873.0,0.491242711742719,4
stfpm,FDEI,leg,80,1,383.0,1,0,3,383.0,0.439939404661591,1
stfpm,FDEI,leg,80,2,739.0,1,0,3,739.0,0.4691188755707863,4
stfpm,FDEI,leg,80,3,889.0,2,1,3,889.0,0.4323276513960303,2
stfpm,FDEI,leg,80,4,305.0,2,1,3,305.0,0.4520924405471698,0
stfpm,FDEI,leg,82,1,338.0,1,0,3,338.0,0.4315611273050308,2
stfpm,FDEI,leg,82,2,407.0,2,1,3,407.0,0.4914633866512414,4
stfpm,FDEI,leg,82,3,350.0,1,0,3,350.0,0.4398908389337135,1
stfpm,FDEI,leg,82,4,441.0,1,0,3,441.0,0.4180906108447483,0
stfpm,FDEI,leg,82,5,464.0,1,0,3,464.0,0.4230165437180945,1
stfpm,FDEI,leg,82,6,423.0,1,0,3,423.0,0.4483189192556199,3
stfpm,FDEI,leg,84,1,613.0,2,1,1,613.0,0.4157681597603692,2
stfpm,FDEI,leg,85,1,457.0,1,0,3,457.0,0.4300635781553056,2
stfpm,FDEI,leg,85,2,366.0,1,0,3,366.0,0.4279473458611688,2
stfpm,FDEI,leg,85,3,448.0,1,0,3,448.0,0.4345975489151187,3
stfpm,FDEI,leg,85,4,434.0,2,1,3,434.0,0.4443848515334336,1
stfpm,FDEI,leg,85,5,583.0,2,1,3,583.0,0.425576158545234,1
stfpm,FDEI,leg,85,6,419.0,1,0,3,419.0,0.4355011390788214,1
stfpm,FDEI,leg,86,1,6012.0,2,1,1,6012.0,0.4676544352983817,3
stfpm,FDEI,leg,87,1,763.0,2,1,2,763.0,0.4453097496713911,1
stfpm,FDEI,leg,88,1,820.0,2,1,3,820.0,0.4266281442062274,3
stfpm,FDEI,leg,88,2,467.0,2,1,3,467.0,0.4466716878116131,0
stfpm,FDEI,leg,88,3,801.0,2,1,3,801.0,0.500130009651184,1
stfpm,FDEI,leg,88,4,1458.0,1,0,3,1458.0,0.429645370112525,4
stfpm,FDEI,leg,89,1,411.0,2,1,3,411.0,0.4924663817271208,3
stfpm,FDEI,leg,89,2,426.0,2,1,3,426.0,0.4273819181808205,2
stfpm,FDEI,leg,89,3,886.0,1,0,3,886.0,0.4618315751455268,3
stfpm,FDEI,leg,89,4,775.0,1,0,3,775.0,0.4418242985010147,4
stfpm,FDEI,leg,90,1,458.0,2,1,3,458.0,0.4371191268250093,4
stfpm,FDEI,leg,90,2,422.0,1,0,3,422.0,0.5220420009323529,4
stfpm,FDEI,leg,90,3,452.0,1,0,3,452.0,0.4575286529682301,4
stfpm,FDEI,leg,90,4,413.0,1,0,3,413.0,0.4305438369512558,2
stfpm,FDEI,leg,94,1,333.0,2,1,1,333.0,0.4487087315526502,3
stfpm,FDEI,leg,96,1,1500.0,1,0,3,1500.0,0.4348339207470417,1
stfpm,FDEI,leg,96,2,375.0,2,1,3,375.0,0.4368904337689683,0
stfpm,FDEI,leg,96,3,418.0,2,1,3,418.0,0.4544296507772646,0
stfpm,FDEI,leg,96,4,732.0,1,0,3,732.0,0.4272307727071974,2
stfpm,FDEI,leg,97,1,586.0,3,1,3,586.0,0.4357583528215235,0
stfpm,FDEI,leg,97,2,417.0,1,0,3,417.0,0.4428886210217195,1
stfpm,FDEI,leg,97,3,883.0,3,1,3,883.0,0.4604031052440405,2
stfpm,FDEI,leg,97,4,336.0,1,0,3,336.0,0.4259729120466444,2
stfpm,FDEI,leg,98,1,407.0,2,1,2,407.0,0.4890962037173184,4
stfpm,FDEI,leg,98,2,441.0,1,0,2,441.0,0.4242746899294298,0
stfpm,FDEI,leg,99,1,464.0,1,0,3,464.0,0.4499237323418641,1
stfpm,FDEI,leg,99,2,366.0,1,0,3,366.0,0.4383501080242363,2
stfpm,FDEI,leg,99,3,418.0,2,1,3,418.0,0.4651865512132644,0
stfpm,FDEI,leg,99,4,434.0,2,1,3,434.0,0.4525935351848602,1
stfpm,FDEI,leg,100,1,6012.0,2,1,2,6012.0,0.4232281439978143,3
stfpm,FDEI,leg,100,2,6013.0,2,1,2,6013.0,0.4359998630314338,0
stfpm,FDEI,leg,102,1,426.0,2,1,2,426.0,0.4391551428827746,2
stfpm,FDEI,leg,102,2,425.0,1,0,2,425.0,0.4337228948161715,2
stfpm,FDEI,leg,104,1,458.0,2,1,3,458.0,0.4353903644614749,4
stfpm,FDEI,leg,104,2,422.0,2,1,3,422.0,0.4393921487553175,4
stfpm,FDEI,leg,104,3,611.0,1,0,3,611.0,0.429990692780568,4
stfpm,FDEI,leg,104,4,8007.0,1,0,3,8007.0,0.441443834649889,3
stfpm,FDEI,leg,105,1,328.0,1,0,2,328.0,0.4610471905846345,4
stfpm,FDEI,leg,105,2,380.0,2,1,2,380.0,0.4220306680009171,0
stfpm,FDEI,leg,106,1,1500.0,2,1,3,1500.0,0.4357606124046237,1
stfpm,FDEI,leg,106,2,420.0,1,0,3,420.0,0.4620006498767108,4
stfpm,FDEI,leg,106,3,895.0,1,0,3,895.0,0.4122629509023998,2
stfpm,FDEI,leg,106,4,744.0,1,0,3,744.0,0.4180249087512493,2
stfpm,FDEI,leg,107,1,6010.0,1,0,2,6010.0,0.4660168034024536,4
stfpm,FDEI,leg,107,2,459.0,1,0,2,459.0,0.4929600851457627,2
stfpm,FDEI,leg,108,1,311.0,2,1,3,311.0,0.4212961698450693,4
stfpm,FDEI,leg,108,2,448.0,1,0,3,448.0,0.4433413510387008,3
stfpm,FDEI,leg,108,3,350.0,2,1,3,350.0,0.4506803050637245,1
stfpm,FDEI,leg,108,4,2880.0,2,1,3,2880.0,0.4197696067392826,0
stfpm,FDEI,leg,108,5,318.0,1,0,3,318.0,0.4471935048699379,2
stfpm,FDEI,leg,109,1,2917.0,2,1,2,2917.0,0.4443513671072518,3
stfpm,FDEI,leg,109,2,307.0,2,1,2,307.0,0.456579295749014,1
stfpm,FDEI,leg,109,3,413.0,1,0,2,413.0,0.4242094182051145,2
stfpm,FDEI,leg,110,1,1446.0,1,0,1,1446.0,0.4404525344862657,1
stfpm,FDEI,leg,111,1,443.0,2,1,2,443.0,0.4254393959822862,4
stfpm,FDEI,leg,111,2,421.0,2,1,2,421.0,0.4423222715655963,3
stfpm,FDEI,leg,112,1,409.0,2,1,1,409.0,0.4198212187599253,2
stfpm,FDEI,leg,113,1,333.0,2,1,3,333.0,0.4566555983490414,3
stfpm,FDEI,leg,113,2,375.0,1,0,3,375.0,0.4149078195159499,0
stfpm,FDEI,leg,113,3,370.0,2,1,3,370.0,0.4371522680709236,0
stfpm,FDEI,leg,113,4,820.0,2,1,3,820.0,0.419057591965324,3
stfpm,FDEI,leg,113,5,883.0,1,0,3,883.0,0.4153401568914071,2
stfpm,FDEI,leg,114,1,586.0,1,0,1,586.0,0.4645577029635508,0
stfpm,FDEI,leg,115,1,336.0,2,1,2,336.0,0.4127596261955443,2
stfpm,FDEI,leg,115,2,732.0,2,1,2,732.0,0.418518548592543,2
stfpm,FDEI,leg,116,1,423.0,2,1,3,423.0,0.4525295075248269,3
stfpm,FDEI,leg,116,2,419.0,1,0,3,419.0,0.4478428746972765,1
stfpm,FDEI,leg,117,1,2952.0,2,1,2,2952.0,0.4238042189524724,2
stfpm,FDEI,leg,117,2,417.0,2,1,2,417.0,0.4535775976255536,1
stfpm,FDEI,leg,118,1,352.0,1,0,3,352.0,0.4488083024819692,3
stfpm,FDEI,leg,118,2,304.0,2,1,3,304.0,0.4413518789741728,1
stfpm,FDEI,leg,118,3,433.0,2,1,3,433.0,0.4313830998208787,0
stfpm,FDEI,leg,118,4,768.0,1,0,3,768.0,0.429998971025149,0
stfpm,GEI,leg,1,1,582.0,2,1,2,582.0,0.3858046727745156,2
stfpm,GEI,leg,1,2,403.0,2,1,2,403.0,0.3882841547814811,4
stfpm,GEI,leg,2,1,578.0,1,0,2,578.0,0.3839479600771879,3
stfpm,GEI,leg,2,2,603.0,1,0,2,603.0,0.3772314515980807,3
stfpm,GEI,leg,3,1,431.0,1,0,2,431.0,0.3854419162144532,1
stfpm,GEI,leg,3,2,555.0,2,1,2,555.0,0.3646857255213969,0
stfpm,GEI,leg,3,3,766.0,2,1,2,766.0,0.4126761058966319,3
stfpm,GEI,leg,4,1,550.0,1,0,2,550.0,0.3486130558527432,0
stfpm,GEI,leg,4,2,419.0,1,0,2,419.0,0.3691879801261119,1
stfpm,GEI,leg,6,1,416.0,1,0,1,416.0,0.3894013155783926,0
stfpm,GEI,leg,7,1,568.0,1,0,3,568.0,0.403154451796349,3
stfpm,GEI,leg,7,2,,1,0,3,unknown,0.394913712033519,1
stfpm,GEI,leg,7,3,411.0,2,1,3,411.0,0.3954668821290482,3
stfpm,GEI,leg,8,1,319.0,1,0,3,319.0,0.3710658419877291,1
stfpm,GEI,leg,8,2,325.0,1,0,3,325.0,0.4156815156792149,4
stfpm,GEI,leg,8,3,344.0,2,1,3,344.0,0.3889992013573646,0
stfpm,GEI,leg,8,4,322.0,2,1,3,322.0,0.4105037792965217,0
stfpm,GEI,leg,9,1,891.0,1,0,1,891.0,0.3912106311321258,4
stfpm,GEI,leg,10,1,566.0,1,0,2,566.0,0.3810384273529053,4
stfpm,GEI,leg,10,2,743.0,2,1,2,743.0,0.3918956539979795,3
stfpm,GEI,leg,10,3,2928.0,1,0,2,2928.0,0.3626198848573173,2
stfpm,GEI,leg,11,1,755.0,1,0,3,755.0,0.3825168699719185,4
stfpm,GEI,leg,11,2,884.0,2,1,3,884.0,0.4052971066399054,4
stfpm,GEI,leg,11,3,739.0,2,1,3,739.0,0.4202725268900394,4
stfpm,GEI,leg,11,4,554.0,2,1,3,554.0,0.4038631858977866,1
stfpm,GEI,leg,11,5,313.0,1,0,3,313.0,0.351639364361763,0
stfpm,GEI,leg,11,6,890.0,1,0,3,890.0,0.3730214552299396,0
stfpm,GEI,leg,11,7,328.0,2,1,3,328.0,0.3915222616905862,4
stfpm,GEI,leg,11,8,373.0,1,0,3,373.0,0.3909017308191819,3
stfpm,GEI,leg,12,1,879.0,1,0,2,879.0,0.3859694842939024,2
stfpm,GEI,leg,12,2,826.0,2,1,2,826.0,0.4237050401667754,1
stfpm,GEI,leg,13,1,884.0,3,1,1,884.0,0.3926151540034857,4
stfpm,GEI,leg,14,1,1450.0,2,1,3,1450.0,0.4243836134672165,0
stfpm,GEI,leg,14,2,865.0,2,1,3,865.0,0.3954989552497864,1
stfpm,GEI,leg,14,3,339.0,2,1,3,339.0,0.4215236451890733,1
stfpm,GEI,leg,14,4,301.0,1,0,3,301.0,0.4326171367005868,4
stfpm,GEI,leg,14,5,328.0,2,1,3,328.0,0.402872455246905,4
stfpm,GEI,leg,14,6,817.0,1,0,3,817.0,0.3966394473866718,2
stfpm,GEI,leg,15,1,775.0,2,1,1,775.0,0.4064996054297999,4
stfpm,GEI,leg,16,1,319.0,1,0,1,319.0,0.3825186075908797,1
stfpm,GEI,leg,17,1,825.0,2,1,1,825.0,0.3994997501373291,2
stfpm,GEI,leg,18,1,313.0,1,0,3,313.0,0.378701375845151,0
stfpm,GEI,leg,18,2,818.0,2,1,3,818.0,0.3668322517820027,4
stfpm,GEI,leg,18,3,894.0,2,1,3,894.0,0.3804720567690359,3
stfpm,GEI,leg,18,4,345.0,1,0,3,345.0,0.4070420659014157,4
stfpm,GEI,leg,19,1,369.0,2,1,1,369.0,0.4129101191248212,1
stfpm,GEI,leg,20,1,769.0,2,1,2,769.0,0.3994713851383754,2
stfpm,GEI,leg,20,2,997.0,1,0,2,997.0,0.3855334752943458,1
stfpm,GEI,leg,21,1,408.0,1,0,3,408.0,0.3820657693978512,1
stfpm,GEI,leg,21,2,785.0,2,1,3,785.0,0.4111105026677251,2
stfpm,GEI,leg,21,3,2892.0,1,0,3,2892.0,0.386286775912008,4
stfpm,GEI,leg,22,1,331.0,1,0,3,331.0,0.3677788010010352,4
stfpm,GEI,leg,22,2,743.0,2,1,3,743.0,0.385532992772567,3
stfpm,GEI,leg,22,3,437.0,1,0,3,437.0,0.362177278413329,1
stfpm,GEI,leg,22,4,6003.0,1,0,3,6003.0,0.3762441809688295,0
stfpm,GEI,leg,22,5,350.0,2,1,3,350.0,0.3485786904548776,1
stfpm,GEI,leg,22,6,858.0,2,1,3,858.0,0.3755767187651466,0
stfpm,GEI,leg,23,1,568.0,1,0,2,568.0,0.3745736666023731,3
stfpm,GEI,leg,23,2,302.0,1,0,2,302.0,0.4049298307961887,3
stfpm,GEI,leg,24,1,566.0,1,0,1,566.0,0.3819172042939398,4
stfpm,GEI,leg,27,1,405.0,2,1,3,405.0,0.3789444932570824,3
stfpm,GEI,leg,27,2,317.0,2,1,3,317.0,0.3826218172907829,3
stfpm,GEI,leg,27,3,8006.0,1,0,3,8006.0,0.3856727950500719,2
stfpm,GEI,leg,27,4,2941.0,2,1,3,2941.0,0.371396169942968,0
stfpm,GEI,leg,27,5,774.0,2,1,3,774.0,0.3719981124003728,0
stfpm,GEI,leg,27,6,327.0,2,1,3,327.0,0.3713667477880205,0
stfpm,GEI,leg,27,7,584.0,2,1,3,584.0,0.368393416206042,1
stfpm,GEI,leg,27,8,550.0,1,0,3,550.0,0.3572286893924077,0
stfpm,GEI,leg,27,9,779.0,1,0,3,779.0,0.3776727318763733,4
stfpm,GEI,leg,28,1,313.0,1,0,3,313.0,0.4061922321716944,0
stfpm,GEI,leg,28,2,826.0,2,1,3,826.0,0.425115986594132,1
stfpm,GEI,leg,28,3,817.0,1,0,3,817.0,0.4290891981550625,2
stfpm,GEI,leg,29,1,2952.0,2,1,3,2952.0,0.4114911986721886,2
stfpm,GEI,leg,29,2,781.0,2,1,3,781.0,0.4269580185413361,3
stfpm,GEI,leg,29,3,369.0,1,0,3,369.0,0.4239676429165734,1
stfpm,GEI,leg,34,1,858.0,2,1,2,858.0,0.4200802230172687,0
stfpm,GEI,leg,34,2,2932.0,2,1,2,2932.0,0.391023595866404,1
stfpm,GEI,leg,35,1,586.0,1,0,3,586.0,0.3774032163910749,0
stfpm,GEI,leg,35,2,317.0,2,1,3,317.0,0.3882656256357829,3
stfpm,GEI,leg,35,3,405.0,1,0,3,405.0,0.4062235856598074,3
stfpm,GEI,leg,35,4,2892.0,1,0,3,2892.0,0.4036155162855636,4
stfpm,GEI,leg,35,5,351.0,1,0,3,351.0,0.3832892082631588,3
stfpm,GEI,leg,36,1,582.0,2,1,1,582.0,0.3997647402615383,2
stfpm,GEI,leg,37,1,739.0,1,0,1,739.0,0.4164403395520316,4
stfpm,GEI,leg,39,1,882.0,2,1,2,882.0,0.3913720320252811,1
stfpm,GEI,leg,39,2,794.0,2,1,2,794.0,0.4153802841901779,0
stfpm,GEI,leg,40,1,876.0,2,1,3,876.0,0.3823240077009006,3
stfpm,GEI,leg,40,2,331.0,1,0,3,331.0,0.3929282432794571,4
stfpm,GEI,leg,40,3,805.0,2,1,3,805.0,0.3758401664403769,0
stfpm,GEI,leg,40,4,786.0,2,1,3,786.0,0.4305066630244255,1
stfpm,GEI,leg,40,5,402.0,1,0,3,402.0,0.4446540683507919,3
stfpm,GEI,leg,40,6,742.0,1,0,3,742.0,0.3847093942918275,0
stfpm,GEI,leg,41,1,401.0,2,1,3,401.0,0.3750637458718341,4
stfpm,GEI,leg,41,2,367.0,1,0,3,367.0,0.3586099001826072,1
stfpm,GEI,leg,42,1,889.0,2,1,1,889.0,0.431544608126084,2
stfpm,GEI,leg,50,1,458.0,2,1,1,458.0,0.369519953098562,4
stfpm,GEI,leg,51,1,455.0,1,0,2,455.0,0.3829007977392615,3
stfpm,GEI,leg,51,2,387.0,1,0,2,387.0,0.3773020764714793,0
stfpm,GEI,leg,52,1,377.0,2,1,1,377.0,0.3679865622206738,2
stfpm,GEI,leg,53,1,450.0,1,0,2,450.0,0.3815527665946219,0
stfpm,GEI,leg,54,1,462.0,1,0,3,462.0,0.3834910861083439,1
stfpm,GEI,leg,54,2,431.0,2,1,3,431.0,0.3561556643628059,1
stfpm,GEI,leg,54,3,327.0,2,1,3,327.0,0.3689546293682522,0
stfpm,GEI,leg,55,1,443.0,3,1,1,443.0,0.3577598021473995,4
stfpm,GEI,leg,56,1,459.0,1,0,1,459.0,0.3630428808491404,2
stfpm,GEI,leg,57,1,736.0,2,1,1,736.0,0.3827212942971124,1
stfpm,GEI,leg,58,1,611.0,1,0,2,611.0,0.3586490828366506,4
stfpm,GEI,leg,58,2,579.0,1,0,2,579.0,0.359149633418946,2
stfpm,GEI,leg,59,1,6013.0,1,0,3,6013.0,0.368547613090939,0
stfpm,GEI,leg,59,2,763.0,2,1,3,763.0,0.4364468029567173,1
stfpm,GEI,leg,59,3,820.0,1,0,3,820.0,0.3761447340250015,3
stfpm,GEI,leg,59,4,8001.0,1,0,3,8001.0,0.4267245741053061,4
stfpm,GEI,leg,59,5,434.0,2,1,3,434.0,0.3770595111630179,1
stfpm,GEI,leg,60,1,586.0,1,0,3,586.0,0.3680045141985542,0
stfpm,GEI,leg,60,2,413.0,2,1,3,413.0,0.3716433562338352,2
stfpm,GEI,leg,60,3,333.0,2,1,3,333.0,0.3851552486419677,3
stfpm,GEI,leg,60,4,886.0,2,1,3,886.0,0.3939449948233527,3
stfpm,GEI,leg,60,5,407.0,2,1,3,407.0,0.4004229964354099,4
stfpm,GEI,leg,60,6,380.0,1,0,3,380.0,0.3705787899948302,0
stfpm,GEI,leg,60,7,583.0,2,1,3,583.0,0.3857185259843484,1
stfpm,GEI,leg,61,1,575.0,1,0,1,575.0,0.3616032391786575,4
stfpm,GEI,leg,62,1,419.0,1,0,3,419.0,0.3745549847097957,1
stfpm,GEI,leg,62,2,441.0,1,0,3,441.0,0.3752279681818826,0
stfpm,GEI,leg,62,3,732.0,2,1,3,732.0,0.372859357131852,2
stfpm,GEI,leg,63,1,867.0,2,1,3,867.0,0.3718879336402529,0
stfpm,GEI,leg,63,2,6012.0,1,0,3,6012.0,0.3516884715784164,3
stfpm,GEI,leg,63,3,823.0,2,1,3,823.0,0.3845042112198742,3
stfpm,GEI,leg,63,4,318.0,1,0,3,318.0,0.3688567398592483,2
stfpm,GEI,leg,63,5,2880.0,2,1,3,2880.0,0.3696702420711517,0
stfpm,GEI,leg,65,1,2925.0,1,0,2,2925.0,0.398152029875553,3
stfpm,GEI,leg,65,2,311.0,2,1,2,311.0,0.3648194754496217,4
stfpm,GEI,leg,66,1,772.0,3,1,3,772.0,0.4272811605284611,1
stfpm,GEI,leg,66,2,411.0,1,0,3,411.0,0.3903775818291164,3
stfpm,GEI,leg,66,3,306.0,2,1,3,306.0,0.396665840556747,2
stfpm,GEI,leg,66,4,330.0,2,1,3,330.0,0.3685896098613739,3
stfpm,GEI,leg,67,1,403.0,1,0,2,403.0,0.3720957691732205,4
stfpm,GEI,leg,67,2,409.0,1,0,2,409.0,0.3666633034036273,2
stfpm,GEI,leg,67,3,8007.0,2,1,2,8007.0,0.3876555368706986,3
stfpm,GEI,leg,67,4,8003.0,2,1,2,8003.0,0.3679211684635707,3
stfpm,GEI,leg,69,1,304.0,2,1,3,304.0,0.4065881979465484,1
stfpm,GEI,leg,69,2,422.0,2,1,3,422.0,0.397891732553641,4
stfpm,GEI,leg,70,1,768.0,2,1,1,768.0,0.4116153319676717,0
stfpm,GEI,leg,71,1,1500.0,1,0,3,1500.0,0.3627121090888977,1
stfpm,GEI,leg,71,2,305.0,2,1,3,305.0,0.3890723280417613,0
stfpm,GEI,leg,71,3,418.0,2,1,3,418.0,0.3992071449756622,0
stfpm,GEI,leg,71,4,744.0,2,1,3,744.0,0.3792535073377869,2
stfpm,GEI,leg,71,5,883.0,1,0,3,883.0,0.3648875179615887,2
stfpm,GEI,leg,71,6,375.0,1,0,3,375.0,0.3578218737753426,0
stfpm,GEI,leg,71,7,543.0,2,1,3,543.0,0.380315404723991,3
stfpm,GEI,leg,72,1,352.0,2,1,1,352.0,0.369801950123575,3
stfpm,GEI,leg,73,1,426.0,2,1,2,426.0,0.3645202696323394,2
stfpm,GEI,leg,73,2,423.0,1,0,2,423.0,0.3746998589485883,3
stfpm,GEI,leg,73,3,336.0,2,1,2,336.0,0.3656083134616293,2
stfpm,GEI,leg,73,4,2917.0,2,1,2,2917.0,0.3684126152878716,3
stfpm,GEI,leg,73,5,417.0,2,1,2,417.0,0.3785199084215694,1
stfpm,GEI,leg,74,1,433.0,1,0,1,433.0,0.376907943986183,0
stfpm,GEI,leg,76,1,372.0,1,0,1,372.0,0.3857104506562738,4
stfpm,GEI,leg,77,1,549.0,1,0,2,549.0,0.4014322193893226,2
stfpm,GEI,leg,77,2,365.0,1,0,2,365.0,0.3673114776611328,2
stfpm,GEI,leg,79,1,472.0,2,1,3,472.0,0.3965877493222554,4
stfpm,GEI,leg,79,2,406.0,3,1,3,406.0,0.3680903332737776,2
stfpm,GEI,leg,79,3,873.0,1,0,3,873.0,0.413806514814496,4
stfpm,GEI,leg,80,1,383.0,1,0,3,383.0,0.3655000457892546,1
stfpm,GEI,leg,80,2,739.0,1,0,3,739.0,0.3965990871955187,4
stfpm,GEI,leg,80,3,889.0,2,1,3,889.0,0.3836269763911643,2
stfpm,GEI,leg,80,4,305.0,2,1,3,305.0,0.3992444864801458,0
stfpm,GEI,leg,82,1,338.0,1,0,3,338.0,0.3761301090319951,2
stfpm,GEI,leg,82,2,407.0,2,1,3,407.0,0.4334705201062289,4
stfpm,GEI,leg,82,3,350.0,1,0,3,350.0,0.3741795944445061,1
stfpm,GEI,leg,82,4,441.0,1,0,3,441.0,0.3586344148431505,0
stfpm,GEI,leg,82,5,464.0,1,0,3,464.0,0.353744496690466,1
stfpm,GEI,leg,82,6,423.0,1,0,3,423.0,0.3749301639341172,3
stfpm,GEI,leg,84,1,613.0,2,1,1,613.0,0.3688059164418114,2
stfpm,GEI,leg,85,1,457.0,1,0,3,457.0,0.374159652656979,2
stfpm,GEI,leg,85,2,366.0,1,0,3,366.0,0.3742166064506353,2
stfpm,GEI,leg,85,3,448.0,1,0,3,448.0,0.3573257210778027,3
stfpm,GEI,leg,85,4,434.0,2,1,3,434.0,0.367615546869195,1
stfpm,GEI,leg,85,5,583.0,2,1,3,583.0,0.3557299660010771,1
stfpm,GEI,leg,85,6,419.0,1,0,3,419.0,0.3644027695769355,1
stfpm,GEI,leg,86,1,6012.0,2,1,1,6012.0,0.3871842416433187,3
stfpm,GEI,leg,87,1,763.0,2,1,2,763.0,0.380684318287032,1
stfpm,GEI,leg,88,1,820.0,2,1,3,820.0,0.3588957907380284,3
stfpm,GEI,leg,88,2,467.0,2,1,3,467.0,0.3816544353961945,0
stfpm,GEI,leg,88,3,801.0,2,1,3,801.0,0.4175277478165097,1
stfpm,GEI,leg,88,4,1458.0,1,0,3,1458.0,0.3660622927877638,4
stfpm,GEI,leg,89,1,411.0,2,1,3,411.0,0.4169392853211134,3
stfpm,GEI,leg,89,2,426.0,2,1,3,426.0,0.3748435981051866,2
stfpm,GEI,leg,89,3,886.0,1,0,3,886.0,0.3928428718021938,3
stfpm,GEI,leg,89,4,775.0,1,0,3,775.0,0.3837372922897339,4
stfpm,GEI,leg,90,1,458.0,2,1,3,458.0,0.3719305810281786,4
stfpm,GEI,leg,90,2,422.0,1,0,3,422.0,0.4289812168904713,4
stfpm,GEI,leg,90,3,452.0,1,0,3,452.0,0.3899569599716752,4
stfpm,GEI,leg,90,4,413.0,1,0,3,413.0,0.3735318028926849,2
stfpm,GEI,leg,94,1,333.0,2,1,1,333.0,0.3798151108725318,3
stfpm,GEI,leg,96,1,1500.0,1,0,3,1500.0,0.3580432265996933,1
stfpm,GEI,leg,96,2,375.0,2,1,3,375.0,0.3734942102754438,0
stfpm,GEI,leg,96,3,418.0,2,1,3,418.0,0.3991964028069847,0
stfpm,GEI,leg,96,4,732.0,1,0,3,732.0,0.3700409657425351,2
stfpm,GEI,leg,97,1,586.0,3,1,3,586.0,0.3764966775070537,0
stfpm,GEI,leg,97,2,417.0,1,0,3,417.0,0.3749521637664121,1
stfpm,GEI,leg,97,3,883.0,3,1,3,883.0,0.4032669129470984,2
stfpm,GEI,leg,97,4,336.0,1,0,3,336.0,0.3734911271819361,2
stfpm,GEI,leg,98,1,407.0,2,1,2,407.0,0.4118946248834783,4
stfpm,GEI,leg,98,2,441.0,1,0,2,441.0,0.3652399320935094,0
stfpm,GEI,leg,99,1,464.0,1,0,3,464.0,0.3692665046606308,1
stfpm,GEI,leg,99,2,366.0,1,0,3,366.0,0.3899578436000927,2
stfpm,GEI,leg,99,3,418.0,2,1,3,418.0,0.4048562109470367,0
stfpm,GEI,leg,99,4,434.0,2,1,3,434.0,0.3768201237771569,1
stfpm,GEI,leg,100,1,6012.0,2,1,2,6012.0,0.3543722700813542,3
stfpm,GEI,leg,100,2,6013.0,2,1,2,6013.0,0.376597342694678,0
stfpm,GEI,leg,102,1,426.0,2,1,2,426.0,0.3748623682507153,2
stfpm,GEI,leg,102,2,425.0,1,0,2,425.0,0.3844731819062006,2
stfpm,GEI,leg,104,1,458.0,2,1,3,458.0,0.3656411276923285,4
stfpm,GEI,leg,104,2,422.0,2,1,3,422.0,0.3719237509161927,4
stfpm,GEI,leg,104,3,611.0,1,0,3,611.0,0.3614731851296547,4
stfpm,GEI,leg,104,4,8007.0,1,0,3,8007.0,0.3736247726176914,3
stfpm,GEI,leg,105,1,328.0,1,0,2,328.0,0.3888476647828754,4
stfpm,GEI,leg,105,2,380.0,2,1,2,380.0,0.3665385560409442,0
stfpm,GEI,leg,106,1,1500.0,2,1,3,1500.0,0.3641963365466095,1
stfpm,GEI,leg,106,2,420.0,1,0,3,420.0,0.3941467680582186,4
stfpm,GEI,leg,106,3,895.0,1,0,3,895.0,0.3778897271208141,2
stfpm,GEI,leg,106,4,744.0,1,0,3,744.0,0.3752540082981189,2
stfpm,GEI,leg,107,1,6010.0,1,0,2,6010.0,0.3973606443032622,4
stfpm,GEI,leg,107,2,459.0,1,0,2,459.0,0.4128487134566072,2
stfpm,GEI,leg,108,1,311.0,2,1,3,311.0,0.3613810735504801,4
stfpm,GEI,leg,108,2,448.0,1,0,3,448.0,0.3752832396610363,3
stfpm,GEI,leg,108,3,350.0,2,1,3,350.0,0.3780005916953087,1
stfpm,GEI,leg,108,4,2880.0,2,1,3,2880.0,0.3707618996500968,0
stfpm,GEI,leg,108,5,318.0,1,0,3,318.0,0.3912366397678852,2
stfpm,GEI,leg,109,1,2917.0,2,1,2,2917.0,0.3701843568464605,3
stfpm,GEI,leg,109,2,307.0,2,1,2,307.0,0.38506999544122,1
stfpm,GEI,leg,109,3,413.0,1,0,2,413.0,0.3667060190286392,2
stfpm,GEI,leg,110,1,1446.0,1,0,1,1446.0,0.3680294497924692,1
stfpm,GEI,leg,111,1,443.0,2,1,2,443.0,0.3671877468409745,4
stfpm,GEI,leg,111,2,421.0,2,1,2,421.0,0.3782116538948483,3
stfpm,GEI,leg,112,1,409.0,2,1,1,409.0,0.3666903216529775,2
stfpm,GEI,leg,113,1,333.0,2,1,3,333.0,0.3944646923078431,3
stfpm,GEI,leg,113,2,375.0,1,0,3,375.0,0.3578234145770201,0
stfpm,GEI,leg,113,3,370.0,2,1,3,370.0,0.3845215729976955,0
stfpm,GEI,leg,113,4,820.0,2,1,3,820.0,0.3516981774254849,3
stfpm,GEI,leg,113,5,883.0,1,0,3,883.0,0.3636347086001665,2
stfpm,GEI,leg,114,1,586.0,1,0,1,586.0,0.4014842733740806,0
stfpm,GEI,leg,115,1,336.0,2,1,2,336.0,0.3662143739916029,2
stfpm,GEI,leg,115,2,732.0,2,1,2,732.0,0.3694275900339469,2
stfpm,GEI,leg,116,1,423.0,2,1,3,423.0,0.3843390021254034,3
stfpm,GEI,leg,116,2,419.0,1,0,3,419.0,0.3731085530349186,1
stfpm,GEI,leg,117,1,2952.0,2,1,2,2952.0,0.3739704199326344,2
stfpm,GEI,leg,117,2,417.0,2,1,2,417.0,0.3807025933638215,1
stfpm,GEI,leg,118,1,352.0,1,0,3,352.0,0.3799957782030105,3
stfpm,GEI,leg,118,2,304.0,2,1,3,304.0,0.3789007150464588,1
stfpm,GEI,leg,118,3,433.0,2,1,3,433.0,0.3752381975452105,0
stfpm,GEI,leg,118,4,768.0,1,0,3,768.0,0.3761336803436279,0
stfpm,HEI,leg,1,1,582.0,2,1,2,582.0,0.3411711940639897,2
stfpm,HEI,leg,1,2,403.0,2,1,2,403.0,0.3453758315342228,4
stfpm,HEI,leg,2,1,578.0,1,0,2,578.0,0.3386961458585201,3
stfpm,HEI,leg,2,2,603.0,1,0,2,603.0,0.3357281949032437,3
stfpm,HEI,leg,3,1,431.0,1,0,2,431.0,0.34546568425926,1
stfpm,HEI,leg,3,2,555.0,2,1,2,555.0,0.3390566166993734,0
stfpm,HEI,leg,3,3,766.0,2,1,2,766.0,0.3652085275561721,3
stfpm,HEI,leg,4,1,550.0,1,0,2,550.0,0.3296754199724931,0
stfpm,HEI,leg,4,2,419.0,1,0,2,419.0,0.345133975530282,1
stfpm,HEI,leg,6,1,416.0,1,0,1,416.0,0.3421397805213928,0
stfpm,HEI,leg,7,1,568.0,1,0,3,568.0,0.3429222956616827,3
stfpm,HEI,leg,7,2,,1,0,3,unknown,0.3464333017667134,1
stfpm,HEI,leg,7,3,411.0,2,1,3,411.0,0.3355134448339772,3
stfpm,HEI,leg,8,1,319.0,1,0,3,319.0,0.3387290788814425,1
stfpm,HEI,leg,8,2,325.0,1,0,3,325.0,0.3748308338902213,4
stfpm,HEI,leg,8,3,344.0,2,1,3,344.0,0.3737685987725854,0
stfpm,HEI,leg,8,4,322.0,2,1,3,322.0,0.3715768677216989,0
stfpm,HEI,leg,9,1,891.0,1,0,1,891.0,0.3613241302967072,4
stfpm,HEI,leg,10,1,566.0,1,0,2,566.0,0.3372426903561542,4
stfpm,HEI,leg,10,2,743.0,2,1,2,743.0,0.349987754734551,3
stfpm,HEI,leg,10,3,2928.0,1,0,2,2928.0,0.3340001920374428,2
stfpm,HEI,leg,11,1,755.0,1,0,3,755.0,0.3429238789303358,4
stfpm,HEI,leg,11,2,884.0,2,1,3,884.0,0.3906147209080783,4
stfpm,HEI,leg,11,3,739.0,2,1,3,739.0,0.368467428535223,4
stfpm,HEI,leg,11,4,554.0,2,1,3,554.0,0.3596830374382911,1
stfpm,HEI,leg,11,5,313.0,1,0,3,313.0,0.3382681721448898,0
stfpm,HEI,leg,11,6,890.0,1,0,3,890.0,0.3473352483800939,0
stfpm,HEI,leg,11,7,328.0,2,1,3,328.0,0.3661823209295881,4
stfpm,HEI,leg,11,8,373.0,1,0,3,373.0,0.3532886369661851,3
stfpm,HEI,leg,12,1,879.0,1,0,2,879.0,0.3467561707452491,2
stfpm,HEI,leg,12,2,826.0,2,1,2,826.0,0.4049612898379564,1
stfpm,HEI,leg,13,1,884.0,3,1,1,884.0,0.3717234127032451,4
stfpm,HEI,leg,14,1,1450.0,2,1,3,1450.0,0.3604435364405314,0
stfpm,HEI,leg,14,2,865.0,2,1,3,865.0,0.3546805818875631,1
stfpm,HEI,leg,14,3,339.0,2,1,3,339.0,0.3785421722465091,1
stfpm,HEI,leg,14,4,301.0,1,0,3,301.0,0.3977012715556405,4
stfpm,HEI,leg,14,5,328.0,2,1,3,328.0,0.3702176555674127,4
stfpm,HEI,leg,14,6,817.0,1,0,3,817.0,0.3689323278462014,2
stfpm,HEI,leg,15,1,775.0,2,1,1,775.0,0.3506786015472914,4
stfpm,HEI,leg,16,1,319.0,1,0,1,319.0,0.3591074560369764,1
stfpm,HEI,leg,17,1,825.0,2,1,1,825.0,0.3478951901197433,2
stfpm,HEI,leg,18,1,313.0,1,0,3,313.0,0.3666810851830702,0
stfpm,HEI,leg,18,2,818.0,2,1,3,818.0,0.3521399556294731,4
stfpm,HEI,leg,18,3,894.0,2,1,3,894.0,0.3541094564102791,3
stfpm,HEI,leg,18,4,345.0,1,0,3,345.0,0.3692192307540348,4
stfpm,HEI,leg,19,1,369.0,2,1,1,369.0,0.3827777947698321,1
stfpm,HEI,leg,20,1,769.0,2,1,2,769.0,0.3815122402849651,2
stfpm,HEI,leg,20,2,997.0,1,0,2,997.0,0.3496514457028086,1
stfpm,HEI,leg,21,1,408.0,1,0,3,408.0,0.3491386671861012,1
stfpm,HEI,leg,21,2,785.0,2,1,3,785.0,0.3689209325239062,2
stfpm,HEI,leg,21,3,2892.0,1,0,3,2892.0,0.3541900525169988,4
stfpm,HEI,leg,22,1,331.0,1,0,3,331.0,0.3441866032588176,4
stfpm,HEI,leg,22,2,743.0,2,1,3,743.0,0.3406654168397952,3
stfpm,HEI,leg,22,3,437.0,1,0,3,437.0,0.3543318184309227,1
stfpm,HEI,leg,22,4,6003.0,1,0,3,6003.0,0.3607870503550484,0
stfpm,HEI,leg,22,5,350.0,2,1,3,350.0,0.3554985122434024,1
stfpm,HEI,leg,22,6,858.0,2,1,3,858.0,0.3487372573684243,0
stfpm,HEI,leg,23,1,568.0,1,0,2,568.0,0.3536662369966507,3
stfpm,HEI,leg,23,2,302.0,1,0,2,302.0,0.3714779615402221,3
stfpm,HEI,leg,24,1,566.0,1,0,1,566.0,0.346029582950804,4
stfpm,HEI,leg,27,1,405.0,2,1,3,405.0,0.3534379525062365,3
stfpm,HEI,leg,27,2,317.0,2,1,3,317.0,0.3450946360826492,3
stfpm,HEI,leg,27,3,8006.0,1,0,3,8006.0,0.3366837754394068,2
stfpm,HEI,leg,27,4,2941.0,2,1,3,2941.0,0.3701694932054071,0
stfpm,HEI,leg,27,5,774.0,2,1,3,774.0,0.3599074095487594,0
stfpm,HEI,leg,27,6,327.0,2,1,3,327.0,0.3396303730351584,0
stfpm,HEI,leg,27,7,584.0,2,1,3,584.0,0.3505101650953293,1
stfpm,HEI,leg,27,8,550.0,1,0,3,550.0,0.344121053814888,0
stfpm,HEI,leg,27,9,779.0,1,0,3,779.0,0.3510874211788177,4
stfpm,HEI,leg,28,1,313.0,1,0,3,313.0,0.3579886277516683,0
stfpm,HEI,leg,28,2,826.0,2,1,3,826.0,0.3859631099871227,1
stfpm,HEI,leg,28,3,817.0,1,0,3,817.0,0.3831575640610286,2
stfpm,HEI,leg,29,1,2952.0,2,1,3,2952.0,0.3454548534419801,2
stfpm,HEI,leg,29,2,781.0,2,1,3,781.0,0.3883494130202702,3
stfpm,HEI,leg,29,3,369.0,1,0,3,369.0,0.3649038548270861,1
stfpm,HEI,leg,34,1,858.0,2,1,2,858.0,0.3580174123247464,0
stfpm,HEI,leg,34,2,2932.0,2,1,2,2932.0,0.34056466896283,1
stfpm,HEI,leg,35,1,586.0,1,0,3,586.0,0.3533107442099873,0
stfpm,HEI,leg,35,2,317.0,2,1,3,317.0,0.3519680970244937,3
stfpm,HEI,leg,35,3,405.0,1,0,3,405.0,0.3510920046405358,3
stfpm,HEI,leg,35,4,2892.0,1,0,3,2892.0,0.356351435877556,4
stfpm,HEI,leg,35,5,351.0,1,0,3,351.0,0.344565413147211,3
stfpm,HEI,leg,36,1,582.0,2,1,1,582.0,0.3563650918417963,2
stfpm,HEI,leg,37,1,739.0,1,0,1,739.0,0.3510152929359012,4
stfpm,HEI,leg,39,1,882.0,2,1,2,882.0,0.3554777064744164,1
stfpm,HEI,leg,39,2,794.0,2,1,2,794.0,0.3489414462819695,0
stfpm,HEI,leg,40,1,876.0,2,1,3,876.0,0.3460091753881805,3
stfpm,HEI,leg,40,2,331.0,1,0,3,331.0,0.3531885814666748,4
stfpm,HEI,leg,40,3,805.0,2,1,3,805.0,0.3490716218948364,0
stfpm,HEI,leg,40,4,786.0,2,1,3,786.0,0.3708858825266361,1
stfpm,HEI,leg,40,5,402.0,1,0,3,402.0,0.3665082983672619,3
stfpm,HEI,leg,40,6,742.0,1,0,3,742.0,0.3527309243616305,0
stfpm,HEI,leg,41,1,401.0,2,1,3,401.0,0.3261436152717341,4
stfpm,HEI,leg,41,2,367.0,1,0,3,367.0,0.3271039219535127,1
stfpm,HEI,leg,42,1,889.0,2,1,1,889.0,0.324370273699363,2
stfpm,HEI,leg,50,1,458.0,2,1,1,458.0,0.3477677032351494,4
stfpm,HEI,leg,51,1,455.0,1,0,2,455.0,0.3348580511604867,3
stfpm,HEI,leg,51,2,387.0,1,0,2,387.0,0.3405534758379585,0
stfpm,HEI,leg,52,1,377.0,2,1,1,377.0,0.3510019230215173,2
stfpm,HEI,leg,53,1,450.0,1,0,2,450.0,0.3422643782363997,0
stfpm,HEI,leg,54,1,462.0,1,0,3,462.0,0.3534589057066002,1
stfpm,HEI,leg,54,2,431.0,2,1,3,431.0,0.3353704664301365,1
stfpm,HEI,leg,54,3,327.0,2,1,3,327.0,0.3544968982537587,0
stfpm,HEI,leg,55,1,443.0,3,1,1,443.0,0.3342295760332152,4
stfpm,HEI,leg,56,1,459.0,1,0,1,459.0,0.335624478212217,2
stfpm,HEI,leg,57,1,736.0,2,1,1,736.0,0.3531556136078305,1
stfpm,HEI,leg,58,1,611.0,1,0,2,611.0,0.3414480466218221,4
stfpm,HEI,leg,58,2,579.0,1,0,2,579.0,0.3322478568270093,2
stfpm,HEI,leg,59,1,6013.0,1,0,3,6013.0,0.346634265449312,0
stfpm,HEI,leg,59,2,763.0,2,1,3,763.0,0.388294620173318,1
stfpm,HEI,leg,59,3,820.0,1,0,3,820.0,0.3462160669267177,3
stfpm,HEI,leg,59,4,8001.0,1,0,3,8001.0,0.3656874854456294,4
stfpm,HEI,leg,59,5,434.0,2,1,3,434.0,0.3400204974141987,1
stfpm,HEI,leg,60,1,586.0,1,0,3,586.0,0.3358892123950155,0
stfpm,HEI,leg,60,2,413.0,2,1,3,413.0,0.3485889852046966,2
stfpm,HEI,leg,60,3,333.0,2,1,3,333.0,0.3499279507568904,3
stfpm,HEI,leg,60,4,886.0,2,1,3,886.0,0.3627543682987625,3
stfpm,HEI,leg,60,5,407.0,2,1,3,407.0,0.3470434026840405,4
stfpm,HEI,leg,60,6,380.0,1,0,3,380.0,0.345438994822048,0
stfpm,HEI,leg,60,7,583.0,2,1,3,583.0,0.3561375408600538,1
stfpm,HEI,leg,61,1,575.0,1,0,1,575.0,0.34302818775177,4
stfpm,HEI,leg,62,1,419.0,1,0,3,419.0,0.3374631334753597,1
stfpm,HEI,leg,62,2,441.0,1,0,3,441.0,0.3556984322411673,0
stfpm,HEI,leg,62,3,732.0,2,1,3,732.0,0.3340161848399374,2
stfpm,HEI,leg,63,1,867.0,2,1,3,867.0,0.3503552852641968,0
stfpm,HEI,leg,63,2,6012.0,1,0,3,6012.0,0.3428943689380373,3
stfpm,HEI,leg,63,3,823.0,2,1,3,823.0,0.3593827614730054,3
stfpm,HEI,leg,63,4,318.0,1,0,3,318.0,0.3436066750870195,2
stfpm,HEI,leg,63,5,2880.0,2,1,3,2880.0,0.3504512521781419,0
stfpm,HEI,leg,65,1,2925.0,1,0,2,2925.0,0.3507519915248408,3
stfpm,HEI,leg,65,2,311.0,2,1,2,311.0,0.3355279676616192,4
stfpm,HEI,leg,66,1,772.0,3,1,3,772.0,0.4041388922681411,1
stfpm,HEI,leg,66,2,411.0,1,0,3,411.0,0.3494398012047722,3
stfpm,HEI,leg,66,3,306.0,2,1,3,306.0,0.3582944070038042,2
stfpm,HEI,leg,66,4,330.0,2,1,3,330.0,0.3437456855407128,3
stfpm,HEI,leg,67,1,403.0,1,0,2,403.0,0.3392240993286434,4
stfpm,HEI,leg,67,2,409.0,1,0,2,409.0,0.3465978694813592,2
stfpm,HEI,leg,67,3,8007.0,2,1,2,8007.0,0.3479413937877964,3
stfpm,HEI,leg,67,4,8003.0,2,1,2,8003.0,0.3475143304892948,3
stfpm,HEI,leg,69,1,304.0,2,1,3,304.0,0.3405380845069885,1
stfpm,HEI,leg,69,2,422.0,2,1,3,422.0,0.3349988237023353,4
stfpm,HEI,leg,70,1,768.0,2,1,1,768.0,0.3647519921263059,0
stfpm,HEI,leg,71,1,1500.0,1,0,3,1500.0,0.3325689524412155,1
stfpm,HEI,leg,71,2,305.0,2,1,3,305.0,0.3488954427914741,0
stfpm,HEI,leg,71,3,418.0,2,1,3,418.0,0.3681307842091816,0
stfpm,HEI,leg,71,4,744.0,2,1,3,744.0,0.3350932042707096,2
stfpm,HEI,leg,71,5,883.0,1,0,3,883.0,0.3495382700454105,2
stfpm,HEI,leg,71,6,375.0,1,0,3,375.0,0.3384257089800951,0
stfpm,HEI,leg,71,7,543.0,2,1,3,543.0,0.3536587303335016,3
stfpm,HEI,leg,72,1,352.0,2,1,1,352.0,0.3385062846872542,3
stfpm,HEI,leg,73,1,426.0,2,1,2,426.0,0.3372547280788421,2
stfpm,HEI,leg,73,2,423.0,1,0,2,423.0,0.3497379639496406,3
stfpm,HEI,leg,73,3,336.0,2,1,2,336.0,0.3366259045717192,2
stfpm,HEI,leg,73,4,2917.0,2,1,2,2917.0,0.3466511815786361,3
stfpm,HEI,leg,73,5,417.0,2,1,2,417.0,0.355933204293251,1
stfpm,HEI,leg,74,1,433.0,1,0,1,433.0,0.3576962885468505,0
stfpm,HEI,leg,76,1,372.0,1,0,1,372.0,0.3437370649155448,4
stfpm,HEI,leg,77,1,549.0,1,0,2,549.0,0.3379688746220357,2
stfpm,HEI,leg,77,2,365.0,1,0,2,365.0,0.3304328421751658,2
stfpm,HEI,leg,79,1,472.0,2,1,3,472.0,0.342893422359512,4
stfpm,HEI,leg,79,2,406.0,3,1,3,406.0,0.3287041473847169,2
stfpm,HEI,leg,79,3,873.0,1,0,3,873.0,0.3774122546116511,4
stfpm,HEI,leg,80,1,383.0,1,0,3,383.0,0.3375046744539931,1
stfpm,HEI,leg,80,2,739.0,1,0,3,739.0,0.3348814294888423,4
stfpm,HEI,leg,80,3,889.0,2,1,3,889.0,0.3402968892237035,2
stfpm,HEI,leg,80,4,305.0,2,1,3,305.0,0.3446542048776472,0
stfpm,HEI,leg,82,1,338.0,1,0,3,338.0,0.3360329341320764,2
stfpm,HEI,leg,82,2,407.0,2,1,3,407.0,0.357579947421045,4
stfpm,HEI,leg,82,3,350.0,1,0,3,350.0,0.3622779746850331,1
stfpm,HEI,leg,82,4,441.0,1,0,3,441.0,0.3362271998609815,0
stfpm,HEI,leg,82,5,464.0,1,0,3,464.0,0.3373136888159082,1
stfpm,HEI,leg,82,6,423.0,1,0,3,423.0,0.3435848461730139,3
stfpm,HEI,leg,84,1,613.0,2,1,1,613.0,0.330991401274999,2
stfpm,HEI,leg,85,1,457.0,1,0,3,457.0,0.3379026181168026,2
stfpm,HEI,leg,85,2,366.0,1,0,3,366.0,0.3308940280315487,2
stfpm,HEI,leg,85,3,448.0,1,0,3,448.0,0.3375864508675366,3
stfpm,HEI,leg,85,4,434.0,2,1,3,434.0,0.3294582502997439,1
stfpm,HEI,leg,85,5,583.0,2,1,3,583.0,0.3281728185035966,1
stfpm,HEI,leg,85,6,419.0,1,0,3,419.0,0.3338331899472645,1
stfpm,HEI,leg,86,1,6012.0,2,1,1,6012.0,0.360291648369569,3
stfpm,HEI,leg,87,1,763.0,2,1,2,763.0,0.357416254069124,1
stfpm,HEI,leg,88,1,820.0,2,1,3,820.0,0.3354437045148901,3
stfpm,HEI,leg,88,2,467.0,2,1,3,467.0,0.3508172556757927,0
stfpm,HEI,leg,88,3,801.0,2,1,3,801.0,0.3767740931775835,1
stfpm,HEI,leg,88,4,1458.0,1,0,3,1458.0,0.3289971537060208,4
stfpm,HEI,leg,89,1,411.0,2,1,3,411.0,0.3660531815810081,3
stfpm,HEI,leg,89,2,426.0,2,1,3,426.0,0.3406812125860258,2
stfpm,HEI,leg,89,3,886.0,1,0,3,886.0,0.3515544673618005,3
stfpm,HEI,leg,89,4,775.0,1,0,3,775.0,0.3366104334592819,4
stfpm,HEI,leg,90,1,458.0,2,1,3,458.0,0.336326311200352,4
stfpm,HEI,leg,90,2,422.0,1,0,3,422.0,0.3743349430816514,4
stfpm,HEI,leg,90,3,452.0,1,0,3,452.0,0.344681680754379,4
stfpm,HEI,leg,90,4,413.0,1,0,3,413.0,0.3219418239593505,2
stfpm,HEI,leg,94,1,333.0,2,1,1,333.0,0.3503363800459894,3
stfpm,HEI,leg,96,1,1500.0,1,0,3,1500.0,0.3307124927639961,1
stfpm,HEI,leg,96,2,375.0,2,1,3,375.0,0.3527432108247602,0
stfpm,HEI,leg,96,3,418.0,2,1,3,418.0,0.3498131915142661,0
stfpm,HEI,leg,96,4,732.0,1,0,3,732.0,0.3329396916760339,2
stfpm,HEI,leg,97,1,586.0,3,1,3,586.0,0.3410751657052474,0
stfpm,HEI,leg,97,2,417.0,1,0,3,417.0,0.3450082522981307,1
stfpm,HEI,leg,97,3,883.0,3,1,3,883.0,0.3652222100645304,2
stfpm,HEI,leg,97,4,336.0,1,0,3,336.0,0.3320708694281401,2
stfpm,HEI,leg,98,1,407.0,2,1,2,407.0,0.3641631543636322,4
stfpm,HEI,leg,98,2,441.0,1,0,2,441.0,0.3383741884730583,0
stfpm,HEI,leg,99,1,464.0,1,0,3,464.0,0.3438915686729626,1
stfpm,HEI,leg,99,2,366.0,1,0,3,366.0,0.3407901332185075,2
stfpm,HEI,leg,99,3,418.0,2,1,3,418.0,0.3503788068890571,0
stfpm,HEI,leg,99,4,434.0,2,1,3,434.0,0.3355806157356355,1
stfpm,HEI,leg,100,1,6012.0,2,1,2,6012.0,0.3366666637037111,3
stfpm,HEI,leg,100,2,6013.0,2,1,2,6013.0,0.3513176542956654,0
stfpm,HEI,leg,102,1,426.0,2,1,2,426.0,0.3355418130241591,2
stfpm,HEI,leg,102,2,425.0,1,0,2,425.0,0.3387307418244226,2
stfpm,HEI,leg,104,1,458.0,2,1,3,458.0,0.3394560860262977,4
stfpm,HEI,leg,104,2,422.0,2,1,3,422.0,0.3317892904891524,4
stfpm,HEI,leg,104,3,611.0,1,0,3,611.0,0.3357726870438991,4
stfpm,HEI,leg,104,4,8007.0,1,0,3,8007.0,0.3449346219238482,3
stfpm,HEI,leg,105,1,328.0,1,0,2,328.0,0.3359490170290595,4
stfpm,HEI,leg,105,2,380.0,2,1,2,380.0,0.3358600324875599,0
stfpm,HEI,leg,106,1,1500.0,2,1,3,1500.0,0.3278575588104336,1
stfpm,HEI,leg,106,2,420.0,1,0,3,420.0,0.3629942114760236,4
stfpm,HEI,leg,106,3,895.0,1,0,3,895.0,0.347428859575935,2
stfpm,HEI,leg,106,4,744.0,1,0,3,744.0,0.3406950272619724,2
stfpm,HEI,leg,107,1,6010.0,1,0,2,6010.0,0.3549815216101706,4
stfpm,HEI,leg,107,2,459.0,1,0,2,459.0,0.3718182493428715,2
stfpm,HEI,leg,108,1,311.0,2,1,3,311.0,0.3329583384641787,4
stfpm,HEI,leg,108,2,448.0,1,0,3,448.0,0.3355410807841533,3
stfpm,HEI,leg,108,3,350.0,2,1,3,350.0,0.3449049584567547,1
stfpm,HEI,leg,108,4,2880.0,2,1,3,2880.0,0.3416930630803108,0
stfpm,HEI,leg,108,5,318.0,1,0,3,318.0,0.3467527836561203,2
stfpm,HEI,leg,109,1,2917.0,2,1,2,2917.0,0.3532271741366968,3
stfpm,HEI,leg,109,2,307.0,2,1,2,307.0,0.3481518863277001,1
stfpm,HEI,leg,109,3,413.0,1,0,2,413.0,0.3337674652918791,2
stfpm,HEI,leg,110,1,1446.0,1,0,1,1446.0,0.3373312967665055,1
stfpm,HEI,leg,111,1,443.0,2,1,2,443.0,0.3313916150642478,4
stfpm,HEI,leg,111,2,421.0,2,1,2,421.0,0.3372005778882239,3
stfpm,HEI,leg,112,1,409.0,2,1,1,409.0,0.3336710460759975,2
stfpm,HEI,leg,113,1,333.0,2,1,3,333.0,0.3442141637206077,3
stfpm,HEI,leg,113,2,375.0,1,0,3,375.0,0.3306097533251788,0
stfpm,HEI,leg,113,3,370.0,2,1,3,370.0,0.3374554608997546,0
stfpm,HEI,leg,113,4,820.0,2,1,3,820.0,0.3406806760712674,3
stfpm,HEI,leg,113,5,883.0,1,0,3,883.0,0.342625054029318,2
stfpm,HEI,leg,114,1,586.0,1,0,1,586.0,0.3440270988891522,0
stfpm,HEI,leg,115,1,336.0,2,1,2,336.0,0.3321236513909839,2
stfpm,HEI,leg,115,2,732.0,2,1,2,732.0,0.3333897575353964,2
stfpm,HEI,leg,116,1,423.0,2,1,3,423.0,0.3481161217479145,3
stfpm,HEI,leg,116,2,419.0,1,0,3,419.0,0.3462148496082851,1
stfpm,HEI,leg,117,1,2952.0,2,1,2,2952.0,0.3328140087616749,2
stfpm,HEI,leg,117,2,417.0,2,1,2,417.0,0.3437308622524142,1
stfpm,HEI,leg,118,1,352.0,1,0,3,352.0,0.3411661353376176,3
stfpm,HEI,leg,118,2,304.0,2,1,3,304.0,0.3281587577528423,1
stfpm,HEI,leg,118,3,433.0,2,1,3,433.0,0.3458820407589276,0
stfpm,HEI,leg,118,4,768.0,1,0,3,768.0,0.3491949369510015,0
subspace,CGI,full,1,1,582.0,2,1,2,582.0,0.0014300406910479,2
subspace,CGI,full,1,2,403.0,2,1,2,403.0,0.0021004574373364,4
subspace,CGI,full,2,1,578.0,1,0,2,578.0,0.0014436109922826,3
subspace,CGI,full,2,2,603.0,1,0,2,603.0,0.0019811906386166,3
subspace,CGI,full,3,1,431.0,1,0,2,431.0,0.0011735747102648,1
subspace,CGI,full,3,2,555.0,2,1,2,555.0,0.0021857270039618,0
subspace,CGI,full,3,3,766.0,2,1,2,766.0,0.0015116315335035,3
subspace,CGI,full,4,1,550.0,1,0,2,550.0,0.001766622881405,0
subspace,CGI,full,4,2,419.0,1,0,2,419.0,0.0015765686985105,1
subspace,CGI,full,6,1,416.0,1,0,1,416.0,0.0029892213642597,0
subspace,CGI,full,7,1,568.0,1,0,3,568.0,0.0014147456968203,3
subspace,CGI,full,7,2,,1,0,3,unknown,0.0023231403902173,1
subspace,CGI,full,7,3,411.0,2,1,3,411.0,0.0011331718415021,3
subspace,CGI,full,8,1,319.0,1,0,3,319.0,0.0017336349701508,1
subspace,CGI,full,8,2,325.0,1,0,3,325.0,0.0013197753578424,4
subspace,CGI,full,8,3,344.0,2,1,3,344.0,0.0015386074082925,0
subspace,CGI,full,8,4,322.0,2,1,3,322.0,0.0038352962583303,0
subspace,CGI,full,9,1,891.0,1,0,1,891.0,0.0014815628528594,4
subspace,CGI,full,10,1,566.0,1,0,2,566.0,0.0017778583569452,4
subspace,CGI,full,10,2,743.0,2,1,2,743.0,0.0017890483140945,3
subspace,CGI,full,10,3,2928.0,1,0,2,2928.0,0.0011781045468524,2
subspace,CGI,full,11,1,755.0,1,0,3,755.0,0.0026342321652919,4
subspace,CGI,full,11,2,884.0,2,1,3,884.0,0.0030338768847286,4
subspace,CGI,full,11,3,739.0,2,1,3,739.0,0.0022021194454282,4
subspace,CGI,full,11,4,554.0,2,1,3,554.0,0.001649372279644,1
subspace,CGI,full,11,5,313.0,1,0,3,313.0,0.0011757474858313,0
subspace,CGI,full,11,6,890.0,1,0,3,890.0,0.003033050103113,0
subspace,CGI,full,11,7,328.0,2,1,3,328.0,0.0021801604889333,4
subspace,CGI,full,11,8,373.0,1,0,3,373.0,0.0018768378067761,3
subspace,CGI,full,12,1,879.0,1,0,2,879.0,0.0026255301199853,2
subspace,CGI,full,12,2,826.0,2,1,2,826.0,0.0043860673904418,1
subspace,CGI,full,13,1,884.0,3,1,1,884.0,0.001930485246703,4
subspace,CGI,full,14,1,1450.0,2,1,3,1450.0,0.0022537480108439,0
subspace,CGI,full,14,2,865.0,2,1,3,865.0,0.0036057075485587,1
subspace,CGI,full,14,3,339.0,2,1,3,339.0,0.0056360829621553,1
subspace,CGI,full,14,4,301.0,1,0,3,301.0,0.0023974846117198,4
subspace,CGI,full,14,5,328.0,2,1,3,328.0,0.0018585498910397,4
subspace,CGI,full,14,6,817.0,1,0,3,817.0,0.0016313560772687,2
subspace,CGI,full,15,1,775.0,2,1,1,775.0,0.0026201889850199,4
subspace,CGI,full,16,1,319.0,1,0,1,319.0,0.0014726845547556,1
subspace,CGI,full,17,1,825.0,2,1,1,825.0,0.0019013844430446,2
subspace,CGI,full,18,1,313.0,1,0,3,313.0,0.002073717303574,0
subspace,CGI,full,18,2,818.0,2,1,3,818.0,0.0017197781708091,4
subspace,CGI,full,18,3,894.0,2,1,3,894.0,0.0010681309504434,3
subspace,CGI,full,18,4,345.0,1,0,3,345.0,0.003697638399899,4
subspace,CGI,full,19,1,369.0,2,1,1,369.0,0.0019934778101742,1
subspace,CGI,full,20,1,769.0,2,1,2,769.0,0.0034622978419065,2
subspace,CGI,full,20,2,997.0,1,0,2,997.0,0.0018183051142841,1
subspace,CGI,full,21,1,408.0,1,0,3,408.0,0.0015221631620079,1
subspace,CGI,full,21,2,785.0,2,1,3,785.0,0.0018843101570382,2
subspace,CGI,full,21,3,2892.0,1,0,3,2892.0,0.0011908409651368,4
subspace,CGI,full,22,1,331.0,1,0,3,331.0,0.0011741362977772,4
subspace,CGI,full,22,2,743.0,2,1,3,743.0,0.0016749142669141,3
subspace,CGI,full,22,3,437.0,1,0,3,437.0,0.0015075899427756,1
subspace,CGI,full,22,4,6003.0,1,0,3,6003.0,0.0012830487685278,0
subspace,CGI,full,22,5,350.0,2,1,3,350.0,0.0025174152106046,1
subspace,CGI,full,22,6,858.0,2,1,3,858.0,0.0014146117027848,0
subspace,CGI,full,23,1,568.0,1,0,2,568.0,0.0018448651535436,3
subspace,CGI,full,23,2,302.0,1,0,2,302.0,0.0028845493216067,3
subspace,CGI,full,24,1,566.0,1,0,1,566.0,0.0020244112238287,4
subspace,CGI,full,27,1,405.0,2,1,3,405.0,0.0023700331803411,3
subspace,CGI,full,27,2,317.0,2,1,3,317.0,0.0014896616339683,3
subspace,CGI,full,27,3,8006.0,1,0,3,8006.0,0.0021002502180635,2
subspace,CGI,full,27,4,2941.0,2,1,3,2941.0,0.0017960676923394,0
subspace,CGI,full,27,5,774.0,2,1,3,774.0,0.0021479143761098,0
subspace,CGI,full,27,6,327.0,2,1,3,327.0,0.0017286078073084,0
subspace,CGI,full,27,7,584.0,2,1,3,584.0,0.0029093560297042,1
subspace,CGI,full,27,8,550.0,1,0,3,550.0,0.0017045525601133,0
subspace,CGI,full,27,9,779.0,1,0,3,779.0,0.0016580997034907,4
subspace,CGI,full,28,1,313.0,1,0,3,313.0,0.0014223690377548,0
subspace,CGI,full,28,2,826.0,2,1,3,826.0,0.0021570657845586,1
subspace,CGI,full,28,3,817.0,1,0,3,817.0,0.0019762716256082,2
subspace,CGI,full,29,1,2952.0,2,1,3,2952.0,0.0027758618816733,2
subspace,CGI,full,29,2,781.0,2,1,3,781.0,0.0022045788355171,3
subspace,CGI,full,29,3,369.0,1,0,3,369.0,0.0017518904060125,1
subspace,CGI,full,34,1,858.0,2,1,2,858.0,0.0018628663383424,0
subspace,CGI,full,34,2,2932.0,2,1,2,2932.0,0.0012663207016885,1
subspace,CGI,full,35,1,586.0,1,0,3,586.0,0.0015337336808443,0
subspace,CGI,full,35,2,317.0,2,1,3,317.0,0.0017004873370751,3
subspace,CGI,full,35,3,405.0,1,0,3,405.0,0.0023680708836764,3
subspace,CGI,full,35,4,2892.0,1,0,3,2892.0,0.0011862167157232,4
subspace,CGI,full,35,5,351.0,1,0,3,351.0,0.0011573089286684,3
subspace,CGI,full,36,1,582.0,2,1,1,582.0,0.0018739369697868,2
subspace,CGI,full,37,1,739.0,1,0,1,739.0,0.0013177071232348,4
subspace,CGI,full,39,1,882.0,2,1,2,882.0,0.0018352984916418,1
subspace,CGI,full,39,2,794.0,2,1,2,794.0,0.0018890530336648,0
subspace,CGI,full,40,1,876.0,2,1,3,876.0,0.0013798965374007,3
subspace,CGI,full,40,2,331.0,1,0,3,331.0,0.0015654395101591,4
subspace,CGI,full,40,3,805.0,2,1,3,805.0,0.0023247338831424,0
subspace,CGI,full,40,4,786.0,2,1,3,786.0,0.0035279928706586,1
subspace,CGI,full,40,5,402.0,1,0,3,402.0,0.0018337755464017,3
subspace,CGI,full,40,6,742.0,1,0,3,742.0,0.0012195606250315,0
subspace,CGI,full,41,1,401.0,2,1,3,401.0,0.0012201342033222,4
subspace,CGI,full,41,2,367.0,1,0,3,367.0,0.0014115065569058,1
subspace,CGI,full,42,1,889.0,2,1,1,889.0,0.0021374300122261,2
subspace,CGI,full,50,1,458.0,2,1,1,458.0,0.0013372496468946,4
subspace,CGI,full,51,1,455.0,1,0,2,455.0,0.0017567753093317,3
subspace,CGI,full,51,2,387.0,1,0,2,387.0,0.001399468164891,0
subspace,CGI,full,52,1,377.0,2,1,1,377.0,0.0013827672228217,2
subspace,CGI,full,53,1,450.0,1,0,2,450.0,0.0013092525769025,0
subspace,CGI,full,54,1,462.0,1,0,3,462.0,0.0016816604183986,1
subspace,CGI,full,54,2,431.0,2,1,3,431.0,0.0014837454073131,1
subspace,CGI,full,54,3,327.0,2,1,3,327.0,0.0016623743576928,0
subspace,CGI,full,55,1,443.0,3,1,1,443.0,0.001609020633623,4
subspace,CGI,full,56,1,459.0,1,0,1,459.0,0.0015483883908018,2
subspace,CGI,full,57,1,736.0,2,1,1,736.0,0.0012687476119026,1
subspace,CGI,full,58,1,611.0,1,0,2,611.0,0.0012369032483547,4
subspace,CGI,full,58,2,579.0,1,0,2,579.0,0.0013144215336069,2
subspace,CGI,full,59,1,6013.0,1,0,3,6013.0,0.0016668748576194,0
subspace,CGI,full,59,2,763.0,2,1,3,763.0,0.0069336174055933,1
subspace,CGI,full,59,3,820.0,1,0,3,820.0,0.0039195148274302,3
subspace,CGI,full,59,4,8001.0,1,0,3,8001.0,0.0014196700649335,4
subspace,CGI,full,59,5,434.0,2,1,3,434.0,0.00099834788125,1
subspace,CGI,full,60,1,586.0,1,0,3,586.0,0.0013153291074559,0
subspace,CGI,full,60,2,413.0,2,1,3,413.0,0.0012353784404695,2
subspace,CGI,full,60,3,333.0,2,1,3,333.0,0.0017903221305459,3
subspace,CGI,full,60,4,886.0,2,1,3,886.0,0.0022676875814795,3
subspace,CGI,full,60,5,407.0,2,1,3,407.0,0.0013051726855337,4
subspace,CGI,full,60,6,380.0,1,0,3,380.0,0.0015331786125898,0
subspace,CGI,full,60,7,583.0,2,1,3,583.0,0.0018581699114292,1
subspace,CGI,full,61,1,575.0,1,0,1,575.0,0.0014836000045761,4
subspace,CGI,full,62,1,419.0,1,0,3,419.0,0.0015868344344198,1
subspace,CGI,full,62,2,441.0,1,0,3,441.0,0.0015964941121637,0
subspace,CGI,full,62,3,732.0,2,1,3,732.0,0.0013265096349641,2
subspace,CGI,full,63,1,867.0,2,1,3,867.0,0.0021690775174647,0
subspace,CGI,full,63,2,6012.0,1,0,3,6012.0,0.0008104156586341,3
subspace,CGI,full,63,3,823.0,2,1,3,823.0,0.0021512568928301,3
subspace,CGI,full,63,4,318.0,1,0,3,318.0,0.0016051807906478,2
subspace,CGI,full,63,5,2880.0,2,1,3,2880.0,0.0010607857257127,0
subspace,CGI,full,65,1,2925.0,1,0,2,2925.0,0.0013785065384581,3
subspace,CGI,full,65,2,311.0,2,1,2,311.0,0.001042055664584,4
subspace,CGI,full,66,1,772.0,3,1,3,772.0,0.0057667223736643,1
subspace,CGI,full,66,2,411.0,1,0,3,411.0,0.0011983991134911,3
subspace,CGI,full,66,3,306.0,2,1,3,306.0,0.0026945557910948,2
subspace,CGI,full,66,4,330.0,2,1,3,330.0,0.001400796463713,3
subspace,CGI,full,67,1,403.0,1,0,2,403.0,0.0013783175963908,4
subspace,CGI,full,67,2,409.0,1,0,2,409.0,0.0042494675144553,2
subspace,CGI,full,67,3,8007.0,2,1,2,8007.0,0.0015520475571975,3
subspace,CGI,full,67,4,8003.0,2,1,2,8003.0,0.0016021569026634,3
subspace,CGI,full,69,1,304.0,2,1,3,304.0,0.0029687383212149,1
subspace,CGI,full,69,2,422.0,2,1,3,422.0,0.0016484258230775,4
subspace,CGI,full,70,1,768.0,2,1,1,768.0,0.0018892725929617,0
subspace,CGI,full,71,1,1500.0,1,0,3,1500.0,0.0010746782645583,1
subspace,CGI,full,71,2,305.0,2,1,3,305.0,0.0014260886237025,0
subspace,CGI,full,71,3,418.0,2,1,3,418.0,0.0017889711307361,0
subspace,CGI,full,71,4,744.0,2,1,3,744.0,0.001145874033682,2
subspace,CGI,full,71,5,883.0,1,0,3,883.0,0.0011276516597718,2
subspace,CGI,full,71,6,375.0,1,0,3,375.0,0.001251375535503,0
subspace,CGI,full,71,7,543.0,2,1,3,543.0,0.0018721731612458,3
subspace,CGI,full,72,1,352.0,2,1,1,352.0,0.0014906618744134,3
subspace,CGI,full,73,1,426.0,2,1,2,426.0,0.0017119375988841,2
subspace,CGI,full,73,2,423.0,1,0,2,423.0,0.0012646667892113,3
subspace,CGI,full,73,3,336.0,2,1,2,336.0,0.0018225739477202,2
subspace,CGI,full,73,4,2917.0,2,1,2,2917.0,0.0009920042939484,3
subspace,CGI,full,73,5,417.0,2,1,2,417.0,0.0019540265202522,1
subspace,CGI,full,74,1,433.0,1,0,1,433.0,0.0011087136808782,0
subspace,CGI,full,76,1,372.0,1,0,1,372.0,0.0011545571032911,4
subspace,CGI,full,77,1,549.0,1,0,2,549.0,0.0017360276542603,2
subspace,CGI,full,77,2,365.0,1,0,2,365.0,0.0010434980504214,2
subspace,CGI,full,79,1,472.0,2,1,3,472.0,0.0017547188326716,4
subspace,CGI,full,79,2,406.0,3,1,3,406.0,0.0024194016586989,2
subspace,CGI,full,79,3,873.0,1,0,3,873.0,0.0044919559732079,4
subspace,CGI,full,80,1,383.0,1,0,3,383.0,0.001515740645118,1
subspace,CGI,full,80,2,739.0,1,0,3,739.0,0.0011311147827655,4
subspace,CGI,full,80,3,889.0,2,1,3,889.0,0.0009637183975428,2
subspace,CGI,full,80,4,305.0,2,1,3,305.0,0.0027649693656712,0
subspace,CGI,full,82,1,338.0,1,0,3,338.0,0.0010490921558812,2
subspace,CGI,full,82,2,407.0,2,1,3,407.0,0.0011973064392805,4
subspace,CGI,full,82,3,350.0,1,0,3,350.0,0.00322618894279,1
subspace,CGI,full,82,4,441.0,1,0,3,441.0,0.0008966848254203,0
subspace,CGI,full,82,5,464.0,1,0,3,464.0,0.001733363373205,1
subspace,CGI,full,82,6,423.0,1,0,3,423.0,0.0017598749836906,3
subspace,CGI,full,84,1,613.0,2,1,1,613.0,0.0012855064123868,2
subspace,CGI,full,85,1,457.0,1,0,3,457.0,0.0011561992578208,2
subspace,CGI,full,85,2,366.0,1,0,3,366.0,0.0013232363853603,2
subspace,CGI,full,85,3,448.0,1,0,3,448.0,0.0009170774137601,3
subspace,CGI,full,85,4,434.0,2,1,3,434.0,0.0009621453355066,1
subspace,CGI,full,85,5,583.0,2,1,3,583.0,0.0011547706089913,1
subspace,CGI,full,85,6,419.0,1,0,3,419.0,0.0015229001874104,1
subspace,CGI,full,86,1,6012.0,2,1,1,6012.0,0.0009631079155951,3
subspace,CGI,full,87,1,763.0,2,1,2,763.0,0.0029656351543962,1
subspace,CGI,full,88,1,820.0,2,1,3,820.0,0.0010350684169679,3
subspace,CGI,full,88,2,467.0,2,1,3,467.0,0.0012084362097084,0
subspace,CGI,full,88,3,801.0,2,1,3,801.0,0.0012283485848456,1
subspace,CGI,full,88,4,1458.0,1,0,3,1458.0,0.00126115931198,4
subspace,CGI,full,89,1,411.0,2,1,3,411.0,0.001363918185234,3
subspace,CGI,full,89,2,426.0,2,1,3,426.0,0.0013403289485722,2
subspace,CGI,full,89,3,886.0,1,0,3,886.0,0.0011658614967018,3
subspace,CGI,full,89,4,775.0,1,0,3,775.0,0.00127410935238,4
subspace,CGI,full,90,1,458.0,2,1,3,458.0,0.001635237946175,4
subspace,CGI,full,90,2,422.0,1,0,3,422.0,0.0020067056175321,4
subspace,CGI,full,90,3,452.0,1,0,3,452.0,0.0013158128131181,4
subspace,CGI,full,90,4,413.0,1,0,3,413.0,0.0011844979599118,2
subspace,CGI,full,94,1,333.0,2,1,1,333.0,0.0018175506265833,3
subspace,CGI,full,96,1,1500.0,1,0,3,1500.0,0.0007463723886758,1
subspace,CGI,full,96,2,375.0,2,1,3,375.0,0.0009400403359904,0
subspace,CGI,full,96,3,418.0,2,1,3,418.0,0.0017135366797447,0
subspace,CGI,full,96,4,732.0,1,0,3,732.0,0.0011442766990512,2
subspace,CGI,full,97,1,586.0,3,1,3,586.0,0.0017919631209224,0
subspace,CGI,full,97,2,417.0,1,0,3,417.0,0.00236158631742,1
subspace,CGI,full,97,3,883.0,3,1,3,883.0,0.0032328506931662,2
subspace,CGI,full,97,4,336.0,1,0,3,336.0,0.0034246030263602,2
subspace,CGI,full,98,1,407.0,2,1,2,407.0,0.0028489872347563,4
subspace,CGI,full,98,2,441.0,1,0,2,441.0,0.001297905575484,0
subspace,CGI,full,99,1,464.0,1,0,3,464.0,0.0014461879618465,1
subspace,CGI,full,99,2,366.0,1,0,3,366.0,0.0014566697645932,2
subspace,CGI,full,99,3,418.0,2,1,3,418.0,0.0012912304373458,0
subspace,CGI,full,99,4,434.0,2,1,3,434.0,0.0010427944362163,1
subspace,CGI,full,100,1,6012.0,2,1,2,6012.0,0.0012122360058128,3
subspace,CGI,full,100,2,6013.0,2,1,2,6013.0,0.0026759980246424,0
subspace,CGI,full,102,1,426.0,2,1,2,426.0,0.0014086317969486,2
subspace,CGI,full,102,2,425.0,1,0,2,425.0,0.0012838923139497,2
subspace,CGI,full,104,1,458.0,2,1,3,458.0,0.0013768274802714,4
subspace,CGI,full,104,2,422.0,2,1,3,422.0,0.0011104124132543,4
subspace,CGI,full,104,3,611.0,1,0,3,611.0,0.0008242779877036,4
subspace,CGI,full,104,4,8007.0,1,0,3,8007.0,0.0008038825471885,3
subspace,CGI,full,105,1,328.0,1,0,2,328.0,0.0009763333946466,4
subspace,CGI,full,105,2,380.0,2,1,2,380.0,0.0014211805537343,0
subspace,CGI,full,106,1,1500.0,2,1,3,1500.0,0.0010997981298714,1
subspace,CGI,full,106,2,420.0,1,0,3,420.0,0.0037849575746804,4
subspace,CGI,full,106,3,895.0,1,0,3,895.0,0.0016705923480913,2
subspace,CGI,full,106,4,744.0,1,0,3,744.0,0.0013628620654344,2
subspace,CGI,full,107,1,6010.0,1,0,2,6010.0,0.0021064691245555,4
subspace,CGI,full,107,2,459.0,1,0,2,459.0,0.0025971257127821,2
subspace,CGI,full,108,1,311.0,2,1,3,311.0,0.0011213445104658,4
subspace,CGI,full,108,2,448.0,1,0,3,448.0,0.0013736912515014,3
subspace,CGI,full,108,3,350.0,2,1,3,350.0,0.0013776875566691,1
subspace,CGI,full,108,4,2880.0,2,1,3,2880.0,0.0011154641397297,0
subspace,CGI,full,108,5,318.0,1,0,3,318.0,0.0010785670019686,2
subspace,CGI,full,109,1,2917.0,2,1,2,2917.0,0.0019599790684878,3
subspace,CGI,full,109,2,307.0,2,1,2,307.0,0.00194633891806,1
subspace,CGI,full,109,3,413.0,1,0,2,413.0,0.0010156250791624,2
subspace,CGI,full,110,1,1446.0,1,0,1,1446.0,0.0014778359327465,1
subspace,CGI,full,111,1,443.0,2,1,2,443.0,0.0010806603822857,4
subspace,CGI,full,111,2,421.0,2,1,2,421.0,0.0015772662591189,3
subspace,CGI,full,112,1,409.0,2,1,1,409.0,0.002018817467615,2
subspace,CGI,full,113,1,333.0,2,1,3,333.0,0.0018934395629912,3
subspace,CGI,full,113,2,375.0,1,0,3,375.0,0.0009489663643762,0
subspace,CGI,full,113,3,370.0,2,1,3,370.0,0.0012312326580286,0
subspace,CGI,full,113,4,820.0,2,1,3,820.0,0.0016002438496798,3
subspace,CGI,full,113,5,883.0,1,0,3,883.0,0.0011027364525943,2
subspace,CGI,full,114,1,586.0,1,0,1,586.0,0.0011781807988882,0
subspace,CGI,full,115,1,336.0,2,1,2,336.0,0.0012625204399228,2
subspace,CGI,full,115,2,732.0,2,1,2,732.0,0.001048715901561,2
subspace,CGI,full,116,1,423.0,2,1,3,423.0,0.0021653336007148,3
subspace,CGI,full,116,2,419.0,1,0,3,419.0,0.0008988677873276,1
subspace,CGI,full,117,1,2952.0,2,1,2,2952.0,0.001630010548979,2
subspace,CGI,full,117,2,417.0,2,1,2,417.0,0.0018998326268047,1
subspace,CGI,full,118,1,352.0,1,0,3,352.0,0.0009615773451514,3
subspace,CGI,full,118,2,304.0,2,1,3,304.0,0.0015944531187415,1
subspace,CGI,full,118,3,433.0,2,1,3,433.0,0.0012831564527004,0
subspace,CGI,full,118,4,768.0,1,0,3,768.0,0.0020663877949118,0
subspace,CGI,leg,1,1,582.0,2,1,2,582.0,0.0006519249873235,2
subspace,CGI,leg,1,2,403.0,2,1,2,403.0,0.0008833386236801,4
subspace,CGI,leg,2,1,578.0,1,0,2,578.0,0.0006667886045761,3
subspace,CGI,leg,2,2,603.0,1,0,2,603.0,0.0010386402718722,3
subspace,CGI,leg,3,1,431.0,1,0,2,431.0,0.0007241571438498,1
subspace,CGI,leg,3,2,555.0,2,1,2,555.0,0.0011474033817648,0
subspace,CGI,leg,3,3,766.0,2,1,2,766.0,0.0009335463983006,3
subspace,CGI,leg,4,1,550.0,1,0,2,550.0,0.0006591248093172,0
subspace,CGI,leg,4,2,419.0,1,0,2,419.0,0.0005108308978378,1
subspace,CGI,leg,6,1,416.0,1,0,1,416.0,0.0007951009320095,0
subspace,CGI,leg,7,1,568.0,1,0,3,568.0,0.0009260922670364,3
subspace,CGI,leg,7,2,,1,0,3,unknown,0.001122893532738,1
subspace,CGI,leg,7,3,411.0,2,1,3,411.0,0.000722921337001,3
subspace,CGI,leg,8,1,319.0,1,0,3,319.0,0.0007054317975416,1
subspace,CGI,leg,8,2,325.0,1,0,3,325.0,0.0009224949171766,4
subspace,CGI,leg,8,3,344.0,2,1,3,344.0,0.0014479728415608,0
subspace,CGI,leg,8,4,322.0,2,1,3,322.0,0.0016802572645246,0
subspace,CGI,leg,9,1,891.0,1,0,1,891.0,0.0006031263037584,4
subspace,CGI,leg,10,1,566.0,1,0,2,566.0,0.0008187862113118,4
subspace,CGI,leg,10,2,743.0,2,1,2,743.0,0.0007873129798099,3
subspace,CGI,leg,10,3,2928.0,1,0,2,2928.0,0.0005374936736188,2
subspace,CGI,leg,11,1,755.0,1,0,3,755.0,0.0010322323068976,4
subspace,CGI,leg,11,2,884.0,2,1,3,884.0,0.0022097176406532,4
subspace,CGI,leg,11,3,739.0,2,1,3,739.0,0.0015370418550446,4
subspace,CGI,leg,11,4,554.0,2,1,3,554.0,0.0008524552686139,1
subspace,CGI,leg,11,5,313.0,1,0,3,313.0,0.0004504422831814,0
subspace,CGI,leg,11,6,890.0,1,0,3,890.0,0.002302304841578,0
subspace,CGI,leg,11,7,328.0,2,1,3,328.0,0.0016028156969696,4
subspace,CGI,leg,11,8,373.0,1,0,3,373.0,0.0016053854487836,3
subspace,CGI,leg,12,1,879.0,1,0,2,879.0,0.0012713777832686,2
subspace,CGI,leg,12,2,826.0,2,1,2,826.0,0.0038151554763317,1
subspace,CGI,leg,13,1,884.0,3,1,1,884.0,0.0007796690333634,4
subspace,CGI,leg,14,1,1450.0,2,1,3,1450.0,0.0014159990241751,0
subspace,CGI,leg,14,2,865.0,2,1,3,865.0,0.0011523312423378,1
subspace,CGI,leg,14,3,339.0,2,1,3,339.0,0.0020782868377864,1
subspace,CGI,leg,14,4,301.0,1,0,3,301.0,0.0016363563481718,4
subspace,CGI,leg,14,5,328.0,2,1,3,328.0,0.0007911791908554,4
subspace,CGI,leg,14,6,817.0,1,0,3,817.0,0.0009776605293154,2
subspace,CGI,leg,15,1,775.0,2,1,1,775.0,0.0011135683162137,4
subspace,CGI,leg,16,1,319.0,1,0,1,319.0,0.0007407834054902,1
subspace,CGI,leg,17,1,825.0,2,1,1,825.0,0.0008054001373238,2
subspace,CGI,leg,18,1,313.0,1,0,3,313.0,0.0009039990836754,0
subspace,CGI,leg,18,2,818.0,2,1,3,818.0,0.000809941557236,4
subspace,CGI,leg,18,3,894.0,2,1,3,894.0,0.0007601183606311,3
subspace,CGI,leg,18,4,345.0,1,0,3,345.0,0.0010570036247372,4
subspace,CGI,leg,19,1,369.0,2,1,1,369.0,0.0012275427579879,1
subspace,CGI,leg,20,1,769.0,2,1,2,769.0,0.0020109177567064,2
subspace,CGI,leg,20,2,997.0,1,0,2,997.0,0.0008287091040983,1
subspace,CGI,leg,21,1,408.0,1,0,3,408.0,0.0010633066995069,1
subspace,CGI,leg,21,2,785.0,2,1,3,785.0,0.0009757662191987,2
subspace,CGI,leg,21,3,2892.0,1,0,3,2892.0,0.0005685938522219,4
subspace,CGI,leg,22,1,331.0,1,0,3,331.0,0.0007975224289111,4
subspace,CGI,leg,22,2,743.0,2,1,3,743.0,0.0010022816713899,3
subspace,CGI,leg,22,3,437.0,1,0,3,437.0,0.000697424635291,1
subspace,CGI,leg,22,4,6003.0,1,0,3,6003.0,0.0008328077383339,0
subspace,CGI,leg,22,5,350.0,2,1,3,350.0,0.0008981293067336,1
subspace,CGI,leg,22,6,858.0,2,1,3,858.0,0.0006213462911546,0
subspace,CGI,leg,23,1,568.0,1,0,2,568.0,0.0008303834474645,3
subspace,CGI,leg,23,2,302.0,1,0,2,302.0,0.0013701331336051,3
subspace,CGI,leg,24,1,566.0,1,0,1,566.0,0.0005279224133118,4
subspace,CGI,leg,27,1,405.0,2,1,3,405.0,0.0011823069071397,3
subspace,CGI,leg,27,2,317.0,2,1,3,317.0,0.0006521454779431,3
subspace,CGI,leg,27,3,8006.0,1,0,3,8006.0,0.0009562928462401,2
subspace,CGI,leg,27,4,2941.0,2,1,3,2941.0,0.00111909606494,0
subspace,CGI,leg,27,5,774.0,2,1,3,774.0,0.0007960002403706,0
subspace,CGI,leg,27,6,327.0,2,1,3,327.0,0.0006776188965886,0
subspace,CGI,leg,27,7,584.0,2,1,3,584.0,0.0016663698479533,1
subspace,CGI,leg,27,8,550.0,1,0,3,550.0,0.0005809544818475,0
subspace,CGI,leg,27,9,779.0,1,0,3,779.0,0.000600263592787,4
subspace,CGI,leg,28,1,313.0,1,0,3,313.0,0.000721788383089,0
subspace,CGI,leg,28,2,826.0,2,1,3,826.0,0.0009628855623304,1
subspace,CGI,leg,28,3,817.0,1,0,3,817.0,0.0011481603141874,2
subspace,CGI,leg,29,1,2952.0,2,1,3,2952.0,0.0011750470148399,2
subspace,CGI,leg,29,2,781.0,2,1,3,781.0,0.001307480270043,3
subspace,CGI,leg,29,3,369.0,1,0,3,369.0,0.0010036316234618,1
subspace,CGI,leg,34,1,858.0,2,1,2,858.0,0.0009165598312392,0
subspace,CGI,leg,34,2,2932.0,2,1,2,2932.0,0.0005567310145124,1
subspace,CGI,leg,35,1,586.0,1,0,3,586.0,0.0005578792770393,0
subspace,CGI,leg,35,2,317.0,2,1,3,317.0,0.0005401080125011,3
subspace,CGI,leg,35,3,405.0,1,0,3,405.0,0.0008951388881541,3
subspace,CGI,leg,35,4,2892.0,1,0,3,2892.0,0.000636878889054,4
subspace,CGI,leg,35,5,351.0,1,0,3,351.0,0.0007372145773842,3
subspace,CGI,leg,36,1,582.0,2,1,1,582.0,0.0006725373677909,2
subspace,CGI,leg,37,1,739.0,1,0,1,739.0,0.0006045730551704,4
subspace,CGI,leg,39,1,882.0,2,1,2,882.0,0.0007993035251274,1
subspace,CGI,leg,39,2,794.0,2,1,2,794.0,0.0008227482903748,0
subspace,CGI,leg,40,1,876.0,2,1,3,876.0,0.0007316285045817,3
subspace,CGI,leg,40,2,331.0,1,0,3,331.0,0.000510927173309,4
subspace,CGI,leg,40,3,805.0,2,1,3,805.0,0.0012536896392703,0
subspace,CGI,leg,40,4,786.0,2,1,3,786.0,0.0023886805865913,1
subspace,CGI,leg,40,5,402.0,1,0,3,402.0,0.0010923959780484,3
subspace,CGI,leg,40,6,742.0,1,0,3,742.0,0.000671925896313,0
subspace,CGI,leg,41,1,401.0,2,1,3,401.0,0.0006172159919515,4
subspace,CGI,leg,41,2,367.0,1,0,3,367.0,0.0007430274272337,1
subspace,CGI,leg,42,1,889.0,2,1,1,889.0,0.0013202285626903,2
subspace,CGI,leg,50,1,458.0,2,1,1,458.0,0.0005791489966213,4
subspace,CGI,leg,51,1,455.0,1,0,2,455.0,0.0006729073938913,3
subspace,CGI,leg,51,2,387.0,1,0,2,387.0,0.0007721832953393,0
subspace,CGI,leg,52,1,377.0,2,1,1,377.0,0.000702038349118,2
subspace,CGI,leg,53,1,450.0,1,0,2,450.0,0.0007035226444713,0
subspace,CGI,leg,54,1,462.0,1,0,3,462.0,0.0007780095329508,1
subspace,CGI,leg,54,2,431.0,2,1,3,431.0,0.0005329277482815,1
subspace,CGI,leg,54,3,327.0,2,1,3,327.0,0.0007787479553371,0
subspace,CGI,leg,55,1,443.0,3,1,1,443.0,0.0006398636614903,4
subspace,CGI,leg,56,1,459.0,1,0,1,459.0,0.0005105726304464,2
subspace,CGI,leg,57,1,736.0,2,1,1,736.0,0.0006199251511134,1
subspace,CGI,leg,58,1,611.0,1,0,2,611.0,0.0005234872805885,4
subspace,CGI,leg,58,2,579.0,1,0,2,579.0,0.0005550464848056,2
subspace,CGI,leg,59,1,6013.0,1,0,3,6013.0,0.000851207296364,0
subspace,CGI,leg,59,2,763.0,2,1,3,763.0,0.0021909377537667,1
subspace,CGI,leg,59,3,820.0,1,0,3,820.0,0.0011154323583468,3
subspace,CGI,leg,59,4,8001.0,1,0,3,8001.0,0.0008462409023195,4
subspace,CGI,leg,59,5,434.0,2,1,3,434.0,0.0005240108584985,1
subspace,CGI,leg,60,1,586.0,1,0,3,586.0,0.0005108367186039,0
subspace,CGI,leg,60,2,413.0,2,1,3,413.0,0.0008079625549726,2
subspace,CGI,leg,60,3,333.0,2,1,3,333.0,0.0009669213904999,3
subspace,CGI,leg,60,4,886.0,2,1,3,886.0,0.001194471027702,3
subspace,CGI,leg,60,5,407.0,2,1,3,407.0,0.0008561153663322,4
subspace,CGI,leg,60,6,380.0,1,0,3,380.0,0.0008943417342379,0
subspace,CGI,leg,60,7,583.0,2,1,3,583.0,0.0010132493916898,1
subspace,CGI,leg,61,1,575.0,1,0,1,575.0,0.0006697608623653,4
subspace,CGI,leg,62,1,419.0,1,0,3,419.0,0.0004895522724837,1
subspace,CGI,leg,62,2,441.0,1,0,3,441.0,0.0008045382564887,0
subspace,CGI,leg,62,3,732.0,2,1,3,732.0,0.0006744615966454,2
subspace,CGI,leg,63,1,867.0,2,1,3,867.0,0.0009343742858618,0
subspace,CGI,leg,63,2,6012.0,1,0,3,6012.0,0.0003773150674533,3
subspace,CGI,leg,63,3,823.0,2,1,3,823.0,0.0007329655345529,3
subspace,CGI,leg,63,4,318.0,1,0,3,318.0,0.0005517171812243,2
subspace,CGI,leg,63,5,2880.0,2,1,3,2880.0,0.0005930079496465,0
subspace,CGI,leg,65,1,2925.0,1,0,2,2925.0,0.0010841058101505,3
subspace,CGI,leg,65,2,311.0,2,1,2,311.0,0.0003434215323068,4
subspace,CGI,leg,66,1,772.0,3,1,3,772.0,0.0035803820937871,1
subspace,CGI,leg,66,2,411.0,1,0,3,411.0,0.0007925113313831,3
subspace,CGI,leg,66,3,306.0,2,1,3,306.0,0.0011599956778809,2
subspace,CGI,leg,66,4,330.0,2,1,3,330.0,0.0006122285267338,3
subspace,CGI,leg,67,1,403.0,1,0,2,403.0,0.0005484620342031,4
subspace,CGI,leg,67,2,409.0,1,0,2,409.0,0.0008418679935857,2
subspace,CGI,leg,67,3,8007.0,2,1,2,8007.0,0.0006565701914951,3
subspace,CGI,leg,67,4,8003.0,2,1,2,8003.0,0.0006693474715575,3
subspace,CGI,leg,69,1,304.0,2,1,3,304.0,0.0013175327330827,1
subspace,CGI,leg,69,2,422.0,2,1,3,422.0,0.0008290853002108,4
subspace,CGI,leg,70,1,768.0,2,1,1,768.0,0.0007468425901606,0
subspace,CGI,leg,71,1,1500.0,1,0,3,1500.0,0.0007333211833611,1
subspace,CGI,leg,71,2,305.0,2,1,3,305.0,0.0009535020217299,0
subspace,CGI,leg,71,3,418.0,2,1,3,418.0,0.0011002268875017,0
subspace,CGI,leg,71,4,744.0,2,1,3,744.0,0.0006165915401652,2
subspace,CGI,leg,71,5,883.0,1,0,3,883.0,0.000509891542606,2
subspace,CGI,leg,71,6,375.0,1,0,3,375.0,0.0005782591179013,0
subspace,CGI,leg,71,7,543.0,2,1,3,543.0,0.0010516638867557,3
subspace,CGI,leg,72,1,352.0,2,1,1,352.0,0.0005644508055411,3
subspace,CGI,leg,73,1,426.0,2,1,2,426.0,0.0008027557050809,2
subspace,CGI,leg,73,2,423.0,1,0,2,423.0,0.0008844061521813,3
subspace,CGI,leg,73,3,336.0,2,1,2,336.0,0.0005805675173178,2
subspace,CGI,leg,73,4,2917.0,2,1,2,2917.0,0.0005138572887517,3
subspace,CGI,leg,73,5,417.0,2,1,2,417.0,0.0007400883478112,1
subspace,CGI,leg,74,1,433.0,1,0,1,433.0,0.0008055431535467,0
subspace,CGI,leg,76,1,372.0,1,0,1,372.0,0.0006691315211355,4
subspace,CGI,leg,77,1,549.0,1,0,2,549.0,0.0009628967382013,2
subspace,CGI,leg,77,2,365.0,1,0,2,365.0,0.0004809021484106,2
subspace,CGI,leg,79,1,472.0,2,1,3,472.0,0.0014321331400424,4
subspace,CGI,leg,79,2,406.0,3,1,3,406.0,0.0014809877611696,2
subspace,CGI,leg,79,3,873.0,1,0,3,873.0,0.0049886177293956,4
subspace,CGI,leg,80,1,383.0,1,0,3,383.0,0.0005637601716443,1
subspace,CGI,leg,80,2,739.0,1,0,3,739.0,0.0007819171296432,4
subspace,CGI,leg,80,3,889.0,2,1,3,889.0,0.000593262957409,2
subspace,CGI,leg,80,4,305.0,2,1,3,305.0,0.001091715414077,0
subspace,CGI,leg,82,1,338.0,1,0,3,338.0,0.0006932709366083,2
subspace,CGI,leg,82,2,407.0,2,1,3,407.0,0.0008615887491032,4
subspace,CGI,leg,82,3,350.0,1,0,3,350.0,0.0007496509933844,1
subspace,CGI,leg,82,4,441.0,1,0,3,441.0,0.0005687535740435,0
subspace,CGI,leg,82,5,464.0,1,0,3,464.0,0.0005319889169186,1
subspace,CGI,leg,82,6,423.0,1,0,3,423.0,0.0009934027912095,3
subspace,CGI,leg,84,1,613.0,2,1,1,613.0,0.0006138380267657,2
subspace,CGI,leg,85,1,457.0,1,0,3,457.0,0.0006298072985373,2
subspace,CGI,leg,85,2,366.0,1,0,3,366.0,0.000531114230398,2
subspace,CGI,leg,85,3,448.0,1,0,3,448.0,0.0004621960688382,3
subspace,CGI,leg,85,4,434.0,2,1,3,434.0,0.0005488842725753,1
subspace,CGI,leg,85,5,583.0,2,1,3,583.0,0.0006181269418448,1
subspace,CGI,leg,85,6,419.0,1,0,3,419.0,0.0007487532566301,1
subspace,CGI,leg,86,1,6012.0,2,1,1,6012.0,0.000738515635021,3
subspace,CGI,leg,87,1,763.0,2,1,2,763.0,0.0023869206197559,1
subspace,CGI,leg,88,1,820.0,2,1,3,820.0,0.0004473658336792,3
subspace,CGI,leg,88,2,467.0,2,1,3,467.0,0.0006515875575132,0
subspace,CGI,leg,88,3,801.0,2,1,3,801.0,0.0011170695070177,1
subspace,CGI,leg,88,4,1458.0,1,0,3,1458.0,0.0005472019547596,4
subspace,CGI,leg,89,1,411.0,2,1,3,411.0,0.0010215891525149,3
subspace,CGI,leg,89,2,426.0,2,1,3,426.0,0.0005023436388,2
subspace,CGI,leg,89,3,886.0,1,0,3,886.0,0.0005793949239887,3
subspace,CGI,leg,89,4,775.0,1,0,3,775.0,0.0008235783316195,4
subspace,CGI,leg,90,1,458.0,2,1,3,458.0,0.0012366860173642,4
subspace,CGI,leg,90,2,422.0,1,0,3,422.0,0.001980033237487,4
subspace,CGI,leg,90,3,452.0,1,0,3,452.0,0.0006667315028607,4
subspace,CGI,leg,90,4,413.0,1,0,3,413.0,0.0007568219443783,2
subspace,CGI,leg,94,1,333.0,2,1,1,333.0,0.0012929213698953,3
subspace,CGI,leg,96,1,1500.0,1,0,3,1500.0,0.0004996875068172,1
subspace,CGI,leg,96,2,375.0,2,1,3,375.0,0.0005616655689664,0
subspace,CGI,leg,96,3,418.0,2,1,3,418.0,0.0008094303193502,0
subspace,CGI,leg,96,4,732.0,1,0,3,732.0,0.0006721142563037,2
subspace,CGI,leg,97,1,586.0,3,1,3,586.0,0.0014981551794335,0
subspace,CGI,leg,97,2,417.0,1,0,3,417.0,0.0009952581021934,1
subspace,CGI,leg,97,3,883.0,3,1,3,883.0,0.0018867920152842,2
subspace,CGI,leg,97,4,336.0,1,0,3,336.0,0.0015414941590279,2
subspace,CGI,leg,98,1,407.0,2,1,2,407.0,0.0024266634136438,4
subspace,CGI,leg,98,2,441.0,1,0,2,441.0,0.0007613126072101,0
subspace,CGI,leg,99,1,464.0,1,0,3,464.0,0.0006352178170345,1
subspace,CGI,leg,99,2,366.0,1,0,3,366.0,0.0007692241342738,2
subspace,CGI,leg,99,3,418.0,2,1,3,418.0,0.0009586630039848,0
subspace,CGI,leg,99,4,434.0,2,1,3,434.0,0.0007169478340074,1
subspace,CGI,leg,100,1,6012.0,2,1,2,6012.0,0.0005098433466628,3
subspace,CGI,leg,100,2,6013.0,2,1,2,6013.0,0.0017136638052761,0
subspace,CGI,leg,102,1,426.0,2,1,2,426.0,0.0009366684244014,2
subspace,CGI,leg,102,2,425.0,1,0,2,425.0,0.0006703663384541,2
subspace,CGI,leg,104,1,458.0,2,1,3,458.0,0.0007840860635042,4
subspace,CGI,leg,104,2,422.0,2,1,3,422.0,0.0004589552409015,4
subspace,CGI,leg,104,3,611.0,1,0,3,611.0,0.0003673154860734,4
subspace,CGI,leg,104,4,8007.0,1,0,3,8007.0,0.0004121687961742,3
subspace,CGI,leg,105,1,328.0,1,0,2,328.0,0.0005672601982951,4
subspace,CGI,leg,105,2,380.0,2,1,2,380.0,0.0006580334156751,0
subspace,CGI,leg,106,1,1500.0,2,1,3,1500.0,0.0005021686665713,1
subspace,CGI,leg,106,2,420.0,1,0,3,420.0,0.0026185035239905,4
subspace,CGI,leg,106,3,895.0,1,0,3,895.0,0.0009119246387854,2
subspace,CGI,leg,106,4,744.0,1,0,3,744.0,0.0008150744833983,2
subspace,CGI,leg,107,1,6010.0,1,0,2,6010.0,0.001486619701609,4
subspace,CGI,leg,107,2,459.0,1,0,2,459.0,0.0020100262481719,2
subspace,CGI,leg,108,1,311.0,2,1,3,311.0,0.0004507825069595,4
subspace,CGI,leg,108,2,448.0,1,0,3,448.0,0.0006001814035698,3
subspace,CGI,leg,108,3,350.0,2,1,3,350.0,0.0009562191553413,1
subspace,CGI,leg,108,4,2880.0,2,1,3,2880.0,0.0006394101656042,0
subspace,CGI,leg,108,5,318.0,1,0,3,318.0,0.0005775102763436,2
subspace,CGI,leg,109,1,2917.0,2,1,2,2917.0,0.0006801096023991,3
subspace,CGI,leg,109,2,307.0,2,1,2,307.0,0.0008917371742427,1
subspace,CGI,leg,109,3,413.0,1,0,2,413.0,0.0004536881169769,2
subspace,CGI,leg,110,1,1446.0,1,0,1,1446.0,0.0004208876634947,1
subspace,CGI,leg,111,1,443.0,2,1,2,443.0,0.0004256159299984,4
subspace,CGI,leg,111,2,421.0,2,1,2,421.0,0.0004229597980156,3
subspace,CGI,leg,112,1,409.0,2,1,1,409.0,0.0005620419979095,2
subspace,CGI,leg,113,1,333.0,2,1,3,333.0,0.001089893747121,3
subspace,CGI,leg,113,2,375.0,1,0,3,375.0,0.000541431014426,0
subspace,CGI,leg,113,3,370.0,2,1,3,370.0,0.0004991663154214,0
subspace,CGI,leg,113,4,820.0,2,1,3,820.0,0.0005577402189373,3
subspace,CGI,leg,113,5,883.0,1,0,3,883.0,0.0003845121827907,2
subspace,CGI,leg,114,1,586.0,1,0,1,586.0,0.000689955544658,0
subspace,CGI,leg,115,1,336.0,2,1,2,336.0,0.0004902759101241,2
subspace,CGI,leg,115,2,732.0,2,1,2,732.0,0.000486290839035,2
subspace,CGI,leg,116,1,423.0,2,1,3,423.0,0.0007339749718084,3
subspace,CGI,leg,116,2,419.0,1,0,3,419.0,0.000517809879966,1
subspace,CGI,leg,117,1,2952.0,2,1,2,2952.0,0.000657245516777,2
subspace,CGI,leg,117,2,417.0,2,1,2,417.0,0.0006074582925066,1
subspace,CGI,leg,118,1,352.0,1,0,3,352.0,0.0004680342390201,3
subspace,CGI,leg,118,2,304.0,2,1,3,304.0,0.0008941624546423,1
subspace,CGI,leg,118,3,433.0,2,1,3,433.0,0.000696669681929,0
subspace,CGI,leg,118,4,768.0,1,0,3,768.0,0.0007854415453039,0
subspace,FDEI,full,1,1,582.0,2,1,2,582.0,0.0003492721298243,2
subspace,FDEI,full,1,2,403.0,2,1,2,403.0,0.0004293726233299,4
subspace,FDEI,full,2,1,578.0,1,0,2,578.0,0.0003324820427224,3
subspace,FDEI,full,2,2,603.0,1,0,2,603.0,0.0004252814978826,3
subspace,FDEI,full,3,1,431.0,1,0,2,431.0,0.0002344419335713,1
subspace,FDEI,full,3,2,555.0,2,1,2,555.0,0.0004925118992105,0
subspace,FDEI,full,3,3,766.0,2,1,2,766.0,0.000321847415762,3
subspace,FDEI,full,4,1,550.0,1,0,2,550.0,0.0003849843633361,0
subspace,FDEI,full,4,2,419.0,1,0,2,419.0,0.0003167989198118,1
subspace,FDEI,full,6,1,416.0,1,0,1,416.0,0.0008368669077754,0
subspace,FDEI,full,7,1,568.0,1,0,3,568.0,0.0002876935177482,3
subspace,FDEI,full,7,2,,1,0,3,unknown,0.0004814055282622,1
subspace,FDEI,full,7,3,411.0,2,1,3,411.0,0.0002140449068974,3
subspace,FDEI,full,8,1,319.0,1,0,3,319.0,0.0003386292955838,1
subspace,FDEI,full,8,2,325.0,1,0,3,325.0,0.0002812660532072,4
subspace,FDEI,full,8,3,344.0,2,1,3,344.0,0.0003298474475741,0
subspace,FDEI,full,8,4,322.0,2,1,3,322.0,0.0008260253234766,0
subspace,FDEI,full,9,1,891.0,1,0,1,891.0,0.0003791735507547,4
subspace,FDEI,full,10,1,566.0,1,0,2,566.0,0.0004048740083817,4
subspace,FDEI,full,10,2,743.0,2,1,2,743.0,0.000424731784733,3
subspace,FDEI,full,10,3,2928.0,1,0,2,2928.0,0.0002602458698675,2
subspace,FDEI,full,11,1,755.0,1,0,3,755.0,0.0006494823028333,4
subspace,FDEI,full,11,2,884.0,2,1,3,884.0,0.0007188990712165,4
subspace,FDEI,full,11,3,739.0,2,1,3,739.0,0.0005203878972679,4
subspace,FDEI,full,11,4,554.0,2,1,3,554.0,0.0003535235882736,1
subspace,FDEI,full,11,5,313.0,1,0,3,313.0,0.0002220087044406,0
subspace,FDEI,full,11,6,890.0,1,0,3,890.0,0.0005874552298337,0
subspace,FDEI,full,11,7,328.0,2,1,3,328.0,0.0003998450119979,4
subspace,FDEI,full,11,8,373.0,1,0,3,373.0,0.0003629233106039,3
subspace,FDEI,full,12,1,879.0,1,0,2,879.0,0.0006528555531986,2
subspace,FDEI,full,12,2,826.0,2,1,2,826.0,0.0010152175091207,1
subspace,FDEI,full,13,1,884.0,3,1,1,884.0,0.0004272422520443,4
subspace,FDEI,full,14,1,1450.0,2,1,3,1450.0,0.0005029139574617,0
subspace,FDEI,full,14,2,865.0,2,1,3,865.0,0.0007789812516421,1
subspace,FDEI,full,14,3,339.0,2,1,3,339.0,0.0013867588713765,1
subspace,FDEI,full,14,4,301.0,1,0,3,301.0,0.0005289922701194,4
subspace,FDEI,full,14,5,328.0,2,1,3,328.0,0.0003774115466512,4
subspace,FDEI,full,14,6,817.0,1,0,3,817.0,0.0003337714006192,2
subspace,FDEI,full,15,1,775.0,2,1,1,775.0,0.0007005018414929,4
subspace,FDEI,full,16,1,319.0,1,0,1,319.0,0.000324298889609,1
subspace,FDEI,full,17,1,825.0,2,1,1,825.0,0.0003734450438059,2
subspace,FDEI,full,18,1,313.0,1,0,3,313.0,0.0004235446103848,0
subspace,FDEI,full,18,2,818.0,2,1,3,818.0,0.0003574831935111,4
subspace,FDEI,full,18,3,894.0,2,1,3,894.0,0.0002526027383282,3
subspace,FDEI,full,18,4,345.0,1,0,3,345.0,0.0008428567671217,4
subspace,FDEI,full,19,1,369.0,2,1,1,369.0,0.000528281670995,1
subspace,FDEI,full,20,1,769.0,2,1,2,769.0,0.0008719542529433,2
subspace,FDEI,full,20,2,997.0,1,0,2,997.0,0.0003406920004636,1
subspace,FDEI,full,21,1,408.0,1,0,3,408.0,0.0003858729614876,1
subspace,FDEI,full,21,2,785.0,2,1,3,785.0,0.0003665778785943,2
subspace,FDEI,full,21,3,2892.0,1,0,3,2892.0,0.0002615093253552,4
subspace,FDEI,full,22,1,331.0,1,0,3,331.0,0.0002355862525291,4
subspace,FDEI,full,22,2,743.0,2,1,3,743.0,0.0003590057021938,3
subspace,FDEI,full,22,3,437.0,1,0,3,437.0,0.0002985026803798,1
subspace,FDEI,full,22,4,6003.0,1,0,3,6003.0,0.0002379527431912,0
subspace,FDEI,full,22,5,350.0,2,1,3,350.0,0.0005994175444357,1
subspace,FDEI,full,22,6,858.0,2,1,3,858.0,0.0003686078998725,0
subspace,FDEI,full,23,1,568.0,1,0,2,568.0,0.0004125621344428,3
subspace,FDEI,full,23,2,302.0,1,0,2,302.0,0.0007309290813282,3
subspace,FDEI,full,24,1,566.0,1,0,1,566.0,0.0004613985074684,4
subspace,FDEI,full,27,1,405.0,2,1,3,405.0,0.0006094332784414,3
subspace,FDEI,full,27,2,317.0,2,1,3,317.0,0.0003852948721032,3
subspace,FDEI,full,27,3,8006.0,1,0,3,8006.0,0.0004681004793383,2
subspace,FDEI,full,27,4,2941.0,2,1,3,2941.0,0.0003789479960687,0
subspace,FDEI,full,27,5,774.0,2,1,3,774.0,0.0004752047825604,0
subspace,FDEI,full,27,6,327.0,2,1,3,327.0,0.0004198311362415,0
subspace,FDEI,full,27,7,584.0,2,1,3,584.0,0.000690234825015,1
subspace,FDEI,full,27,8,550.0,1,0,3,550.0,0.0004675791133195,0
subspace,FDEI,full,27,9,779.0,1,0,3,779.0,0.0004058883641846,4
subspace,FDEI,full,28,1,313.0,1,0,3,313.0,0.0003544512728694,0
subspace,FDEI,full,28,2,826.0,2,1,3,826.0,0.0004715136019513,1
subspace,FDEI,full,28,3,817.0,1,0,3,817.0,0.0003914913395419,2
subspace,FDEI,full,29,1,2952.0,2,1,3,2952.0,0.0005661980248987,2
subspace,FDEI,full,29,2,781.0,2,1,3,781.0,0.0005691095720976,3
subspace,FDEI,full,29,3,369.0,1,0,3,369.0,0.0004358093719929,1
subspace,FDEI,full,34,1,858.0,2,1,2,858.0,0.0004703137092292,0
subspace,FDEI,full,34,2,2932.0,2,1,2,2932.0,0.000313429714879,1
subspace,FDEI,full,35,1,586.0,1,0,3,586.0,0.000352553994162,0
subspace,FDEI,full,35,2,317.0,2,1,3,317.0,0.000346117594745,3
subspace,FDEI,full,35,3,405.0,1,0,3,405.0,0.000513594946824,3
subspace,FDEI,full,35,4,2892.0,1,0,3,2892.0,0.0002545772586017,4
subspace,FDEI,full,35,5,351.0,1,0,3,351.0,0.0002360397775191,3
subspace,FDEI,full,36,1,582.0,2,1,1,582.0,0.0005007017753086,2
subspace,FDEI,full,37,1,739.0,1,0,1,739.0,0.0003319347160868,4
subspace,FDEI,full,39,1,882.0,2,1,2,882.0,0.0004911598516628,1
subspace,FDEI,full,39,2,794.0,2,1,2,794.0,0.0004109272849746,0
subspace,FDEI,full,40,1,876.0,2,1,3,876.0,0.0002572311786934,3
subspace,FDEI,full,40,2,331.0,1,0,3,331.0,0.0004092914459761,4
subspace,FDEI,full,40,3,805.0,2,1,3,805.0,0.0004995318595319,0
subspace,FDEI,full,40,4,786.0,2,1,3,786.0,0.0007446577074006,1
subspace,FDEI,full,40,5,402.0,1,0,3,402.0,0.0003928091027773,3
subspace,FDEI,full,40,6,742.0,1,0,3,742.0,0.0003013789537362,0
subspace,FDEI,full,41,1,401.0,2,1,3,401.0,0.0002844602859113,4
subspace,FDEI,full,41,2,367.0,1,0,3,367.0,0.0003211507573723,1
subspace,FDEI,full,42,1,889.0,2,1,1,889.0,0.0004381476901471,2
subspace,FDEI,full,50,1,458.0,2,1,1,458.0,0.0003160263295285,4
subspace,FDEI,full,51,1,455.0,1,0,2,455.0,0.0003436991246417,3
subspace,FDEI,full,51,2,387.0,1,0,2,387.0,0.0003138614702038,0
subspace,FDEI,full,52,1,377.0,2,1,1,377.0,0.0002916639787144,2
subspace,FDEI,full,53,1,450.0,1,0,2,450.0,0.0003165845992043,0
subspace,FDEI,full,54,1,462.0,1,0,3,462.0,0.000380098063033,1
subspace,FDEI,full,54,2,431.0,2,1,3,431.0,0.0003408306511119,1
subspace,FDEI,full,54,3,327.0,2,1,3,327.0,0.0004061045474372,0
subspace,FDEI,full,55,1,443.0,3,1,1,443.0,0.0003675700281746,4
subspace,FDEI,full,56,1,459.0,1,0,1,459.0,0.0004037647740915,2
subspace,FDEI,full,57,1,736.0,2,1,1,736.0,0.0002884766436181,1
subspace,FDEI,full,58,1,611.0,1,0,2,611.0,0.0003053355030715,4
subspace,FDEI,full,58,2,579.0,1,0,2,579.0,0.0003312027547508,2
subspace,FDEI,full,59,1,6013.0,1,0,3,6013.0,0.000383055768907,0
subspace,FDEI,full,59,2,763.0,2,1,3,763.0,0.0026246805209666,1
subspace,FDEI,full,59,3,820.0,1,0,3,820.0,0.0008511886117048,3
subspace,FDEI,full,59,4,8001.0,1,0,3,8001.0,0.0003245859406888,4
subspace,FDEI,full,59,5,434.0,2,1,3,434.0,0.0002311042480869,1
subspace,FDEI,full,60,1,586.0,1,0,3,586.0,0.0003301661927253,0
subspace,FDEI,full,60,2,413.0,2,1,3,413.0,0.0003078535664826,2
subspace,FDEI,full,60,3,333.0,2,1,3,333.0,0.0004186230944469,3
subspace,FDEI,full,60,4,886.0,2,1,3,886.0,0.0005142979207448,3
subspace,FDEI,full,60,5,407.0,2,1,3,407.0,0.0002955830423161,4
subspace,FDEI,full,60,6,380.0,1,0,3,380.0,0.0003686848795041,0
subspace,FDEI,full,60,7,583.0,2,1,3,583.0,0.0004249342600814,1
subspace,FDEI,full,61,1,575.0,1,0,1,575.0,0.0003302528057247,4
subspace,FDEI,full,62,1,419.0,1,0,3,419.0,0.0003578194591682,1
subspace,FDEI,full,62,2,441.0,1,0,3,441.0,0.000456039677374,0
subspace,FDEI,full,62,3,732.0,2,1,3,732.0,0.0002787162957247,2
subspace,FDEI,full,63,1,867.0,2,1,3,867.0,0.000550351338461,0
subspace,FDEI,full,63,2,6012.0,1,0,3,6012.0,0.000175872555701,3
subspace,FDEI,full,63,3,823.0,2,1,3,823.0,0.0006401918362826,3
subspace,FDEI,full,63,4,318.0,1,0,3,318.0,0.0004020037595182,2
subspace,FDEI,full,63,5,2880.0,2,1,3,2880.0,0.0002877528022509,0
subspace,FDEI,full,65,1,2925.0,1,0,2,2925.0,0.0002618027792777,3
subspace,FDEI,full,65,2,311.0,2,1,2,311.0,0.0003096199361607,4
subspace,FDEI,full,66,1,772.0,3,1,3,772.0,0.001161148189567,1
subspace,FDEI,full,66,2,411.0,1,0,3,411.0,0.0002668349770829,3
subspace,FDEI,full,66,3,306.0,2,1,3,306.0,0.0006007571355439,2
subspace,FDEI,full,66,4,330.0,2,1,3,330.0,0.0003077622386626,3
subspace,FDEI,full,67,1,403.0,1,0,2,403.0,0.0003131364355795,4
subspace,FDEI,full,67,2,409.0,1,0,2,409.0,0.0011108623584732,2
subspace,FDEI,full,67,3,8007.0,2,1,2,8007.0,0.0004800616879947,3
subspace,FDEI,full,67,4,8003.0,2,1,2,8003.0,0.000388310640119,3
subspace,FDEI,full,69,1,304.0,2,1,3,304.0,0.0006812150822952,1
subspace,FDEI,full,69,2,422.0,2,1,3,422.0,0.0003571241977624,4
subspace,FDEI,full,70,1,768.0,2,1,1,768.0,0.0004265570896677,0
subspace,FDEI,full,71,1,1500.0,1,0,3,1500.0,0.0002446748840156,1
subspace,FDEI,full,71,2,305.0,2,1,3,305.0,0.0003157518221996,0
subspace,FDEI,full,71,3,418.0,2,1,3,418.0,0.0003845524915959,0
subspace,FDEI,full,71,4,744.0,2,1,3,744.0,0.0002574754762463,2
subspace,FDEI,full,71,5,883.0,1,0,3,883.0,0.000272517761914,2
subspace,FDEI,full,71,6,375.0,1,0,3,375.0,0.0002661832259036,0
subspace,FDEI,full,71,7,543.0,2,1,3,543.0,0.0004176432266831,3
subspace,FDEI,full,72,1,352.0,2,1,1,352.0,0.0004163228149991,3
subspace,FDEI,full,73,1,426.0,2,1,2,426.0,0.0003723372647073,2
subspace,FDEI,full,73,2,423.0,1,0,2,423.0,0.0002860280801542,3
subspace,FDEI,full,73,3,336.0,2,1,2,336.0,0.0004312833189032,2
subspace,FDEI,full,73,4,2917.0,2,1,2,2917.0,0.0002282493805978,3
subspace,FDEI,full,73,5,417.0,2,1,2,417.0,0.0004180228279437,1
subspace,FDEI,full,74,1,433.0,1,0,1,433.0,0.0002477559610269,0
subspace,FDEI,full,76,1,372.0,1,0,1,372.0,0.0002702188794501,4
subspace,FDEI,full,77,1,549.0,1,0,2,549.0,0.0003940898459404,2
subspace,FDEI,full,77,2,365.0,1,0,2,365.0,0.000243957634666,2
subspace,FDEI,full,79,1,472.0,2,1,3,472.0,0.000428019760875,4
subspace,FDEI,full,79,2,406.0,3,1,3,406.0,0.0004751592641696,2
subspace,FDEI,full,79,3,873.0,1,0,3,873.0,0.0010673755314201,4
subspace,FDEI,full,80,1,383.0,1,0,3,383.0,0.0003741935361176,1
subspace,FDEI,full,80,2,739.0,1,0,3,739.0,0.000275858794339,4
subspace,FDEI,full,80,3,889.0,2,1,3,889.0,0.0002204344054916,2
subspace,FDEI,full,80,4,305.0,2,1,3,305.0,0.0007088460261002,0
subspace,FDEI,full,82,1,338.0,1,0,3,338.0,0.0002275645674671,2
subspace,FDEI,full,82,2,407.0,2,1,3,407.0,0.0002890570031013,4
subspace,FDEI,full,82,3,350.0,1,0,3,350.0,0.0007325862534344,1
subspace,FDEI,full,82,4,441.0,1,0,3,441.0,0.0002354091557208,0
subspace,FDEI,full,82,5,464.0,1,0,3,464.0,0.0004527667770162,1
subspace,FDEI,full,82,6,423.0,1,0,3,423.0,0.0004003196954727,3
subspace,FDEI,full,84,1,613.0,2,1,1,613.0,0.0003148075193166,2
subspace,FDEI,full,85,1,457.0,1,0,3,457.0,0.0002456567890476,2
subspace,FDEI,full,85,2,366.0,1,0,3,366.0,0.000283190223854,2
subspace,FDEI,full,85,3,448.0,1,0,3,448.0,0.0002497305686119,3
subspace,FDEI,full,85,4,434.0,2,1,3,434.0,0.0002253065031254,1
subspace,FDEI,full,85,5,583.0,2,1,3,583.0,0.0002491834165994,1
subspace,FDEI,full,85,6,419.0,1,0,3,419.0,0.0003429445205256,1
subspace,FDEI,full,86,1,6012.0,2,1,1,6012.0,0.0002494990476407,3
subspace,FDEI,full,87,1,763.0,2,1,2,763.0,0.0008080929983407,1
subspace,FDEI,full,88,1,820.0,2,1,3,820.0,0.0002476673980709,3
subspace,FDEI,full,88,2,467.0,2,1,3,467.0,0.000278566905763,0
subspace,FDEI,full,88,3,801.0,2,1,3,801.0,0.000299853272736,1
subspace,FDEI,full,88,4,1458.0,1,0,3,1458.0,0.0003254782641306,4
subspace,FDEI,full,89,1,411.0,2,1,3,411.0,0.000282711640466,3
subspace,FDEI,full,89,2,426.0,2,1,3,426.0,0.0002657418663147,2
subspace,FDEI,full,89,3,886.0,1,0,3,886.0,0.0002658636076375,3
subspace,FDEI,full,89,4,775.0,1,0,3,775.0,0.0003238451026845,4
subspace,FDEI,full,90,1,458.0,2,1,3,458.0,0.0004098992794752,4
subspace,FDEI,full,90,2,422.0,1,0,3,422.0,0.0003948149096686,4
subspace,FDEI,full,90,3,452.0,1,0,3,452.0,0.0003039165749214,4
subspace,FDEI,full,90,4,413.0,1,0,3,413.0,0.0002703356440179,2
subspace,FDEI,full,94,1,333.0,2,1,1,333.0,0.0004067803965881,3
subspace,FDEI,full,96,1,1500.0,1,0,3,1500.0,0.0001842440688051,1
subspace,FDEI,full,96,2,375.0,2,1,3,375.0,0.000204988013138,0
subspace,FDEI,full,96,3,418.0,2,1,3,418.0,0.0003445211914367,0
subspace,FDEI,full,96,4,732.0,1,0,3,732.0,0.0002635931014083,2
subspace,FDEI,full,97,1,586.0,3,1,3,586.0,0.0003760765539482,0
subspace,FDEI,full,97,2,417.0,1,0,3,417.0,0.0005484817083925,1
subspace,FDEI,full,97,3,883.0,3,1,3,883.0,0.0007287329062819,2
subspace,FDEI,full,97,4,336.0,1,0,3,336.0,0.0007174380589276,2
subspace,FDEI,full,98,1,407.0,2,1,2,407.0,0.0006183455698192,4
subspace,FDEI,full,98,2,441.0,1,0,2,441.0,0.0003216856275685,0
subspace,FDEI,full,99,1,464.0,1,0,3,464.0,0.000262697256403,1
subspace,FDEI,full,99,2,366.0,1,0,3,366.0,0.0003378916007932,2
subspace,FDEI,full,99,3,418.0,2,1,3,418.0,0.0003243307291995,0
subspace,FDEI,full,99,4,434.0,2,1,3,434.0,0.0002255524595966,1
subspace,FDEI,full,100,1,6012.0,2,1,2,6012.0,0.000285897986032,3
subspace,FDEI,full,100,2,6013.0,2,1,2,6013.0,0.0006549494573846,0
subspace,FDEI,full,102,1,426.0,2,1,2,426.0,0.0003363302676007,2
subspace,FDEI,full,102,2,425.0,1,0,2,425.0,0.0002808503049891,2
subspace,FDEI,full,104,1,458.0,2,1,3,458.0,0.0003944527707062,4
subspace,FDEI,full,104,2,422.0,2,1,3,422.0,0.0002749209525063,4
subspace,FDEI,full,104,3,611.0,1,0,3,611.0,0.0001943609386216,4
subspace,FDEI,full,104,4,8007.0,1,0,3,8007.0,0.0001840258191805,3
subspace,FDEI,full,105,1,328.0,1,0,2,328.0,0.000206824435736,4
subspace,FDEI,full,105,2,380.0,2,1,2,380.0,0.0003346054290886,0
subspace,FDEI,full,106,1,1500.0,2,1,3,1500.0,0.0002777059271465,1
subspace,FDEI,full,106,2,420.0,1,0,3,420.0,0.0010077558690682,4
subspace,FDEI,full,106,3,895.0,1,0,3,895.0,0.0003321240656077,2
subspace,FDEI,full,106,4,744.0,1,0,3,744.0,0.0002930281334556,2
subspace,FDEI,full,107,1,6010.0,1,0,2,6010.0,0.0005107617471367,4
subspace,FDEI,full,107,2,459.0,1,0,2,459.0,0.0005726451054215,2
subspace,FDEI,full,108,1,311.0,2,1,3,311.0,0.0002667691151145,4
subspace,FDEI,full,108,2,448.0,1,0,3,448.0,0.0003091960097663,3
subspace,FDEI,full,108,3,350.0,2,1,3,350.0,0.0003236297052353,1
subspace,FDEI,full,108,4,2880.0,2,1,3,2880.0,0.0002754247398115,0
subspace,FDEI,full,108,5,318.0,1,0,3,318.0,0.0002533571096137,2
subspace,FDEI,full,109,1,2917.0,2,1,2,2917.0,0.0004799482412636,3
subspace,FDEI,full,109,2,307.0,2,1,2,307.0,0.0004568573785945,1
subspace,FDEI,full,109,3,413.0,1,0,2,413.0,0.0002518341643735,2
subspace,FDEI,full,110,1,1446.0,1,0,1,1446.0,0.0003415353712625,1
subspace,FDEI,full,111,1,443.0,2,1,2,443.0,0.0002391694579273,4
subspace,FDEI,full,111,2,421.0,2,1,2,421.0,0.0003482745378278,3
subspace,FDEI,full,112,1,409.0,2,1,1,409.0,0.0005046412115916,2
subspace,FDEI,full,113,1,333.0,2,1,3,333.0,0.0003351770574226,3
subspace,FDEI,full,113,2,375.0,1,0,3,375.0,0.0001889536506496,0
subspace,FDEI,full,113,3,370.0,2,1,3,370.0,0.0002753686276264,0
subspace,FDEI,full,113,4,820.0,2,1,3,820.0,0.000310524192173,3
subspace,FDEI,full,113,5,883.0,1,0,3,883.0,0.0002840875240508,2
subspace,FDEI,full,114,1,586.0,1,0,1,586.0,0.000240736422711,0
subspace,FDEI,full,115,1,336.0,2,1,2,336.0,0.0002879598177969,2
subspace,FDEI,full,115,2,732.0,2,1,2,732.0,0.0002713009889703,2
subspace,FDEI,full,116,1,423.0,2,1,3,423.0,0.0005317406030371,3
subspace,FDEI,full,116,2,419.0,1,0,3,419.0,0.00018576104776,1
subspace,FDEI,full,117,1,2952.0,2,1,2,2952.0,0.0004349223163444,2
subspace,FDEI,full,117,2,417.0,2,1,2,417.0,0.0004435658047441,1
subspace,FDEI,full,118,1,352.0,1,0,3,352.0,0.000236670312006,3
subspace,FDEI,full,118,2,304.0,2,1,3,304.0,0.0003221888036932,1
subspace,FDEI,full,118,3,433.0,2,1,3,433.0,0.0003279107331763,0
subspace,FDEI,full,118,4,768.0,1,0,3,768.0,0.0004459313349798,0
subspace,FDEI,leg,1,1,582.0,2,1,2,582.0,0.0001500960352132,2
subspace,FDEI,leg,1,2,403.0,2,1,2,403.0,0.000132488188683,4
subspace,FDEI,leg,2,1,578.0,1,0,2,578.0,0.0001145183268818,3
subspace,FDEI,leg,2,2,603.0,1,0,2,603.0,0.0001869185216492,3
subspace,FDEI,leg,3,1,431.0,1,0,2,431.0,0.0001015371453831,1
subspace,FDEI,leg,3,2,555.0,2,1,2,555.0,0.0001920789218274,0
subspace,FDEI,leg,3,3,766.0,2,1,2,766.0,0.0001537134230602,3
subspace,FDEI,leg,4,1,550.0,1,0,2,550.0,0.0001335025153821,0
subspace,FDEI,leg,4,2,419.0,1,0,2,419.0,9.382265125168487e-05,1
subspace,FDEI,leg,6,1,416.0,1,0,1,416.0,0.0001473577576689,0
subspace,FDEI,leg,7,1,568.0,1,0,3,568.0,0.0001737984566716,3
subspace,FDEI,leg,7,2,,1,0,3,unknown,0.000204316995223,1
subspace,FDEI,leg,7,3,411.0,2,1,3,411.0,0.00012492123642,3
subspace,FDEI,leg,8,1,319.0,1,0,3,319.0,0.0001050492719514,1
subspace,FDEI,leg,8,2,325.0,1,0,3,325.0,0.0001330842496827,4
subspace,FDEI,leg,8,3,344.0,2,1,3,344.0,0.0001918864145409,0
subspace,FDEI,leg,8,4,322.0,2,1,3,322.0,0.0003277692594565,0
subspace,FDEI,leg,9,1,891.0,1,0,1,891.0,0.0001395179715473,4
subspace,FDEI,leg,10,1,566.0,1,0,2,566.0,0.0001356903667328,4
subspace,FDEI,leg,10,2,743.0,2,1,2,743.0,0.0001753299875417,3
subspace,FDEI,leg,10,3,2928.0,1,0,2,2928.0,0.0001064735115505,2
subspace,FDEI,leg,11,1,755.0,1,0,3,755.0,0.0002203030016971,4
subspace,FDEI,leg,11,2,884.0,2,1,3,884.0,0.0004541649250313,4
subspace,FDEI,leg,11,3,739.0,2,1,3,739.0,0.000241001980612,4
subspace,FDEI,leg,11,4,554.0,2,1,3,554.0,0.000136517744977,1
subspace,FDEI,leg,11,5,313.0,1,0,3,313.0,9.505921480013058e-05,0
subspace,FDEI,leg,11,6,890.0,1,0,3,890.0,0.0003511568065732,0
subspace,FDEI,leg,11,7,328.0,2,1,3,328.0,0.0001830293767852,4
subspace,FDEI,leg,11,8,373.0,1,0,3,373.0,0.0002202804462285,3
subspace,FDEI,leg,12,1,879.0,1,0,2,879.0,0.0002006611030083,2
subspace,FDEI,leg,12,2,826.0,2,1,2,826.0,0.0008425592677667,1
subspace,FDEI,leg,13,1,884.0,3,1,1,884.0,0.0001541665988042,4
subspace,FDEI,leg,14,1,1450.0,2,1,3,1450.0,0.0002015673671849,0
subspace,FDEI,leg,14,2,865.0,2,1,3,865.0,0.0001982894027605,1
subspace,FDEI,leg,14,3,339.0,2,1,3,339.0,0.0003779514809139,1
subspace,FDEI,leg,14,4,301.0,1,0,3,301.0,0.0003109159588348,4
subspace,FDEI,leg,14,5,328.0,2,1,3,328.0,0.0001103534887079,4
subspace,FDEI,leg,14,6,817.0,1,0,3,817.0,0.0001580544922035,2
subspace,FDEI,leg,15,1,775.0,2,1,1,775.0,0.0001652494102017,4
subspace,FDEI,leg,16,1,319.0,1,0,1,319.0,0.0001649483747314,1
subspace,FDEI,leg,17,1,825.0,2,1,1,825.0,0.0001142428591265,2
subspace,FDEI,leg,18,1,313.0,1,0,3,313.0,0.000132389992359,0
subspace,FDEI,leg,18,2,818.0,2,1,3,818.0,0.0001452082651667,4
subspace,FDEI,leg,18,3,894.0,2,1,3,894.0,0.0001224174484377,3
subspace,FDEI,leg,18,4,345.0,1,0,3,345.0,0.0001764994522091,4
subspace,FDEI,leg,19,1,369.0,2,1,1,369.0,0.0002427706494927,1
subspace,FDEI,leg,20,1,769.0,2,1,2,769.0,0.000548934447579,2
subspace,FDEI,leg,20,2,997.0,1,0,2,997.0,0.0001478332851547,1
subspace,FDEI,leg,21,1,408.0,1,0,3,408.0,0.0002325915847904,1
subspace,FDEI,leg,21,2,785.0,2,1,3,785.0,0.0001805763313313,2
subspace,FDEI,leg,21,3,2892.0,1,0,3,2892.0,0.0001069433055818,4
subspace,FDEI,leg,22,1,331.0,1,0,3,331.0,0.0001231258211191,4
subspace,FDEI,leg,22,2,743.0,2,1,3,743.0,0.0001972570316866,3
subspace,FDEI,leg,22,3,437.0,1,0,3,437.0,0.0001213171781273,1
subspace,FDEI,leg,22,4,6003.0,1,0,3,6003.0,0.0001282603188883,0
subspace,FDEI,leg,22,5,350.0,2,1,3,350.0,0.0002514344814699,1
subspace,FDEI,leg,22,6,858.0,2,1,3,858.0,0.0001276343100471,0
subspace,FDEI,leg,23,1,568.0,1,0,2,568.0,0.0001259581476915,3
subspace,FDEI,leg,23,2,302.0,1,0,2,302.0,0.0002971796493511,3
subspace,FDEI,leg,24,1,566.0,1,0,1,566.0,9.29788948269561e-05,4
subspace,FDEI,leg,27,1,405.0,2,1,3,405.0,0.0001920377544593,3
subspace,FDEI,leg,27,2,317.0,2,1,3,317.0,0.0001374437415506,3
subspace,FDEI,leg,27,3,8006.0,1,0,3,8006.0,0.0001793979899957,2
subspace,FDEI,leg,27,4,2941.0,2,1,3,2941.0,0.000174945424078,0
subspace,FDEI,leg,27,5,774.0,2,1,3,774.0,0.0001736220292514,0
subspace,FDEI,leg,27,6,327.0,2,1,3,327.0,0.000146013975609,0
subspace,FDEI,leg,27,7,584.0,2,1,3,584.0,0.0003172776778228,1
subspace,FDEI,leg,27,8,550.0,1,0,3,550.0,0.0001176575460704,0
subspace,FDEI,leg,27,9,779.0,1,0,3,779.0,0.0001512441813247,4
subspace,FDEI,leg,28,1,313.0,1,0,3,313.0,0.0001307470520259,0
subspace,FDEI,leg,28,2,826.0,2,1,3,826.0,0.0001640229020267,1
subspace,FDEI,leg,28,3,817.0,1,0,3,817.0,0.0002142796292901,2
subspace,FDEI,leg,29,1,2952.0,2,1,3,2952.0,0.0001246069004992,2
subspace,FDEI,leg,29,2,781.0,2,1,3,781.0,0.000239340821281,3
subspace,FDEI,leg,29,3,369.0,1,0,3,369.0,0.0001555995258968,1
subspace,FDEI,leg,34,1,858.0,2,1,2,858.0,0.0001325993944192,0
subspace,FDEI,leg,34,2,2932.0,2,1,2,2932.0,0.0001068733545253,1
subspace,FDEI,leg,35,1,586.0,1,0,3,586.0,9.29295492824167e-05,0
subspace,FDEI,leg,35,2,317.0,2,1,3,317.0,0.0001051960134645,3
subspace,FDEI,leg,35,3,405.0,1,0,3,405.0,0.0001734735269565,3
subspace,FDEI,leg,35,4,2892.0,1,0,3,2892.0,0.0001147309230873,4
subspace,FDEI,leg,35,5,351.0,1,0,3,351.0,0.0001074993488145,3
subspace,FDEI,leg,36,1,582.0,2,1,1,582.0,0.0001217682583956,2
subspace,FDEI,leg,37,1,739.0,1,0,1,739.0,0.0001182798005174,4
subspace,FDEI,leg,39,1,882.0,2,1,2,882.0,0.0001484332315158,1
subspace,FDEI,leg,39,2,794.0,2,1,2,794.0,0.0001288229541387,0
subspace,FDEI,leg,40,1,876.0,2,1,3,876.0,9.925563063006848e-05,3
subspace,FDEI,leg,40,2,331.0,1,0,3,331.0,0.0001040996721712,4
subspace,FDEI,leg,40,3,805.0,2,1,3,805.0,0.0001487802655901,0
subspace,FDEI,leg,40,4,786.0,2,1,3,786.0,0.0003829550696536,1
subspace,FDEI,leg,40,5,402.0,1,0,3,402.0,0.0001680309214862,3
subspace,FDEI,leg,40,6,742.0,1,0,3,742.0,0.000126117360196,0
subspace,FDEI,leg,41,1,401.0,2,1,3,401.0,0.0001053882879205,4
subspace,FDEI,leg,41,2,367.0,1,0,3,367.0,0.0001487727859057,1
subspace,FDEI,leg,42,1,889.0,2,1,1,889.0,0.0001659252156969,2
subspace,FDEI,leg,50,1,458.0,2,1,1,458.0,0.0001254490343853,4
subspace,FDEI,leg,51,1,455.0,1,0,2,455.0,9.310072346124798e-05,3
subspace,FDEI,leg,51,2,387.0,1,0,2,387.0,0.0001201494742417,0
subspace,FDEI,leg,52,1,377.0,2,1,1,377.0,0.0001116204803111,2
subspace,FDEI,leg,53,1,450.0,1,0,2,450.0,0.0001325672055827,0
subspace,FDEI,leg,54,1,462.0,1,0,3,462.0,0.000120453260024,1
subspace,FDEI,leg,54,2,431.0,2,1,3,431.0,9.640067582949996e-05,1
subspace,FDEI,leg,54,3,327.0,2,1,3,327.0,0.000170035767951,0
subspace,FDEI,leg,55,1,443.0,3,1,1,443.0,0.000103917060187,4
subspace,FDEI,leg,56,1,459.0,1,0,1,459.0,0.0001012770808301,2
subspace,FDEI,leg,57,1,736.0,2,1,1,736.0,0.0001242671860381,1
subspace,FDEI,leg,58,1,611.0,1,0,2,611.0,9.421039430890232e-05,4
subspace,FDEI,leg,58,2,579.0,1,0,2,579.0,9.549123933538796e-05,2
subspace,FDEI,leg,59,1,6013.0,1,0,3,6013.0,0.0001154816636699,0
subspace,FDEI,leg,59,2,763.0,2,1,3,763.0,0.0003824845771305,1
subspace,FDEI,leg,59,3,820.0,1,0,3,820.0,0.0001593254564795,3
subspace,FDEI,leg,59,4,8001.0,1,0,3,8001.0,0.0001494134776294,4
subspace,FDEI,leg,59,5,434.0,2,1,3,434.0,9.624267113395037e-05,1
subspace,FDEI,leg,60,1,586.0,1,0,3,586.0,0.0001133176265284,0
subspace,FDEI,leg,60,2,413.0,2,1,3,413.0,0.0001549725566292,2
subspace,FDEI,leg,60,3,333.0,2,1,3,333.0,0.0001630009355721,3
subspace,FDEI,leg,60,4,886.0,2,1,3,886.0,0.0001973197649931,3
subspace,FDEI,leg,60,5,407.0,2,1,3,407.0,0.0001568545121699,4
subspace,FDEI,leg,60,6,380.0,1,0,3,380.0,0.0001523710379842,0
subspace,FDEI,leg,60,7,583.0,2,1,3,583.0,0.0001507601700723,1
subspace,FDEI,leg,61,1,575.0,1,0,1,575.0,9.846413013292477e-05,4
subspace,FDEI,leg,62,1,419.0,1,0,3,419.0,8.101506682578474e-05,1
subspace,FDEI,leg,62,2,441.0,1,0,3,441.0,0.000159369825269,0
subspace,FDEI,leg,62,3,732.0,2,1,3,732.0,9.230092109646648e-05,2
subspace,FDEI,leg,63,1,867.0,2,1,3,867.0,0.000180084243766,0
subspace,FDEI,leg,63,2,6012.0,1,0,3,6012.0,8.491727203363553e-05,3
subspace,FDEI,leg,63,3,823.0,2,1,3,823.0,0.0001735552359605,3
subspace,FDEI,leg,63,4,318.0,1,0,3,318.0,0.0001136014325311,2
subspace,FDEI,leg,63,5,2880.0,2,1,3,2880.0,9.922859317157418e-05,0
subspace,FDEI,leg,65,1,2925.0,1,0,2,2925.0,0.0001709356001811,3
subspace,FDEI,leg,65,2,311.0,2,1,2,311.0,9.9240911367815e-05,4
subspace,FDEI,leg,66,1,772.0,3,1,3,772.0,0.0006711506284773,1
subspace,FDEI,leg,66,2,411.0,1,0,3,411.0,0.0001264909806195,3
subspace,FDEI,leg,66,3,306.0,2,1,3,306.0,0.0001981665118364,2
subspace,FDEI,leg,66,4,330.0,2,1,3,330.0,0.0001264815218746,3
subspace,FDEI,leg,67,1,403.0,1,0,2,403.0,0.0001095979387173,4
subspace,FDEI,leg,67,2,409.0,1,0,2,409.0,0.0001410196127835,2
subspace,FDEI,leg,67,3,8007.0,2,1,2,8007.0,0.0001155433346866,3
subspace,FDEI,leg,67,4,8003.0,2,1,2,8003.0,0.000197977933567,3
subspace,FDEI,leg,69,1,304.0,2,1,3,304.0,0.0002202995383413,1
subspace,FDEI,leg,69,2,422.0,2,1,3,422.0,0.0001529660657979,4
subspace,FDEI,leg,70,1,768.0,2,1,1,768.0,0.0001518443605164,0
subspace,FDEI,leg,71,1,1500.0,1,0,3,1500.0,0.0001160074607469,1
subspace,FDEI,leg,71,2,305.0,2,1,3,305.0,0.0001489766000304,0
subspace,FDEI,leg,71,3,418.0,2,1,3,418.0,0.0002081866841763,0
subspace,FDEI,leg,71,4,744.0,2,1,3,744.0,0.0001019188784994,2
subspace,FDEI,leg,71,5,883.0,1,0,3,883.0,0.0001204541404149,2
subspace,FDEI,leg,71,6,375.0,1,0,3,375.0,0.0001187986053992,0
subspace,FDEI,leg,71,7,543.0,2,1,3,543.0,0.0001767082139849,3
subspace,FDEI,leg,72,1,352.0,2,1,1,352.0,0.0001086139309336,3
subspace,FDEI,leg,73,1,426.0,2,1,2,426.0,0.000128549960209,2
subspace,FDEI,leg,73,2,423.0,1,0,2,423.0,0.000148399543832,3
subspace,FDEI,leg,73,3,336.0,2,1,2,336.0,0.0001139997912105,2
subspace,FDEI,leg,73,4,2917.0,2,1,2,2917.0,0.0001009750485536,3
subspace,FDEI,leg,73,5,417.0,2,1,2,417.0,0.0001413093414157,1
subspace,FDEI,leg,74,1,433.0,1,0,1,433.0,0.0001677830441622,0
subspace,FDEI,leg,76,1,372.0,1,0,1,372.0,0.0001328338403254,4
subspace,FDEI,leg,77,1,549.0,1,0,2,549.0,0.0001672093058004,2
subspace,FDEI,leg,77,2,365.0,1,0,2,365.0,0.0001088867065845,2
subspace,FDEI,leg,79,1,472.0,2,1,3,472.0,0.0002032916818279,4
subspace,FDEI,leg,79,2,406.0,3,1,3,406.0,0.0002192235551774,2
subspace,FDEI,leg,79,3,873.0,1,0,3,873.0,0.0010957123013213,4
subspace,FDEI,leg,80,1,383.0,1,0,3,383.0,0.0001380693283863,1
subspace,FDEI,leg,80,2,739.0,1,0,3,739.0,0.0001409453398082,4
subspace,FDEI,leg,80,3,889.0,2,1,3,889.0,0.0001343967742286,2
subspace,FDEI,leg,80,4,305.0,2,1,3,305.0,0.0002123579761246,0
subspace,FDEI,leg,82,1,338.0,1,0,3,338.0,0.0001353033148916,2
subspace,FDEI,leg,82,2,407.0,2,1,3,407.0,0.0001714543177513,4
subspace,FDEI,leg,82,3,350.0,1,0,3,350.0,0.0001406734372721,1
subspace,FDEI,leg,82,4,441.0,1,0,3,441.0,0.000120182892715,0
subspace,FDEI,leg,82,5,464.0,1,0,3,464.0,0.0001276526018045,1
subspace,FDEI,leg,82,6,423.0,1,0,3,423.0,0.0001681352441664,3
subspace,FDEI,leg,84,1,613.0,2,1,1,613.0,0.0001179457467515,2
subspace,FDEI,leg,85,1,457.0,1,0,3,457.0,0.0001107567513827,2
subspace,FDEI,leg,85,2,366.0,1,0,3,366.0,9.228078852174804e-05,2
subspace,FDEI,leg,85,3,448.0,1,0,3,448.0,0.0001194180222228,3
subspace,FDEI,leg,85,4,434.0,2,1,3,434.0,0.0001166330330306,1
subspace,FDEI,leg,85,5,583.0,2,1,3,583.0,0.0001133551995735,1
subspace,FDEI,leg,85,6,419.0,1,0,3,419.0,0.0001327881909674,1
subspace,FDEI,leg,86,1,6012.0,2,1,1,6012.0,0.0001459327177144,3
subspace,FDEI,leg,87,1,763.0,2,1,2,763.0,0.0005491690244525,1
subspace,FDEI,leg,88,1,820.0,2,1,3,820.0,8.592393714934587e-05,3
subspace,FDEI,leg,88,2,467.0,2,1,3,467.0,0.0001568292354932,0
subspace,FDEI,leg,88,3,801.0,2,1,3,801.0,0.0002076065866276,1
subspace,FDEI,leg,88,4,1458.0,1,0,3,1458.0,0.0001327560166828,4
subspace,FDEI,leg,89,1,411.0,2,1,3,411.0,0.0001871030253823,3
subspace,FDEI,leg,89,2,426.0,2,1,3,426.0,8.958748367149383e-05,2
subspace,FDEI,leg,89,3,886.0,1,0,3,886.0,0.0001045760800479,3
subspace,FDEI,leg,89,4,775.0,1,0,3,775.0,0.0001506462576799,4
subspace,FDEI,leg,90,1,458.0,2,1,3,458.0,0.0002696992014534,4
subspace,FDEI,leg,90,2,422.0,1,0,3,422.0,0.0003516498254612,4
subspace,FDEI,leg,90,3,452.0,1,0,3,452.0,0.0001165434077847,4
subspace,FDEI,leg,90,4,413.0,1,0,3,413.0,0.0001546072599012,2
subspace,FDEI,leg,94,1,333.0,2,1,1,333.0,0.0002232708357041,3
subspace,FDEI,leg,96,1,1500.0,1,0,3,1500.0,8.748305845074356e-05,1
subspace,FDEI,leg,96,2,375.0,2,1,3,375.0,0.0001038336777128,0
subspace,FDEI,leg,96,3,418.0,2,1,3,418.0,0.0001173148702946,0
subspace,FDEI,leg,96,4,732.0,1,0,3,732.0,0.0001215314914588,2
subspace,FDEI,leg,97,1,586.0,3,1,3,586.0,0.0002310072159161,0
subspace,FDEI,leg,97,2,417.0,1,0,3,417.0,0.0001448365510441,1
subspace,FDEI,leg,97,3,883.0,3,1,3,883.0,0.000260183296632,2
subspace,FDEI,leg,97,4,336.0,1,0,3,336.0,0.0002528968034312,2
subspace,FDEI,leg,98,1,407.0,2,1,2,407.0,0.0004921817453578,4
subspace,FDEI,leg,98,2,441.0,1,0,2,441.0,9.898500138660891e-05,0
subspace,FDEI,leg,99,1,464.0,1,0,3,464.0,0.0001081368391169,1
subspace,FDEI,leg,99,2,366.0,1,0,3,366.0,0.0001533241447759,2
subspace,FDEI,leg,99,3,418.0,2,1,3,418.0,0.0001861528726294,0
subspace,FDEI,leg,99,4,434.0,2,1,3,434.0,0.0001203506544698,1
subspace,FDEI,leg,100,1,6012.0,2,1,2,6012.0,0.0001067004122887,3
subspace,FDEI,leg,100,2,6013.0,2,1,2,6013.0,0.0002791401930153,0
subspace,FDEI,leg,102,1,426.0,2,1,2,426.0,0.0001657443644944,2
subspace,FDEI,leg,102,2,425.0,1,0,2,425.0,0.0001021976640913,2
subspace,FDEI,leg,104,1,458.0,2,1,3,458.0,0.0001491344009991,4
subspace,FDEI,leg,104,2,422.0,2,1,3,422.0,8.339134365087375e-05,4
subspace,FDEI,leg,104,3,611.0,1,0,3,611.0,8.372339652851224e-05,4
subspace,FDEI,leg,104,4,8007.0,1,0,3,8007.0,8.409893052885309e-05,3
subspace,FDEI,leg,105,1,328.0,1,0,2,328.0,0.0001009215629892,4
subspace,FDEI,leg,105,2,380.0,2,1,2,380.0,0.0001174126373371,0
subspace,FDEI,leg,106,1,1500.0,2,1,3,1500.0,8.890937169780955e-05,1
subspace,FDEI,leg,106,2,420.0,1,0,3,420.0,0.0004717790579888,4
subspace,FDEI,leg,106,3,895.0,1,0,3,895.0,0.0001332414831267,2
subspace,FDEI,leg,106,4,744.0,1,0,3,744.0,0.0001013339642668,2
subspace,FDEI,leg,107,1,6010.0,1,0,2,6010.0,0.0003181941865477,4
subspace,FDEI,leg,107,2,459.0,1,0,2,459.0,0.0003637011395767,2
subspace,FDEI,leg,108,1,311.0,2,1,3,311.0,7.696045213378966e-05,4
subspace,FDEI,leg,108,2,448.0,1,0,3,448.0,9.9650387710426e-05,3
subspace,FDEI,leg,108,3,350.0,2,1,3,350.0,0.000136487535201,1
subspace,FDEI,leg,108,4,2880.0,2,1,3,2880.0,9.640860662329942e-05,0
subspace,FDEI,leg,108,5,318.0,1,0,3,318.0,0.0001217155222548,2
subspace,FDEI,leg,109,1,2917.0,2,1,2,2917.0,0.0001528674183646,3
subspace,FDEI,leg,109,2,307.0,2,1,2,307.0,0.0001567573926877,1
subspace,FDEI,leg,109,3,413.0,1,0,2,413.0,9.670737199485302e-05,2
subspace,FDEI,leg,110,1,1446.0,1,0,1,1446.0,9.649305138736965e-05,1
subspace,FDEI,leg,111,1,443.0,2,1,2,443.0,7.318962889257818e-05,4
subspace,FDEI,leg,111,2,421.0,2,1,2,421.0,8.981741848401725e-05,3
subspace,FDEI,leg,112,1,409.0,2,1,1,409.0,0.0001146574577433,2
subspace,FDEI,leg,113,1,333.0,2,1,3,333.0,0.0001229644112754,3
subspace,FDEI,leg,113,2,375.0,1,0,3,375.0,9.395635424880312e-05,0
subspace,FDEI,leg,113,3,370.0,2,1,3,370.0,8.212662214646116e-05,0
subspace,FDEI,leg,113,4,820.0,2,1,3,820.0,9.515740384813398e-05,3
subspace,FDEI,leg,113,5,883.0,1,0,3,883.0,8.969536429503933e-05,2
subspace,FDEI,leg,114,1,586.0,1,0,1,586.0,0.0001125403941841,0
subspace,FDEI,leg,115,1,336.0,2,1,2,336.0,9.624296217225492e-05,2
subspace,FDEI,leg,115,2,732.0,2,1,2,732.0,9.58067030296661e-05,2
subspace,FDEI,leg,116,1,423.0,2,1,3,423.0,0.0001515994372311,3
subspace,FDEI,leg,116,2,419.0,1,0,3,419.0,9.619677439332008e-05,1
subspace,FDEI,leg,117,1,2952.0,2,1,2,2952.0,0.000143331795698,2
subspace,FDEI,leg,117,2,417.0,2,1,2,417.0,0.0001355130807496,1
subspace,FDEI,leg,118,1,352.0,1,0,3,352.0,7.70339320297353e-05,3
subspace,FDEI,leg,118,2,304.0,2,1,3,304.0,0.0001569282903801,1
subspace,FDEI,leg,118,3,433.0,2,1,3,433.0,0.0001605946745257,0
subspace,FDEI,leg,118,4,768.0,1,0,3,768.0,0.0001560413220431,0
subspace,GEI_CGI_FDEI,leg,1,1,582.0,2,1,2,582.0,0.0005395353073254,2
subspace,GEI_CGI_FDEI,leg,1,2,403.0,2,1,2,403.0,0.0007264888263307,4
subspace,GEI_CGI_FDEI,leg,2,1,578.0,1,0,2,578.0,0.0005184728070162,3
subspace,GEI_CGI_FDEI,leg,2,2,603.0,1,0,2,603.0,0.0008242464973591,3
subspace,GEI_CGI_FDEI,leg,3,1,431.0,1,0,2,431.0,0.0005900591495446,1
subspace,GEI_CGI_FDEI,leg,3,2,555.0,2,1,2,555.0,0.0009310833411291,0
subspace,GEI_CGI_FDEI,leg,3,3,766.0,2,1,2,766.0,0.0007875636802054,3
subspace,GEI_CGI_FDEI,leg,4,1,550.0,1,0,2,550.0,0.0005454791826196,0
subspace,GEI_CGI_FDEI,leg,4,2,419.0,1,0,2,419.0,0.0004154076159466,1
subspace,GEI_CGI_FDEI,leg,6,1,416.0,1,0,1,416.0,0.0006389365298673,0
subspace,GEI_CGI_FDEI,leg,7,1,568.0,1,0,3,568.0,0.0007522848900407,3
subspace,GEI_CGI_FDEI,leg,7,2,,1,0,3,unknown,0.0009358897805213,1
subspace,GEI_CGI_FDEI,leg,7,3,411.0,2,1,3,411.0,0.0006131004774942,3
subspace,GEI_CGI_FDEI,leg,8,1,319.0,1,0,3,319.0,0.0005577107076533,1
subspace,GEI_CGI_FDEI,leg,8,2,325.0,1,0,3,325.0,0.000741142721381,4
subspace,GEI_CGI_FDEI,leg,8,3,344.0,2,1,3,344.0,0.0010852653067559,0
subspace,GEI_CGI_FDEI,leg,8,4,322.0,2,1,3,322.0,0.0013729017227888,0
subspace,GEI_CGI_FDEI,leg,9,1,891.0,1,0,1,891.0,0.0005034247296862,4
subspace,GEI_CGI_FDEI,leg,10,1,566.0,1,0,2,566.0,0.0006534855347126,4
subspace,GEI_CGI_FDEI,leg,10,2,743.0,2,1,2,743.0,0.0006489660590887,3
subspace,GEI_CGI_FDEI,leg,10,3,2928.0,1,0,2,2928.0,0.0004237499670125,2
subspace,GEI_CGI_FDEI,leg,11,1,755.0,1,0,3,755.0,0.0008482608245685,4
subspace,GEI_CGI_FDEI,leg,11,2,884.0,2,1,3,884.0,0.0018010947387665,4
subspace,GEI_CGI_FDEI,leg,11,3,739.0,2,1,3,739.0,0.0012007744517177,4
subspace,GEI_CGI_FDEI,leg,11,4,554.0,2,1,3,554.0,0.0006885674665682,1
subspace,GEI_CGI_FDEI,leg,11,5,313.0,1,0,3,313.0,0.0003757289377972,0
subspace,GEI_CGI_FDEI,leg,11,6,890.0,1,0,3,890.0,0.0017867546994239,0
subspace,GEI_CGI_FDEI,leg,11,7,328.0,2,1,3,328.0,0.0012457726988941,4
subspace,GEI_CGI_FDEI,leg,11,8,373.0,1,0,3,373.0,0.0012451283400878,3
subspace,GEI_CGI_FDEI,leg,12,1,879.0,1,0,2,879.0,0.0010443669743835,2
subspace,GEI_CGI_FDEI,leg,12,2,826.0,2,1,2,826.0,0.0032174433581531,1
subspace,GEI_CGI_FDEI,leg,13,1,884.0,3,1,1,884.0,0.0006333890487439,4
subspace,GEI_CGI_FDEI,leg,14,1,1450.0,2,1,3,1450.0,0.0011092469794675,0
subspace,GEI_CGI_FDEI,leg,14,2,865.0,2,1,3,865.0,0.0009372627246193,1
subspace,GEI_CGI_FDEI,leg,14,3,339.0,2,1,3,339.0,0.0017443178221583,1
subspace,GEI_CGI_FDEI,leg,14,4,301.0,1,0,3,301.0,0.0013248026371002,4
subspace,GEI_CGI_FDEI,leg,14,5,328.0,2,1,3,328.0,0.0006410481873899,4
subspace,GEI_CGI_FDEI,leg,14,6,817.0,1,0,3,817.0,0.0007937333430163,2
subspace,GEI_CGI_FDEI,leg,15,1,775.0,2,1,1,775.0,0.0009052157402038,4
subspace,GEI_CGI_FDEI,leg,16,1,319.0,1,0,1,319.0,0.0006030218210071,1
subspace,GEI_CGI_FDEI,leg,17,1,825.0,2,1,1,825.0,0.0006475147092714,2
subspace,GEI_CGI_FDEI,leg,18,1,313.0,1,0,3,313.0,0.0007210441399365,0
subspace,GEI_CGI_FDEI,leg,18,2,818.0,2,1,3,818.0,0.0006519756279885,4
subspace,GEI_CGI_FDEI,leg,18,3,894.0,2,1,3,894.0,0.0006143511272966,3
subspace,GEI_CGI_FDEI,leg,18,4,345.0,1,0,3,345.0,0.0008637839928269,4
subspace,GEI_CGI_FDEI,leg,19,1,369.0,2,1,1,369.0,0.0010317715350538,1
subspace,GEI_CGI_FDEI,leg,20,1,769.0,2,1,2,769.0,0.0016945943934842,2
subspace,GEI_CGI_FDEI,leg,20,2,997.0,1,0,2,997.0,0.0006835276726633,1
subspace,GEI_CGI_FDEI,leg,21,1,408.0,1,0,3,408.0,0.0008645184570923,1
subspace,GEI_CGI_FDEI,leg,21,2,785.0,2,1,3,785.0,0.0007879092590883,2
subspace,GEI_CGI_FDEI,leg,21,3,2892.0,1,0,3,2892.0,0.0004473794833756,4
subspace,GEI_CGI_FDEI,leg,22,1,331.0,1,0,3,331.0,0.0006159541662782,4
subspace,GEI_CGI_FDEI,leg,22,2,743.0,2,1,3,743.0,0.0008242519106715,3
subspace,GEI_CGI_FDEI,leg,22,3,437.0,1,0,3,437.0,0.0005527040339075,1
subspace,GEI_CGI_FDEI,leg,22,4,6003.0,1,0,3,6003.0,0.000666091684252,0
subspace,GEI_CGI_FDEI,leg,22,5,350.0,2,1,3,350.0,0.0007770921220071,1
subspace,GEI_CGI_FDEI,leg,22,6,858.0,2,1,3,858.0,0.000510343699716,0
subspace,GEI_CGI_FDEI,leg,23,1,568.0,1,0,2,568.0,0.0006598298205062,3
subspace,GEI_CGI_FDEI,leg,23,2,302.0,1,0,2,302.0,0.0011474713683128,3
subspace,GEI_CGI_FDEI,leg,24,1,566.0,1,0,1,566.0,0.0004295691032893,4
subspace,GEI_CGI_FDEI,leg,27,1,405.0,2,1,3,405.0,0.0009741914691403,3
subspace,GEI_CGI_FDEI,leg,27,2,317.0,2,1,3,317.0,0.0005411977763287,3
subspace,GEI_CGI_FDEI,leg,27,3,8006.0,1,0,3,8006.0,0.000772877712734,2
subspace,GEI_CGI_FDEI,leg,27,4,2941.0,2,1,3,2941.0,0.0009074401459656,0
subspace,GEI_CGI_FDEI,leg,27,5,774.0,2,1,3,774.0,0.0006529177771881,0
subspace,GEI_CGI_FDEI,leg,27,6,327.0,2,1,3,327.0,0.0005610650405287,0
subspace,GEI_CGI_FDEI,leg,27,7,584.0,2,1,3,584.0,0.0013515343889594,1
subspace,GEI_CGI_FDEI,leg,27,8,550.0,1,0,3,550.0,0.0004787210491485,0
subspace,GEI_CGI_FDEI,leg,27,9,779.0,1,0,3,779.0,0.0005060515832155,4
subspace,GEI_CGI_FDEI,leg,28,1,313.0,1,0,3,313.0,0.0006021278095431,0
subspace,GEI_CGI_FDEI,leg,28,2,826.0,2,1,3,826.0,0.0007820308674126,1
subspace,GEI_CGI_FDEI,leg,28,3,817.0,1,0,3,817.0,0.0009598095202818,2
subspace,GEI_CGI_FDEI,leg,29,1,2952.0,2,1,3,2952.0,0.0009284541592933,2
subspace,GEI_CGI_FDEI,leg,29,2,781.0,2,1,3,781.0,0.0010666586458683,3
subspace,GEI_CGI_FDEI,leg,29,3,369.0,1,0,3,369.0,0.0008227259968407,1
subspace,GEI_CGI_FDEI,leg,34,1,858.0,2,1,2,858.0,0.0007317572599276,0
subspace,GEI_CGI_FDEI,leg,34,2,2932.0,2,1,2,2932.0,0.0004651880881283,1
subspace,GEI_CGI_FDEI,leg,35,1,586.0,1,0,3,586.0,0.0004559296648949,0
subspace,GEI_CGI_FDEI,leg,35,2,317.0,2,1,3,317.0,0.0004441321361809,3
subspace,GEI_CGI_FDEI,leg,35,3,405.0,1,0,3,405.0,0.0007421181653626,3
subspace,GEI_CGI_FDEI,leg,35,4,2892.0,1,0,3,2892.0,0.0005328074330464,4
subspace,GEI_CGI_FDEI,leg,35,5,351.0,1,0,3,351.0,0.000573273631744,3
subspace,GEI_CGI_FDEI,leg,36,1,582.0,2,1,1,582.0,0.000550040625967,2
subspace,GEI_CGI_FDEI,leg,37,1,739.0,1,0,1,739.0,0.0004919454804621,4
subspace,GEI_CGI_FDEI,leg,39,1,882.0,2,1,2,882.0,0.000674310605973,1
subspace,GEI_CGI_FDEI,leg,39,2,794.0,2,1,2,794.0,0.0006729274755343,0
subspace,GEI_CGI_FDEI,leg,40,1,876.0,2,1,3,876.0,0.0005866055143997,3
subspace,GEI_CGI_FDEI,leg,40,2,331.0,1,0,3,331.0,0.0004216058296151,4
subspace,GEI_CGI_FDEI,leg,40,3,805.0,2,1,3,805.0,0.0010389983654022,0
subspace,GEI_CGI_FDEI,leg,40,4,786.0,2,1,3,786.0,0.0020100907422602,1
subspace,GEI_CGI_FDEI,leg,40,5,402.0,1,0,3,402.0,0.0009170642588287,3
subspace,GEI_CGI_FDEI,leg,40,6,742.0,1,0,3,742.0,0.0005585589096881,0
subspace,GEI_CGI_FDEI,leg,41,1,401.0,2,1,3,401.0,0.0005024686688557,4
subspace,GEI_CGI_FDEI,leg,41,2,367.0,1,0,3,367.0,0.0006118885357864,1
subspace,GEI_CGI_FDEI,leg,42,1,889.0,2,1,1,889.0,0.0010500565404072,2
subspace,GEI_CGI_FDEI,leg,50,1,458.0,2,1,1,458.0,0.0004808392259292,4
subspace,GEI_CGI_FDEI,leg,51,1,455.0,1,0,2,455.0,0.0005296299932524,3
subspace,GEI_CGI_FDEI,leg,51,2,387.0,1,0,2,387.0,0.00063546304591,0
subspace,GEI_CGI_FDEI,leg,52,1,377.0,2,1,1,377.0,0.0005775148165412,2
subspace,GEI_CGI_FDEI,leg,53,1,450.0,1,0,2,450.0,0.0005586301558651,0
subspace,GEI_CGI_FDEI,leg,54,1,462.0,1,0,3,462.0,0.0006400603451766,1
subspace,GEI_CGI_FDEI,leg,54,2,431.0,2,1,3,431.0,0.0004371688701212,1
subspace,GEI_CGI_FDEI,leg,54,3,327.0,2,1,3,327.0,0.0006482645403593,0
subspace,GEI_CGI_FDEI,leg,55,1,443.0,3,1,1,443.0,0.0005313931033015,4
subspace,GEI_CGI_FDEI,leg,56,1,459.0,1,0,1,459.0,0.0004197680973447,2
subspace,GEI_CGI_FDEI,leg,57,1,736.0,2,1,1,736.0,0.0005209016380831,1
subspace,GEI_CGI_FDEI,leg,58,1,611.0,1,0,2,611.0,0.0004322507593315,4
subspace,GEI_CGI_FDEI,leg,58,2,579.0,1,0,2,579.0,0.0004476903704926,2
subspace,GEI_CGI_FDEI,leg,59,1,6013.0,1,0,3,6013.0,0.0006799591938033,0
subspace,GEI_CGI_FDEI,leg,59,2,763.0,2,1,3,763.0,0.0018062285380437,1
subspace,GEI_CGI_FDEI,leg,59,3,820.0,1,0,3,820.0,0.0009162162896245,3
subspace,GEI_CGI_FDEI,leg,59,4,8001.0,1,0,3,8001.0,0.0006862785667181,4
subspace,GEI_CGI_FDEI,leg,59,5,434.0,2,1,3,434.0,0.0004328908398747,1
subspace,GEI_CGI_FDEI,leg,60,1,586.0,1,0,3,586.0,0.0004125660634599,0
subspace,GEI_CGI_FDEI,leg,60,2,413.0,2,1,3,413.0,0.0006743958801962,2
subspace,GEI_CGI_FDEI,leg,60,3,333.0,2,1,3,333.0,0.0007894191658124,3
subspace,GEI_CGI_FDEI,leg,60,4,886.0,2,1,3,886.0,0.0009603929938748,3
subspace,GEI_CGI_FDEI,leg,60,5,407.0,2,1,3,407.0,0.0006794693181291,4
subspace,GEI_CGI_FDEI,leg,60,6,380.0,1,0,3,380.0,0.0007194939535111,0
subspace,GEI_CGI_FDEI,leg,60,7,583.0,2,1,3,583.0,0.0008091212948784,1
subspace,GEI_CGI_FDEI,leg,61,1,575.0,1,0,1,575.0,0.0005536100361496,4
subspace,GEI_CGI_FDEI,leg,62,1,419.0,1,0,3,419.0,0.0003900958108715,1
subspace,GEI_CGI_FDEI,leg,62,2,441.0,1,0,3,441.0,0.0006581391207873,0
subspace,GEI_CGI_FDEI,leg,62,3,732.0,2,1,3,732.0,0.0005323534132912,2
subspace,GEI_CGI_FDEI,leg,63,1,867.0,2,1,3,867.0,0.0007795009296387,0
subspace,GEI_CGI_FDEI,leg,63,2,6012.0,1,0,3,6012.0,0.0003126898081973,3
subspace,GEI_CGI_FDEI,leg,63,3,823.0,2,1,3,823.0,0.0006205047830007,3
subspace,GEI_CGI_FDEI,leg,63,4,318.0,1,0,3,318.0,0.0004582031397148,2
subspace,GEI_CGI_FDEI,leg,63,5,2880.0,2,1,3,2880.0,0.0004840955079998,0
subspace,GEI_CGI_FDEI,leg,65,1,2925.0,1,0,2,2925.0,0.0008577356347814,3
subspace,GEI_CGI_FDEI,leg,65,2,311.0,2,1,2,311.0,0.000290373514872,4
subspace,GEI_CGI_FDEI,leg,66,1,772.0,3,1,3,772.0,0.0030171037651598,1
subspace,GEI_CGI_FDEI,leg,66,2,411.0,1,0,3,411.0,0.0006551797268912,3
subspace,GEI_CGI_FDEI,leg,66,3,306.0,2,1,3,306.0,0.0009632598957978,2
subspace,GEI_CGI_FDEI,leg,66,4,330.0,2,1,3,330.0,0.0005045015132054,3
subspace,GEI_CGI_FDEI,leg,67,1,403.0,1,0,2,403.0,0.0004634101351257,4
subspace,GEI_CGI_FDEI,leg,67,2,409.0,1,0,2,409.0,0.0006893221288919,2
subspace,GEI_CGI_FDEI,leg,67,3,8007.0,2,1,2,8007.0,0.0005381031660363,3
subspace,GEI_CGI_FDEI,leg,67,4,8003.0,2,1,2,8003.0,0.0005810956936329,3
subspace,GEI_CGI_FDEI,leg,69,1,304.0,2,1,3,304.0,0.0010253628715872,1
subspace,GEI_CGI_FDEI,leg,69,2,422.0,2,1,3,422.0,0.0006378737743943,4
subspace,GEI_CGI_FDEI,leg,70,1,768.0,2,1,1,768.0,0.0006046009948477,0
subspace,GEI_CGI_FDEI,leg,71,1,1500.0,1,0,3,1500.0,0.0005657423753291,1
subspace,GEI_CGI_FDEI,leg,71,2,305.0,2,1,3,305.0,0.0007486714748665,0
subspace,GEI_CGI_FDEI,leg,71,3,418.0,2,1,3,418.0,0.000886185793206,0
subspace,GEI_CGI_FDEI,leg,71,4,744.0,2,1,3,744.0,0.0005233787815086,2
subspace,GEI_CGI_FDEI,leg,71,5,883.0,1,0,3,883.0,0.000412561406847,2
subspace,GEI_CGI_FDEI,leg,71,6,375.0,1,0,3,375.0,0.0004672238719649,0
subspace,GEI_CGI_FDEI,leg,71,7,543.0,2,1,3,543.0,0.0008398494683206,3
subspace,GEI_CGI_FDEI,leg,72,1,352.0,2,1,1,352.0,0.0004658134421333,3
subspace,GEI_CGI_FDEI,leg,73,1,426.0,2,1,2,426.0,0.0006611623684875,2
subspace,GEI_CGI_FDEI,leg,73,2,423.0,1,0,2,423.0,0.000708473555278,3
subspace,GEI_CGI_FDEI,leg,73,3,336.0,2,1,2,336.0,0.0004865119699388,2
subspace,GEI_CGI_FDEI,leg,73,4,2917.0,2,1,2,2917.0,0.0004312800592742,3
subspace,GEI_CGI_FDEI,leg,73,5,417.0,2,1,2,417.0,0.0005977451219223,1
subspace,GEI_CGI_FDEI,leg,74,1,433.0,1,0,1,433.0,0.0006480381125584,0
subspace,GEI_CGI_FDEI,leg,76,1,372.0,1,0,1,372.0,0.0005493733333423,4
subspace,GEI_CGI_FDEI,leg,77,1,549.0,1,0,2,549.0,0.000772580911871,2
subspace,GEI_CGI_FDEI,leg,77,2,365.0,1,0,2,365.0,0.0004049659764859,2
subspace,GEI_CGI_FDEI,leg,79,1,472.0,2,1,3,472.0,0.0011771249119192,4
subspace,GEI_CGI_FDEI,leg,79,2,406.0,3,1,3,406.0,0.0012443156447261,2
subspace,GEI_CGI_FDEI,leg,79,3,873.0,1,0,3,873.0,0.0041923285461962,4
subspace,GEI_CGI_FDEI,leg,80,1,383.0,1,0,3,383.0,0.0004693718219641,1
subspace,GEI_CGI_FDEI,leg,80,2,739.0,1,0,3,739.0,0.0006419878918677,4
subspace,GEI_CGI_FDEI,leg,80,3,889.0,2,1,3,889.0,0.0005023065023124,2
subspace,GEI_CGI_FDEI,leg,80,4,305.0,2,1,3,305.0,0.0009111678227782,0
subspace,GEI_CGI_FDEI,leg,82,1,338.0,1,0,3,338.0,0.0005663878982886,2
subspace,GEI_CGI_FDEI,leg,82,2,407.0,2,1,3,407.0,0.0007127263816073,4
subspace,GEI_CGI_FDEI,leg,82,3,350.0,1,0,3,350.0,0.0006159871118143,1
subspace,GEI_CGI_FDEI,leg,82,4,441.0,1,0,3,441.0,0.0004697306721936,0
subspace,GEI_CGI_FDEI,leg,82,5,464.0,1,0,3,464.0,0.0004413011774886,1
subspace,GEI_CGI_FDEI,leg,82,6,423.0,1,0,3,423.0,0.0008059201645664,3
subspace,GEI_CGI_FDEI,leg,84,1,613.0,2,1,1,613.0,0.0005046509904786,2
subspace,GEI_CGI_FDEI,leg,85,1,457.0,1,0,3,457.0,0.000513820850756,2
subspace,GEI_CGI_FDEI,leg,85,2,366.0,1,0,3,366.0,0.0004462872748263,2
subspace,GEI_CGI_FDEI,leg,85,3,448.0,1,0,3,448.0,0.000384674873203,3
subspace,GEI_CGI_FDEI,leg,85,4,434.0,2,1,3,434.0,0.0004521930241025,1
subspace,GEI_CGI_FDEI,leg,85,5,583.0,2,1,3,583.0,0.0005152266821824,1
subspace,GEI_CGI_FDEI,leg,85,6,419.0,1,0,3,419.0,0.0006063336622901,1
subspace,GEI_CGI_FDEI,leg,86,1,6012.0,2,1,1,6012.0,0.0005760991480201,3
subspace,GEI_CGI_FDEI,leg,87,1,763.0,2,1,2,763.0,0.0019918666221201,1
subspace,GEI_CGI_FDEI,leg,88,1,820.0,2,1,3,820.0,0.000363833096344,3
subspace,GEI_CGI_FDEI,leg,88,2,467.0,2,1,3,467.0,0.0005433128098957,0
subspace,GEI_CGI_FDEI,leg,88,3,801.0,2,1,3,801.0,0.0009149523102678,1
subspace,GEI_CGI_FDEI,leg,88,4,1458.0,1,0,3,1458.0,0.0004557847278192,4
subspace,GEI_CGI_FDEI,leg,89,1,411.0,2,1,3,411.0,0.0008476718212477,3
subspace,GEI_CGI_FDEI,leg,89,2,426.0,2,1,3,426.0,0.0004140756500419,2
subspace,GEI_CGI_FDEI,leg,89,3,886.0,1,0,3,886.0,0.0004422004567459,3
subspace,GEI_CGI_FDEI,leg,89,4,775.0,1,0,3,775.0,0.000698591582477,4
subspace,GEI_CGI_FDEI,leg,90,1,458.0,2,1,3,458.0,0.0010252315551042,4
subspace,GEI_CGI_FDEI,leg,90,2,422.0,1,0,3,422.0,0.0016062954673543,4
subspace,GEI_CGI_FDEI,leg,90,3,452.0,1,0,3,452.0,0.0005370323779061,4
subspace,GEI_CGI_FDEI,leg,90,4,413.0,1,0,3,413.0,0.0006346421432681,2
subspace,GEI_CGI_FDEI,leg,94,1,333.0,2,1,1,333.0,0.0010006183292716,3
subspace,GEI_CGI_FDEI,leg,96,1,1500.0,1,0,3,1500.0,0.0004038401821162,1
subspace,GEI_CGI_FDEI,leg,96,2,375.0,2,1,3,375.0,0.0004570640157908,0
subspace,GEI_CGI_FDEI,leg,96,3,418.0,2,1,3,418.0,0.0006723694968968,0
subspace,GEI_CGI_FDEI,leg,96,4,732.0,1,0,3,732.0,0.0005579139688052,2
subspace,GEI_CGI_FDEI,leg,97,1,586.0,3,1,3,586.0,0.0012175639858469,0
subspace,GEI_CGI_FDEI,leg,97,2,417.0,1,0,3,417.0,0.0007793329423293,1
subspace,GEI_CGI_FDEI,leg,97,3,883.0,3,1,3,883.0,0.0014691548421978,2
subspace,GEI_CGI_FDEI,leg,97,4,336.0,1,0,3,336.0,0.0012769751483574,2
subspace,GEI_CGI_FDEI,leg,98,1,407.0,2,1,2,407.0,0.002031467622146,4
subspace,GEI_CGI_FDEI,leg,98,2,441.0,1,0,2,441.0,0.000613109441474,0
subspace,GEI_CGI_FDEI,leg,99,1,464.0,1,0,3,464.0,0.0005260256002657,1
subspace,GEI_CGI_FDEI,leg,99,2,366.0,1,0,3,366.0,0.0006428550696,2
subspace,GEI_CGI_FDEI,leg,99,3,418.0,2,1,3,418.0,0.0007994602201506,0
subspace,GEI_CGI_FDEI,leg,99,4,434.0,2,1,3,434.0,0.0005798046477138,1
subspace,GEI_CGI_FDEI,leg,100,1,6012.0,2,1,2,6012.0,0.0004228852922096,3
subspace,GEI_CGI_FDEI,leg,100,2,6013.0,2,1,2,6013.0,0.0013584895059466,0
subspace,GEI_CGI_FDEI,leg,102,1,426.0,2,1,2,426.0,0.0007611531764268,2
subspace,GEI_CGI_FDEI,leg,102,2,425.0,1,0,2,425.0,0.0005293570575304,2
subspace,GEI_CGI_FDEI,leg,104,1,458.0,2,1,3,458.0,0.0006415504030883,4
subspace,GEI_CGI_FDEI,leg,104,2,422.0,2,1,3,422.0,0.0003631413565017,4
subspace,GEI_CGI_FDEI,leg,104,3,611.0,1,0,3,611.0,0.0003055390552617,4
subspace,GEI_CGI_FDEI,leg,104,4,8007.0,1,0,3,8007.0,0.0003343152930028,3
subspace,GEI_CGI_FDEI,leg,105,1,328.0,1,0,2,328.0,0.0004546222626231,4
subspace,GEI_CGI_FDEI,leg,105,2,380.0,2,1,2,380.0,0.0005530568305402,0
subspace,GEI_CGI_FDEI,leg,106,1,1500.0,2,1,3,1500.0,0.0004104252147953,1
subspace,GEI_CGI_FDEI,leg,106,2,420.0,1,0,3,420.0,0.0021822226699441,4
subspace,GEI_CGI_FDEI,leg,106,3,895.0,1,0,3,895.0,0.0007318351417779,2
subspace,GEI_CGI_FDEI,leg,106,4,744.0,1,0,3,744.0,0.0006770712789148,2
subspace,GEI_CGI_FDEI,leg,107,1,6010.0,1,0,2,6010.0,0.0012337102089077,4
subspace,GEI_CGI_FDEI,leg,107,2,459.0,1,0,2,459.0,0.0016296526882797,2
subspace,GEI_CGI_FDEI,leg,108,1,311.0,2,1,3,311.0,0.0003655244363471,4
subspace,GEI_CGI_FDEI,leg,108,2,448.0,1,0,3,448.0,0.0004991171881556,3
subspace,GEI_CGI_FDEI,leg,108,3,350.0,2,1,3,350.0,0.0007844503270462,1
subspace,GEI_CGI_FDEI,leg,108,4,2880.0,2,1,3,2880.0,0.0005359228816814,0
subspace,GEI_CGI_FDEI,leg,108,5,318.0,1,0,3,318.0,0.0004760832525789,2
subspace,GEI_CGI_FDEI,leg,109,1,2917.0,2,1,2,2917.0,0.0005711073754355,3
subspace,GEI_CGI_FDEI,leg,109,2,307.0,2,1,2,307.0,0.0007226316374726,1
subspace,GEI_CGI_FDEI,leg,109,3,413.0,1,0,2,413.0,0.0003753693890757,2
subspace,GEI_CGI_FDEI,leg,110,1,1446.0,1,0,1,1446.0,0.0003509539528749,1
subspace,GEI_CGI_FDEI,leg,111,1,443.0,2,1,2,443.0,0.0003485631896182,4
subspace,GEI_CGI_FDEI,leg,111,2,421.0,2,1,2,421.0,0.0003475587582215,3
subspace,GEI_CGI_FDEI,leg,112,1,409.0,2,1,1,409.0,0.0004672806244343,2
subspace,GEI_CGI_FDEI,leg,113,1,333.0,2,1,3,333.0,0.0009038412827067,3
subspace,GEI_CGI_FDEI,leg,113,2,375.0,1,0,3,375.0,0.0004403273924253,0
subspace,GEI_CGI_FDEI,leg,113,3,370.0,2,1,3,370.0,0.000412207446061,0
subspace,GEI_CGI_FDEI,leg,113,4,820.0,2,1,3,820.0,0.0004542009555734,3
subspace,GEI_CGI_FDEI,leg,113,5,883.0,1,0,3,883.0,0.0003237941709812,2
subspace,GEI_CGI_FDEI,leg,114,1,586.0,1,0,1,586.0,0.0005380663787946,0
subspace,GEI_CGI_FDEI,leg,115,1,336.0,2,1,2,336.0,0.0004049383569508,2
subspace,GEI_CGI_FDEI,leg,115,2,732.0,2,1,2,732.0,0.0003993979771621,2
subspace,GEI_CGI_FDEI,leg,116,1,423.0,2,1,3,423.0,0.0006193676963448,3
subspace,GEI_CGI_FDEI,leg,116,2,419.0,1,0,3,419.0,0.0004199330578558,1
subspace,GEI_CGI_FDEI,leg,117,1,2952.0,2,1,2,2952.0,0.0005513711366802,2
subspace,GEI_CGI_FDEI,leg,117,2,417.0,2,1,2,417.0,0.0005034417263232,1
subspace,GEI_CGI_FDEI,leg,118,1,352.0,1,0,3,352.0,0.0003826894098892,3
subspace,GEI_CGI_FDEI,leg,118,2,304.0,2,1,3,304.0,0.0007307666237466,1
subspace,GEI_CGI_FDEI,leg,118,3,433.0,2,1,3,433.0,0.0005773248849436,0
subspace,GEI_CGI_FDEI,leg,118,4,768.0,1,0,3,768.0,0.000642979866825,0
subspace,GEI,full,1,1,582.0,2,1,2,582.0,0.0013190475292503,2
subspace,GEI,full,1,2,403.0,2,1,2,403.0,0.0021256126929074,4
subspace,GEI,full,2,1,578.0,1,0,2,578.0,0.0012696906924247,3
subspace,GEI,full,2,2,603.0,1,0,2,603.0,0.001794891199097,3
subspace,GEI,full,3,1,431.0,1,0,2,431.0,0.0010508716804906,1
subspace,GEI,full,3,2,555.0,2,1,2,555.0,0.002103064674884,0
subspace,GEI,full,3,3,766.0,2,1,2,766.0,0.0013673510402441,3
subspace,GEI,full,4,1,550.0,1,0,2,550.0,0.0016891096020117,0
subspace,GEI,full,4,2,419.0,1,0,2,419.0,0.0014316689921543,1
subspace,GEI,full,6,1,416.0,1,0,1,416.0,0.0028233618941158,0
subspace,GEI,full,7,1,568.0,1,0,3,568.0,0.0013043540529906,3
subspace,GEI,full,7,2,,1,0,3,unknown,0.0022049369290471,1
subspace,GEI,full,7,3,411.0,2,1,3,411.0,0.0010671616764739,3
subspace,GEI,full,8,1,319.0,1,0,3,319.0,0.0014688386581838,1
subspace,GEI,full,8,2,325.0,1,0,3,325.0,0.0012115837307646,4
subspace,GEI,full,8,3,344.0,2,1,3,344.0,0.0010676037054508,0
subspace,GEI,full,8,4,322.0,2,1,3,322.0,0.0036608942318707,0
subspace,GEI,full,9,1,891.0,1,0,1,891.0,0.0013159420341253,4
subspace,GEI,full,10,1,566.0,1,0,2,566.0,0.0016643889248371,4
subspace,GEI,full,10,2,743.0,2,1,2,743.0,0.0016870168037712,3
subspace,GEI,full,10,3,2928.0,1,0,2,2928.0,0.0010583456605672,2
subspace,GEI,full,11,1,755.0,1,0,3,755.0,0.0024681794457137,4
subspace,GEI,full,11,2,884.0,2,1,3,884.0,0.0028459939640015,4
subspace,GEI,full,11,3,739.0,2,1,3,739.0,0.0019716389942914,4
subspace,GEI,full,11,4,554.0,2,1,3,554.0,0.0014866638230159,1
subspace,GEI,full,11,5,313.0,1,0,3,313.0,0.0010976637713611,0
subspace,GEI,full,11,6,890.0,1,0,3,890.0,0.0024935090914368,0
subspace,GEI,full,11,7,328.0,2,1,3,328.0,0.0016762444283813,4
subspace,GEI,full,11,8,373.0,1,0,3,373.0,0.0014007322024554,3
subspace,GEI,full,12,1,879.0,1,0,2,879.0,0.0024212533608078,2
subspace,GEI,full,12,2,826.0,2,1,2,826.0,0.0042338571511209,1
subspace,GEI,full,13,1,884.0,3,1,1,884.0,0.0018802508711814,4
subspace,GEI,full,14,1,1450.0,2,1,3,1450.0,0.0020167015027254,0
subspace,GEI,full,14,2,865.0,2,1,3,865.0,0.0034607858397066,1
subspace,GEI,full,14,3,339.0,2,1,3,339.0,0.0055201910436153,1
subspace,GEI,full,14,4,301.0,1,0,3,301.0,0.002256590873003,4
subspace,GEI,full,14,5,328.0,2,1,3,328.0,0.001750313444063,4
subspace,GEI,full,14,6,817.0,1,0,3,817.0,0.0014439036604017,2
subspace,GEI,full,15,1,775.0,2,1,1,775.0,0.0024862608406692,4
subspace,GEI,full,16,1,319.0,1,0,1,319.0,0.0013229523319751,1
subspace,GEI,full,17,1,825.0,2,1,1,825.0,0.0018192840507254,2
subspace,GEI,full,18,1,313.0,1,0,3,313.0,0.0018082079477608,0
subspace,GEI,full,18,2,818.0,2,1,3,818.0,0.0015856421086937,4
subspace,GEI,full,18,3,894.0,2,1,3,894.0,0.000932874972932,3
subspace,GEI,full,18,4,345.0,1,0,3,345.0,0.0035507667344063,4
subspace,GEI,full,19,1,369.0,2,1,1,369.0,0.0018599381437525,1
subspace,GEI,full,20,1,769.0,2,1,2,769.0,0.0032953589688986,2
subspace,GEI,full,20,2,997.0,1,0,2,997.0,0.0017192855011671,1
subspace,GEI,full,21,1,408.0,1,0,3,408.0,0.0012796570081263,1
subspace,GEI,full,21,2,785.0,2,1,3,785.0,0.0016327642370015,2
subspace,GEI,full,21,3,2892.0,1,0,3,2892.0,0.0010506350081413,4
subspace,GEI,full,22,1,331.0,1,0,3,331.0,0.0009657562477514,4
subspace,GEI,full,22,2,743.0,2,1,3,743.0,0.0014574968954548,3
subspace,GEI,full,22,3,437.0,1,0,3,437.0,0.0013967789709568,1
subspace,GEI,full,22,4,6003.0,1,0,3,6003.0,0.001104662194848,0
subspace,GEI,full,22,5,350.0,2,1,3,350.0,0.0022780909202992,1
subspace,GEI,full,22,6,858.0,2,1,3,858.0,0.001307473052293,0
subspace,GEI,full,23,1,568.0,1,0,2,568.0,0.0015974494162946,3
subspace,GEI,full,23,2,302.0,1,0,2,302.0,0.0027135419659316,3
subspace,GEI,full,24,1,566.0,1,0,1,566.0,0.0018702916568145,4
subspace,GEI,full,27,1,405.0,2,1,3,405.0,0.0022188695147633,3
subspace,GEI,full,27,2,317.0,2,1,3,317.0,0.0013299767160788,3
subspace,GEI,full,27,3,8006.0,1,0,3,8006.0,0.0018813192145898,2
subspace,GEI,full,27,4,2941.0,2,1,3,2941.0,0.0014964311849325,0
subspace,GEI,full,27,5,774.0,2,1,3,774.0,0.0019621779210865,0
subspace,GEI,full,27,6,327.0,2,1,3,327.0,0.0015985445352271,0
subspace,GEI,full,27,7,584.0,2,1,3,584.0,0.0028515385929495,1
subspace,GEI,full,27,8,550.0,1,0,3,550.0,0.0016144914552569,0
subspace,GEI,full,27,9,779.0,1,0,3,779.0,0.0015106513164937,4
subspace,GEI,full,28,1,313.0,1,0,3,313.0,0.0013683987781405,0
subspace,GEI,full,28,2,826.0,2,1,3,826.0,0.0020129915792495,1
subspace,GEI,full,28,3,817.0,1,0,3,817.0,0.0018755866913124,2
subspace,GEI,full,29,1,2952.0,2,1,3,2952.0,0.0025498617906123,2
subspace,GEI,full,29,2,781.0,2,1,3,781.0,0.0020265621133148,3
subspace,GEI,full,29,3,369.0,1,0,3,369.0,0.0016446819063276,1
subspace,GEI,full,34,1,858.0,2,1,2,858.0,0.0016737190308049,0
subspace,GEI,full,34,2,2932.0,2,1,2,2932.0,0.0011737077729776,1
subspace,GEI,full,35,1,586.0,1,0,3,586.0,0.0014571205247193,0
subspace,GEI,full,35,2,317.0,2,1,3,317.0,0.0015868623740971,3
subspace,GEI,full,35,3,405.0,1,0,3,405.0,0.0022518718615174,3
subspace,GEI,full,35,4,2892.0,1,0,3,2892.0,0.0011323948856443,4
subspace,GEI,full,35,5,351.0,1,0,3,351.0,0.0010058800689876,3
subspace,GEI,full,36,1,582.0,2,1,1,582.0,0.0017248345538973,2
subspace,GEI,full,37,1,739.0,1,0,1,739.0,0.0012129265815019,4
subspace,GEI,full,39,1,882.0,2,1,2,882.0,0.0016934745945036,1
subspace,GEI,full,39,2,794.0,2,1,2,794.0,0.0017637115670368,0
subspace,GEI,full,40,1,876.0,2,1,3,876.0,0.0012930533848702,3
subspace,GEI,full,40,2,331.0,1,0,3,331.0,0.0015272125601768,4
subspace,GEI,full,40,3,805.0,2,1,3,805.0,0.0020832179579883,0
subspace,GEI,full,40,4,786.0,2,1,3,786.0,0.0032884965185076,1
subspace,GEI,full,40,5,402.0,1,0,3,402.0,0.0017249941593036,3
subspace,GEI,full,40,6,742.0,1,0,3,742.0,0.0011644547339528,0
subspace,GEI,full,41,1,401.0,2,1,3,401.0,0.0011768424883484,4
subspace,GEI,full,41,2,367.0,1,0,3,367.0,0.0013586620334535,1
subspace,GEI,full,42,1,889.0,2,1,1,889.0,0.0018501195590943,2
subspace,GEI,full,50,1,458.0,2,1,1,458.0,0.0012223285157233,4
subspace,GEI,full,51,1,455.0,1,0,2,455.0,0.001623582560569,3
subspace,GEI,full,51,2,387.0,1,0,2,387.0,0.0012913473183289,0
subspace,GEI,full,52,1,377.0,2,1,1,377.0,0.0012771100737154,2
subspace,GEI,full,53,1,450.0,1,0,2,450.0,0.0011670876992866,0
subspace,GEI,full,54,1,462.0,1,0,3,462.0,0.0015408634208142,1
subspace,GEI,full,54,2,431.0,2,1,3,431.0,0.0013552715536206,1
subspace,GEI,full,54,3,327.0,2,1,3,327.0,0.0015021646395325,0
subspace,GEI,full,55,1,443.0,3,1,1,443.0,0.001523898448795,4
subspace,GEI,full,56,1,459.0,1,0,1,459.0,0.0014972845092415,2
subspace,GEI,full,57,1,736.0,2,1,1,736.0,0.001172223011963,1
subspace,GEI,full,58,1,611.0,1,0,2,611.0,0.0011352380970492,4
subspace,GEI,full,58,2,579.0,1,0,2,579.0,0.0012675434118136,2
subspace,GEI,full,59,1,6013.0,1,0,3,6013.0,0.0015535145066678,0
subspace,GEI,full,59,2,763.0,2,1,3,763.0,0.0065409210510551,1
subspace,GEI,full,59,3,820.0,1,0,3,820.0,0.0037433402612805,3
subspace,GEI,full,59,4,8001.0,1,0,3,8001.0,0.0012805559672415,4
subspace,GEI,full,59,5,434.0,2,1,3,434.0,0.0009703209507279,1
subspace,GEI,full,60,1,586.0,1,0,3,586.0,0.0012053257087245,0
subspace,GEI,full,60,2,413.0,2,1,3,413.0,0.0010813439730554,2
subspace,GEI,full,60,3,333.0,2,1,3,333.0,0.0016830611275509,3
subspace,GEI,full,60,4,886.0,2,1,3,886.0,0.0021712146699428,3
subspace,GEI,full,60,5,407.0,2,1,3,407.0,0.0011252800468355,4
subspace,GEI,full,60,6,380.0,1,0,3,380.0,0.0014464433770626,0
subspace,GEI,full,60,7,583.0,2,1,3,583.0,0.0017113897483795,1
subspace,GEI,full,61,1,575.0,1,0,1,575.0,0.0014009255683049,4
subspace,GEI,full,62,1,419.0,1,0,3,419.0,0.0014682675246149,1
subspace,GEI,full,62,2,441.0,1,0,3,441.0,0.0014645181363448,0
subspace,GEI,full,62,3,732.0,2,1,3,732.0,0.0010963340755552,2
subspace,GEI,full,63,1,867.0,2,1,3,867.0,0.0020895276684314,0
subspace,GEI,full,63,2,6012.0,1,0,3,6012.0,0.0007142834947444,3
subspace,GEI,full,63,3,823.0,2,1,3,823.0,0.0020236326381564,3
subspace,GEI,full,63,4,318.0,1,0,3,318.0,0.0014972657663747,2
subspace,GEI,full,63,5,2880.0,2,1,3,2880.0,0.0010142048122361,0
subspace,GEI,full,65,1,2925.0,1,0,2,2925.0,0.001135544036515,3
subspace,GEI,full,65,2,311.0,2,1,2,311.0,0.0009125596843659,4
subspace,GEI,full,66,1,772.0,3,1,3,772.0,0.0057058660313487,1
subspace,GEI,full,66,2,411.0,1,0,3,411.0,0.0010822956683114,3
subspace,GEI,full,66,3,306.0,2,1,3,306.0,0.0025808969512581,2
subspace,GEI,full,66,4,330.0,2,1,3,330.0,0.0013314691605046,3
subspace,GEI,full,67,1,403.0,1,0,2,403.0,0.0012984871864318,4
subspace,GEI,full,67,2,409.0,1,0,2,409.0,0.0041697099804878,2
subspace,GEI,full,67,3,8007.0,2,1,2,8007.0,0.0014646087074652,3
subspace,GEI,full,67,4,8003.0,2,1,2,8003.0,0.001535254297778,3
subspace,GEI,full,69,1,304.0,2,1,3,304.0,0.0026602502912282,1
subspace,GEI,full,69,2,422.0,2,1,3,422.0,0.0014591081999242,4
subspace,GEI,full,70,1,768.0,2,1,1,768.0,0.0015918568242341,0
subspace,GEI,full,71,1,1500.0,1,0,3,1500.0,0.0008796667680144,1
subspace,GEI,full,71,2,305.0,2,1,3,305.0,0.0011759208282455,0
subspace,GEI,full,71,3,418.0,2,1,3,418.0,0.0016493657603859,0
subspace,GEI,full,71,4,744.0,2,1,3,744.0,0.0010705743916332,2
subspace,GEI,full,71,5,883.0,1,0,3,883.0,0.0010597488144412,2
subspace,GEI,full,71,6,375.0,1,0,3,375.0,0.0011379518546164,0
subspace,GEI,full,71,7,543.0,2,1,3,543.0,0.0017010704614222,3
subspace,GEI,full,72,1,352.0,2,1,1,352.0,0.001425898168236,3
subspace,GEI,full,73,1,426.0,2,1,2,426.0,0.0015619029290974,2
subspace,GEI,full,73,2,423.0,1,0,2,423.0,0.0010994103504344,3
subspace,GEI,full,73,3,336.0,2,1,2,336.0,0.001763719250448,2
subspace,GEI,full,73,4,2917.0,2,1,2,2917.0,0.0009309046436101,3
subspace,GEI,full,73,5,417.0,2,1,2,417.0,0.0017651502275839,1
subspace,GEI,full,74,1,433.0,1,0,1,433.0,0.0009294998599216,0
subspace,GEI,full,76,1,372.0,1,0,1,372.0,0.0010435895528644,4
subspace,GEI,full,77,1,549.0,1,0,2,549.0,0.0015465398319065,2
subspace,GEI,full,77,2,365.0,1,0,2,365.0,0.0009603040525689,2
subspace,GEI,full,79,1,472.0,2,1,3,472.0,0.0016534865135326,4
subspace,GEI,full,79,2,406.0,3,1,3,406.0,0.0022879769094288,2
subspace,GEI,full,79,3,873.0,1,0,3,873.0,0.0043195197358727,4
subspace,GEI,full,80,1,383.0,1,0,3,383.0,0.0015272942837327,1
subspace,GEI,full,80,2,739.0,1,0,3,739.0,0.0009947941871359,4
subspace,GEI,full,80,3,889.0,2,1,3,889.0,0.0008711493574082,2
subspace,GEI,full,80,4,305.0,2,1,3,305.0,0.0025965573731809,0
subspace,GEI,full,82,1,338.0,1,0,3,338.0,0.0009767815936356,2
subspace,GEI,full,82,2,407.0,2,1,3,407.0,0.0011127407196909,4
subspace,GEI,full,82,3,350.0,1,0,3,350.0,0.002928102388978,1
subspace,GEI,full,82,4,441.0,1,0,3,441.0,0.0008340206113643,0
subspace,GEI,full,82,5,464.0,1,0,3,464.0,0.0016232240013778,1
subspace,GEI,full,82,6,423.0,1,0,3,423.0,0.0015633876901119,3
subspace,GEI,full,84,1,613.0,2,1,1,613.0,0.0012188621331006,2
subspace,GEI,full,85,1,457.0,1,0,3,457.0,0.0010916773462668,2
subspace,GEI,full,85,2,366.0,1,0,3,366.0,0.0012323746923357,2
subspace,GEI,full,85,3,448.0,1,0,3,448.0,0.0008580539142712,3
subspace,GEI,full,85,4,434.0,2,1,3,434.0,0.0008676262805238,1
subspace,GEI,full,85,5,583.0,2,1,3,583.0,0.0010534765897318,1
subspace,GEI,full,85,6,419.0,1,0,3,419.0,0.0014183435123413,1
subspace,GEI,full,86,1,6012.0,2,1,1,6012.0,0.0008056927472352,3
subspace,GEI,full,87,1,763.0,2,1,2,763.0,0.0027751675806939,1
subspace,GEI,full,88,1,820.0,2,1,3,820.0,0.0009469623910263,3
subspace,GEI,full,88,2,467.0,2,1,3,467.0,0.0011213079560548,0
subspace,GEI,full,88,3,801.0,2,1,3,801.0,0.0011514965444803,1
subspace,GEI,full,88,4,1458.0,1,0,3,1458.0,0.0012056932318955,4
subspace,GEI,full,89,1,411.0,2,1,3,411.0,0.0012810111511498,3
subspace,GEI,full,89,2,426.0,2,1,3,426.0,0.0012374615762382,2
subspace,GEI,full,89,3,886.0,1,0,3,886.0,0.0010567905846983,3
subspace,GEI,full,89,4,775.0,1,0,3,775.0,0.0012122532352805,4
subspace,GEI,full,90,1,458.0,2,1,3,458.0,0.0015166610246524,4
subspace,GEI,full,90,2,422.0,1,0,3,422.0,0.0017721024341881,4
subspace,GEI,full,90,3,452.0,1,0,3,452.0,0.0012197251198813,4
subspace,GEI,full,90,4,413.0,1,0,3,413.0,0.0010408334201201,2
subspace,GEI,full,94,1,333.0,2,1,1,333.0,0.0014815713511779,3
subspace,GEI,full,96,1,1500.0,1,0,3,1500.0,0.0006878345739096,1
subspace,GEI,full,96,2,375.0,2,1,3,375.0,0.000853280769661,0
subspace,GEI,full,96,3,418.0,2,1,3,418.0,0.0016304227756336,0
subspace,GEI,full,96,4,732.0,1,0,3,732.0,0.0010967227863147,2
subspace,GEI,full,97,1,586.0,3,1,3,586.0,0.0015946394996717,0
subspace,GEI,full,97,2,417.0,1,0,3,417.0,0.0021526720374822,1
subspace,GEI,full,97,3,883.0,3,1,3,883.0,0.0029674228280782,2
subspace,GEI,full,97,4,336.0,1,0,3,336.0,0.0029926183633506,2
subspace,GEI,full,98,1,407.0,2,1,2,407.0,0.0027820721734315,4
subspace,GEI,full,98,2,441.0,1,0,2,441.0,0.0012012417428195,0
subspace,GEI,full,99,1,464.0,1,0,3,464.0,0.0013661530101671,1
subspace,GEI,full,99,2,366.0,1,0,3,366.0,0.0013894368894398,2
subspace,GEI,full,99,3,418.0,2,1,3,418.0,0.001191260991618,0
subspace,GEI,full,99,4,434.0,2,1,3,434.0,0.0009425139287486,1
subspace,GEI,full,100,1,6012.0,2,1,2,6012.0,0.0011056523071601,3
subspace,GEI,full,100,2,6013.0,2,1,2,6013.0,0.0025650565512478,0
subspace,GEI,full,102,1,426.0,2,1,2,426.0,0.0013147767167538,2
subspace,GEI,full,102,2,425.0,1,0,2,425.0,0.0010942157823592,2
subspace,GEI,full,104,1,458.0,2,1,3,458.0,0.0012480029836297,4
subspace,GEI,full,104,2,422.0,2,1,3,422.0,0.001057960325852,4
subspace,GEI,full,104,3,611.0,1,0,3,611.0,0.0007669836049899,4
subspace,GEI,full,104,4,8007.0,1,0,3,8007.0,0.0007362184114754,3
subspace,GEI,full,105,1,328.0,1,0,2,328.0,0.000902468978893,4
subspace,GEI,full,105,2,380.0,2,1,2,380.0,0.0013472524005919,0
subspace,GEI,full,106,1,1500.0,2,1,3,1500.0,0.0009762175614014,1
subspace,GEI,full,106,2,420.0,1,0,3,420.0,0.0036725758109241,4
subspace,GEI,full,106,3,895.0,1,0,3,895.0,0.001564665697515,2
subspace,GEI,full,106,4,744.0,1,0,3,744.0,0.001257630996406,2
subspace,GEI,full,107,1,6010.0,1,0,2,6010.0,0.0019182953983545,4
subspace,GEI,full,107,2,459.0,1,0,2,459.0,0.0024633486755192,2
subspace,GEI,full,108,1,311.0,2,1,3,311.0,0.0010309589561074,4
subspace,GEI,full,108,2,448.0,1,0,3,448.0,0.0012833181535825,3
subspace,GEI,full,108,3,350.0,2,1,3,350.0,0.0011834702454507,1
subspace,GEI,full,108,4,2880.0,2,1,3,2880.0,0.0010510522406548,0
subspace,GEI,full,108,5,318.0,1,0,3,318.0,0.0010181530378758,2
subspace,GEI,full,109,1,2917.0,2,1,2,2917.0,0.0018860892159864,3
subspace,GEI,full,109,2,307.0,2,1,2,307.0,0.0018738941289484,1
subspace,GEI,full,109,3,413.0,1,0,2,413.0,0.0008929669857025,2
subspace,GEI,full,110,1,1446.0,1,0,1,1446.0,0.001370009034872,1
subspace,GEI,full,111,1,443.0,2,1,2,443.0,0.0010313072707504,4
subspace,GEI,full,111,2,421.0,2,1,2,421.0,0.0014158908743411,3
subspace,GEI,full,112,1,409.0,2,1,1,409.0,0.0019586810376495,2
subspace,GEI,full,113,1,333.0,2,1,3,333.0,0.0017930900212377,3
subspace,GEI,full,113,2,375.0,1,0,3,375.0,0.0008144120220094,0
subspace,GEI,full,113,3,370.0,2,1,3,370.0,0.0011466417927294,0
subspace,GEI,full,113,4,820.0,2,1,3,820.0,0.0015029339119791,3
subspace,GEI,full,113,5,883.0,1,0,3,883.0,0.0010457534808665,2
subspace,GEI,full,114,1,586.0,1,0,1,586.0,0.0010507522383704,0
subspace,GEI,full,115,1,336.0,2,1,2,336.0,0.0011674890993162,2
subspace,GEI,full,115,2,732.0,2,1,2,732.0,0.0010100732324644,2
subspace,GEI,full,116,1,423.0,2,1,3,423.0,0.002101288177073,3
subspace,GEI,full,116,2,419.0,1,0,3,419.0,0.0008078235550783,1
subspace,GEI,full,117,1,2952.0,2,1,2,2952.0,0.0015404784353449,2
subspace,GEI,full,117,2,417.0,2,1,2,417.0,0.0017143236473202,1
subspace,GEI,full,118,1,352.0,1,0,3,352.0,0.000882783322595,3
subspace,GEI,full,118,2,304.0,2,1,3,304.0,0.0015223094960674,1
subspace,GEI,full,118,3,433.0,2,1,3,433.0,0.0012037352425977,0
subspace,GEI,full,118,4,768.0,1,0,3,768.0,0.0019463710486888,0
subspace,GEI,leg,1,1,582.0,2,1,2,582.0,0.0005715787992812,2
subspace,GEI,leg,1,2,403.0,2,1,2,403.0,0.0007468029507435,4
subspace,GEI,leg,2,1,578.0,1,0,2,578.0,0.000461818097392,3
subspace,GEI,leg,2,2,603.0,1,0,2,603.0,0.0007503534434363,3
subspace,GEI,leg,3,1,431.0,1,0,2,431.0,0.0005849286681041,1
subspace,GEI,leg,3,2,555.0,2,1,2,555.0,0.000956256641075,0
subspace,GEI,leg,3,3,766.0,2,1,2,766.0,0.000776867440436,3
subspace,GEI,leg,4,1,550.0,1,0,2,550.0,0.0005696830339729,0
subspace,GEI,leg,4,2,419.0,1,0,2,419.0,0.0004205395525787,1
subspace,GEI,leg,6,1,416.0,1,0,1,416.0,0.0005609653308056,0
subspace,GEI,leg,7,1,568.0,1,0,3,568.0,0.0007601007819175,3
subspace,GEI,leg,7,2,,1,0,3,unknown,0.0010394072160124,1
subspace,GEI,leg,7,3,411.0,2,1,3,411.0,0.0006926899659447,3
subspace,GEI,leg,8,1,319.0,1,0,3,319.0,0.0004859947366639,1
subspace,GEI,leg,8,2,325.0,1,0,3,325.0,0.0007479996420443,4
subspace,GEI,leg,8,3,344.0,2,1,3,344.0,0.0006550617981702,0
subspace,GEI,leg,8,4,322.0,2,1,3,322.0,0.0014269058592617,0
subspace,GEI,leg,9,1,891.0,1,0,1,891.0,0.0004827269294764,4
subspace,GEI,leg,10,1,566.0,1,0,2,566.0,0.0006257538916543,4
subspace,GEI,leg,10,2,743.0,2,1,2,743.0,0.0006712371250614,3
subspace,GEI,leg,10,3,2928.0,1,0,2,2928.0,0.0003672806778922,2
subspace,GEI,leg,11,1,755.0,1,0,3,755.0,0.0008579575805924,4
subspace,GEI,leg,11,2,884.0,2,1,3,884.0,0.0018285023979842,4
subspace,GEI,leg,11,3,739.0,2,1,3,739.0,0.0010504045058041,4
subspace,GEI,leg,11,4,554.0,2,1,3,554.0,0.0007040331838652,1
subspace,GEI,leg,11,5,313.0,1,0,3,313.0,0.0003981837071478,0
subspace,GEI,leg,11,6,890.0,1,0,3,890.0,0.0014882415998727,0
subspace,GEI,leg,11,7,328.0,2,1,3,328.0,0.001074083847925,4
subspace,GEI,leg,11,8,373.0,1,0,3,373.0,0.0010382723994553,3
subspace,GEI,leg,12,1,879.0,1,0,2,879.0,0.0010107324924319,2
subspace,GEI,leg,12,2,826.0,2,1,2,826.0,0.0036324290558695,1
subspace,GEI,leg,13,1,884.0,3,1,1,884.0,0.0006188174011185,4
subspace,GEI,leg,14,1,1450.0,2,1,3,1450.0,0.0010669947369024,0
subspace,GEI,leg,14,2,865.0,2,1,3,865.0,0.0009850526694208,1
subspace,GEI,leg,14,3,339.0,2,1,3,339.0,0.0018470287322998,1
subspace,GEI,leg,14,4,301.0,1,0,3,301.0,0.0013083800440654,4
subspace,GEI,leg,14,5,328.0,2,1,3,328.0,0.0006739609525538,4
subspace,GEI,leg,14,6,817.0,1,0,3,817.0,0.0008545772871002,2
subspace,GEI,leg,15,1,775.0,2,1,1,775.0,0.000941913400311,4
subspace,GEI,leg,16,1,319.0,1,0,1,319.0,0.0005559751298278,1
subspace,GEI,leg,17,1,825.0,2,1,1,825.0,0.0006115742726251,2
subspace,GEI,leg,18,1,313.0,1,0,3,313.0,0.0006547497469,0
subspace,GEI,leg,18,2,818.0,2,1,3,818.0,0.00065641553374,4
subspace,GEI,leg,18,3,894.0,2,1,3,894.0,0.0005777713377028,3
subspace,GEI,leg,18,4,345.0,1,0,3,345.0,0.0009079625597223,4
subspace,GEI,leg,19,1,369.0,2,1,1,369.0,0.0010922290384769,1
subspace,GEI,leg,20,1,769.0,2,1,2,769.0,0.0018092989921569,2
subspace,GEI,leg,20,2,997.0,1,0,2,997.0,0.0007151489262469,1
subspace,GEI,leg,21,1,408.0,1,0,3,408.0,0.0007517585181631,1
subspace,GEI,leg,21,2,785.0,2,1,3,785.0,0.000772864324972,2
subspace,GEI,leg,21,3,2892.0,1,0,3,2892.0,0.0003690118319354,4
subspace,GEI,leg,22,1,331.0,1,0,3,331.0,0.0005180189036764,4
subspace,GEI,leg,22,2,743.0,2,1,3,743.0,0.0007962023955769,3
subspace,GEI,leg,22,3,437.0,1,0,3,437.0,0.0005177625571377,1
subspace,GEI,leg,22,4,6003.0,1,0,3,6003.0,0.0005818567587994,0
subspace,GEI,leg,22,5,350.0,2,1,3,350.0,0.0007750488002784,1
subspace,GEI,leg,22,6,858.0,2,1,3,858.0,0.0005203234031796,0
subspace,GEI,leg,23,1,568.0,1,0,2,568.0,0.0006236277404241,3
subspace,GEI,leg,23,2,302.0,1,0,2,302.0,0.0011786927934736,3
subspace,GEI,leg,24,1,566.0,1,0,1,566.0,0.0004199617833364,4
subspace,GEI,leg,27,1,405.0,2,1,3,405.0,0.0011035145726054,3
subspace,GEI,leg,27,2,317.0,2,1,3,317.0,0.0005467762239277,3
subspace,GEI,leg,27,3,8006.0,1,0,3,8006.0,0.0006951501709409,2
subspace,GEI,leg,27,4,2941.0,2,1,3,2941.0,0.0008367316913791,0
subspace,GEI,leg,27,5,774.0,2,1,3,774.0,0.0006156984018161,0
subspace,GEI,leg,27,6,327.0,2,1,3,327.0,0.0005609289510175,0
subspace,GEI,leg,27,7,584.0,2,1,3,584.0,0.0014054629718884,1
subspace,GEI,leg,27,8,550.0,1,0,3,550.0,0.0004352661198936,0
subspace,GEI,leg,27,9,779.0,1,0,3,779.0,0.0004775085253641,4
subspace,GEI,leg,28,1,313.0,1,0,3,313.0,0.0006477421848103,0
subspace,GEI,leg,28,2,826.0,2,1,3,826.0,0.0008253077976405,1
subspace,GEI,leg,28,3,817.0,1,0,3,817.0,0.0009946217760443,2
subspace,GEI,leg,29,1,2952.0,2,1,3,2952.0,0.0008595488034188,2
subspace,GEI,leg,29,2,781.0,2,1,3,781.0,0.0011067618615925,3
subspace,GEI,leg,29,3,369.0,1,0,3,369.0,0.0008838680805638,1
subspace,GEI,leg,34,1,858.0,2,1,2,858.0,0.0007480522617697,0
subspace,GEI,leg,34,2,2932.0,2,1,2,2932.0,0.0004847718810196,1
subspace,GEI,leg,35,1,586.0,1,0,3,586.0,0.0004687315667979,0
subspace,GEI,leg,35,2,317.0,2,1,3,317.0,0.0004226941382512,3
subspace,GEI,leg,35,3,405.0,1,0,3,405.0,0.0007570968009531,3
subspace,GEI,leg,35,4,2892.0,1,0,3,2892.0,0.0005385198164731,4
subspace,GEI,leg,35,5,351.0,1,0,3,351.0,0.0005435537896119,3
subspace,GEI,leg,36,1,582.0,2,1,1,582.0,0.0005541624268516,2
subspace,GEI,leg,37,1,739.0,1,0,1,739.0,0.0004782559117302,4
subspace,GEI,leg,39,1,882.0,2,1,2,882.0,0.0007385506760329,1
subspace,GEI,leg,39,2,794.0,2,1,2,794.0,0.0007076214533299,0
subspace,GEI,leg,40,1,876.0,2,1,3,876.0,0.0006089464295655,3
subspace,GEI,leg,40,2,331.0,1,0,3,331.0,0.0004187445738352,4
subspace,GEI,leg,40,3,805.0,2,1,3,805.0,0.0010673707583919,0
subspace,GEI,leg,40,4,786.0,2,1,3,786.0,0.0021963149774819,1
subspace,GEI,leg,40,5,402.0,1,0,3,402.0,0.0009394693770445,3
subspace,GEI,leg,40,6,742.0,1,0,3,742.0,0.0005912823253311,0
subspace,GEI,leg,41,1,401.0,2,1,3,401.0,0.0005389787838794,4
subspace,GEI,leg,41,2,367.0,1,0,3,367.0,0.0006434087990783,1
subspace,GEI,leg,42,1,889.0,2,1,1,889.0,0.0009610063279978,2
subspace,GEI,leg,50,1,458.0,2,1,1,458.0,0.0004308567149564,4
subspace,GEI,leg,51,1,455.0,1,0,2,455.0,0.0005195093108341,3
subspace,GEI,leg,51,2,387.0,1,0,2,387.0,0.0006824454176239,0
subspace,GEI,leg,52,1,377.0,2,1,1,377.0,0.0006387328612618,2
subspace,GEI,leg,53,1,450.0,1,0,2,450.0,0.0005072289495728,0
subspace,GEI,leg,54,1,462.0,1,0,3,462.0,0.0006521311588585,1
subspace,GEI,leg,54,2,431.0,2,1,3,431.0,0.0004570528981275,1
subspace,GEI,leg,54,3,327.0,2,1,3,327.0,0.0006690446753054,0
subspace,GEI,leg,55,1,443.0,3,1,1,443.0,0.0005886390572413,4
subspace,GEI,leg,56,1,459.0,1,0,1,459.0,0.0004615118959918,2
subspace,GEI,leg,57,1,736.0,2,1,1,736.0,0.0005194335244596,1
subspace,GEI,leg,58,1,611.0,1,0,2,611.0,0.0004599301028065,4
subspace,GEI,leg,58,2,579.0,1,0,2,579.0,0.0004829310928471,2
subspace,GEI,leg,59,1,6013.0,1,0,3,6013.0,0.0006603766232728,0
subspace,GEI,leg,59,2,763.0,2,1,3,763.0,0.0017398028867319,1
subspace,GEI,leg,59,3,820.0,1,0,3,820.0,0.0009927563369274,3
subspace,GEI,leg,59,4,8001.0,1,0,3,8001.0,0.0006675553740933,4
subspace,GEI,leg,59,5,434.0,2,1,3,434.0,0.0004500845388974,1
subspace,GEI,leg,60,1,586.0,1,0,3,586.0,0.0003782003477681,0
subspace,GEI,leg,60,2,413.0,2,1,3,413.0,0.0007680648122914,2
subspace,GEI,leg,60,3,333.0,2,1,3,333.0,0.0008434088667854,3
subspace,GEI,leg,60,4,886.0,2,1,3,886.0,0.0010694656521081,3
subspace,GEI,leg,60,5,407.0,2,1,3,407.0,0.0006264926632866,4
subspace,GEI,leg,60,6,380.0,1,0,3,380.0,0.0007713300874456,0
subspace,GEI,leg,60,7,583.0,2,1,3,583.0,0.0008099996484816,1
subspace,GEI,leg,61,1,575.0,1,0,1,575.0,0.0005880335811525,4
subspace,GEI,leg,62,1,419.0,1,0,3,419.0,0.0003665516269393,1
subspace,GEI,leg,62,2,441.0,1,0,3,441.0,0.0006587279494851,0
subspace,GEI,leg,62,3,732.0,2,1,3,732.0,0.0005277327727526,2
subspace,GEI,leg,63,1,867.0,2,1,3,867.0,0.0008299240726046,0
subspace,GEI,leg,63,2,6012.0,1,0,3,6012.0,0.0003040204755961,3
subspace,GEI,leg,63,3,823.0,2,1,3,823.0,0.0006332602351903,3
subspace,GEI,leg,63,4,318.0,1,0,3,318.0,0.0004637730307877,2
subspace,GEI,leg,63,5,2880.0,2,1,3,2880.0,0.0004970161244273,0
subspace,GEI,leg,65,1,2925.0,1,0,2,2925.0,0.000811472069472,3
subspace,GEI,leg,65,2,311.0,2,1,2,311.0,0.0002825183328241,4
subspace,GEI,leg,66,1,772.0,3,1,3,772.0,0.0032441879156976,1
subspace,GEI,leg,66,2,411.0,1,0,3,411.0,0.0006924172630533,3
subspace,GEI,leg,66,3,306.0,2,1,3,306.0,0.0010161623358726,2
subspace,GEI,leg,66,4,330.0,2,1,3,330.0,0.0005312772700563,3
subspace,GEI,leg,67,1,403.0,1,0,2,403.0,0.0004785553028341,4
subspace,GEI,leg,67,2,409.0,1,0,2,409.0,0.0007355551933869,2
subspace,GEI,leg,67,3,8007.0,2,1,2,8007.0,0.0005484333378262,3
subspace,GEI,leg,67,4,8003.0,2,1,2,8003.0,0.0006101920153014,3
subspace,GEI,leg,69,1,304.0,2,1,3,304.0,0.000877721409779,1
subspace,GEI,leg,69,2,422.0,2,1,3,422.0,0.0005438516382128,4
subspace,GEI,leg,70,1,768.0,2,1,1,768.0,0.0005786097608506,0
subspace,GEI,leg,71,1,1500.0,1,0,3,1500.0,0.0004648820904549,1
subspace,GEI,leg,71,2,305.0,2,1,3,305.0,0.0006236615590751,0
subspace,GEI,leg,71,3,418.0,2,1,3,418.0,0.000874608696904,0
subspace,GEI,leg,71,4,744.0,2,1,3,744.0,0.0005015660426579,2
subspace,GEI,leg,71,5,883.0,1,0,3,883.0,0.0004077126504853,2
subspace,GEI,leg,71,6,375.0,1,0,3,375.0,0.0004658489488065,0
subspace,GEI,leg,71,7,543.0,2,1,3,543.0,0.0008143144077621,3
subspace,GEI,leg,72,1,352.0,2,1,1,352.0,0.0004840758920181,3
subspace,GEI,leg,73,1,426.0,2,1,2,426.0,0.0006619205232709,2
subspace,GEI,leg,73,2,423.0,1,0,2,423.0,0.0006519831949844,3
subspace,GEI,leg,73,3,336.0,2,1,2,336.0,0.0004930000286549,2
subspace,GEI,leg,73,4,2917.0,2,1,2,2917.0,0.0004617720842361,3
subspace,GEI,leg,73,5,417.0,2,1,2,417.0,0.0005723315407522,1
subspace,GEI,leg,74,1,433.0,1,0,1,433.0,0.000621486979071,0
subspace,GEI,leg,76,1,372.0,1,0,1,372.0,0.0005594022222794,4
subspace,GEI,leg,77,1,549.0,1,0,2,549.0,0.0006968357483856,2
subspace,GEI,leg,77,2,365.0,1,0,2,365.0,0.0004245031159371,2
subspace,GEI,leg,79,1,472.0,2,1,3,472.0,0.0013029518304392,4
subspace,GEI,leg,79,2,406.0,3,1,3,406.0,0.0013769096694886,2
subspace,GEI,leg,79,3,873.0,1,0,3,873.0,0.0046902634203433,4
subspace,GEI,leg,80,1,383.0,1,0,3,383.0,0.0004445544909685,1
subspace,GEI,leg,80,2,739.0,1,0,3,739.0,0.0006421474972739,4
subspace,GEI,leg,80,3,889.0,2,1,3,889.0,0.0005070291226729,2
subspace,GEI,leg,80,4,305.0,2,1,3,305.0,0.0009308619773946,0
subspace,GEI,leg,82,1,338.0,1,0,3,338.0,0.0005843811668455,2
subspace,GEI,leg,82,2,407.0,2,1,3,407.0,0.000748579390347,4
subspace,GEI,leg,82,3,350.0,1,0,3,350.0,0.0005622598109766,1
subspace,GEI,leg,82,4,441.0,1,0,3,441.0,0.0004830553079955,0
subspace,GEI,leg,82,5,464.0,1,0,3,464.0,0.0004518105706665,1
subspace,GEI,leg,82,6,423.0,1,0,3,423.0,0.0007025600643828,3
subspace,GEI,leg,84,1,613.0,2,1,1,613.0,0.0005320984637364,2
subspace,GEI,leg,85,1,457.0,1,0,3,457.0,0.0005335370078682,2
subspace,GEI,leg,85,2,366.0,1,0,3,366.0,0.000471223203931,2
subspace,GEI,leg,85,3,448.0,1,0,3,448.0,0.0003742974658962,3
subspace,GEI,leg,85,4,434.0,2,1,3,434.0,0.0004438187170308,1
subspace,GEI,leg,85,5,583.0,2,1,3,583.0,0.0005368938436731,1
subspace,GEI,leg,85,6,419.0,1,0,3,419.0,0.0006208521663211,1
subspace,GEI,leg,86,1,6012.0,2,1,1,6012.0,0.0004663112340494,3
subspace,GEI,leg,87,1,763.0,2,1,2,763.0,0.0020585749298334,1
subspace,GEI,leg,88,1,820.0,2,1,3,820.0,0.0003637224435806,3
subspace,GEI,leg,88,2,467.0,2,1,3,467.0,0.0005545059684664,0
subspace,GEI,leg,88,3,801.0,2,1,3,801.0,0.0009645025711506,1
subspace,GEI,leg,88,4,1458.0,1,0,3,1458.0,0.0004526781849563,4
subspace,GEI,leg,89,1,411.0,2,1,3,411.0,0.0009273376781493,3
subspace,GEI,leg,89,2,426.0,2,1,3,426.0,0.0004481483774725,2
subspace,GEI,leg,89,3,886.0,1,0,3,886.0,0.0003520241589285,3
subspace,GEI,leg,89,4,775.0,1,0,3,775.0,0.0007271135691553,4
subspace,GEI,leg,90,1,458.0,2,1,3,458.0,0.0009777786908671,4
subspace,GEI,leg,90,2,422.0,1,0,3,422.0,0.0016225057188421,4
subspace,GEI,leg,90,3,452.0,1,0,3,452.0,0.0005202589090913,4
subspace,GEI,leg,90,4,413.0,1,0,3,413.0,0.0005750675918534,2
subspace,GEI,leg,94,1,333.0,2,1,1,333.0,0.0008413820760324,3
subspace,GEI,leg,96,1,1500.0,1,0,3,1500.0,0.0003888065111823,1
subspace,GEI,leg,96,2,375.0,2,1,3,375.0,0.0004645410517696,0
subspace,GEI,leg,96,3,418.0,2,1,3,418.0,0.0007357976865023,0
subspace,GEI,leg,96,4,732.0,1,0,3,732.0,0.0005708277458325,2
subspace,GEI,leg,97,1,586.0,3,1,3,586.0,0.0012352461926639,0
subspace,GEI,leg,97,2,417.0,1,0,3,417.0,0.0006902110762894,1
subspace,GEI,leg,97,3,883.0,3,1,3,883.0,0.0014021483948454,2
subspace,GEI,leg,97,4,336.0,1,0,3,336.0,0.0012782521080225,2
subspace,GEI,leg,98,1,407.0,2,1,2,407.0,0.0020947726443409,4
subspace,GEI,leg,98,2,441.0,1,0,2,441.0,0.0006286672432906,0
subspace,GEI,leg,99,1,464.0,1,0,3,464.0,0.0005560733843594,1
subspace,GEI,leg,99,2,366.0,1,0,3,366.0,0.0007118432549759,2
subspace,GEI,leg,99,3,418.0,2,1,3,418.0,0.0008675044518895,0
subspace,GEI,leg,99,4,434.0,2,1,3,434.0,0.0005933895008638,1
subspace,GEI,leg,100,1,6012.0,2,1,2,6012.0,0.0004452783614397,3
subspace,GEI,leg,100,2,6013.0,2,1,2,6013.0,0.0014551837230101,0
subspace,GEI,leg,102,1,426.0,2,1,2,426.0,0.0007886286475695,2
subspace,GEI,leg,102,2,425.0,1,0,2,425.0,0.0004870145930908,2
subspace,GEI,leg,104,1,458.0,2,1,3,458.0,0.0007143642869777,4
subspace,GEI,leg,104,2,422.0,2,1,3,422.0,0.0003682110109366,4
subspace,GEI,leg,104,3,611.0,1,0,3,611.0,0.0002997915726155,4
subspace,GEI,leg,104,4,8007.0,1,0,3,8007.0,0.0003354580840095,3
subspace,GEI,leg,105,1,328.0,1,0,2,328.0,0.0004638769314624,4
subspace,GEI,leg,105,2,380.0,2,1,2,380.0,0.0006304539274424,0
subspace,GEI,leg,106,1,1500.0,2,1,3,1500.0,0.0004076946061104,1
subspace,GEI,leg,106,2,420.0,1,0,3,420.0,0.0024287067353725,4
subspace,GEI,leg,106,3,895.0,1,0,3,895.0,0.0007637165253981,2
subspace,GEI,leg,106,4,744.0,1,0,3,744.0,0.000654659117572,2
subspace,GEI,leg,107,1,6010.0,1,0,2,6010.0,0.0013330208603292,4
subspace,GEI,leg,107,2,459.0,1,0,2,459.0,0.0016836064169183,2
subspace,GEI,leg,108,1,311.0,2,1,3,311.0,0.0003225919790565,4
subspace,GEI,leg,108,2,448.0,1,0,3,448.0,0.0005117622786201,3
subspace,GEI,leg,108,3,350.0,2,1,3,350.0,0.0007836333243176,1
subspace,GEI,leg,108,4,2880.0,2,1,3,2880.0,0.0005860734963789,0
subspace,GEI,leg,108,5,318.0,1,0,3,318.0,0.0004792355466634,2
subspace,GEI,leg,109,1,2917.0,2,1,2,2917.0,0.0005812348099425,3
subspace,GEI,leg,109,2,307.0,2,1,2,307.0,0.0006990968249738,1
subspace,GEI,leg,109,3,413.0,1,0,2,413.0,0.000355269992724,2
subspace,GEI,leg,110,1,1446.0,1,0,1,1446.0,0.000327123038005,1
subspace,GEI,leg,111,1,443.0,2,1,2,443.0,0.0003500996681395,4
subspace,GEI,leg,111,2,421.0,2,1,2,421.0,0.0003432970843277,3
subspace,GEI,leg,112,1,409.0,2,1,1,409.0,0.0004993865150026,2
subspace,GEI,leg,113,1,333.0,2,1,3,333.0,0.0009234937024302,3
subspace,GEI,leg,113,2,375.0,1,0,3,375.0,0.0004224108124617,0
subspace,GEI,leg,113,3,370.0,2,1,3,370.0,0.0004346899222582,0
subspace,GEI,leg,113,4,820.0,2,1,3,820.0,0.0004899668274447,3
subspace,GEI,leg,113,5,883.0,1,0,3,883.0,0.0003105498617514,2
subspace,GEI,leg,114,1,586.0,1,0,1,586.0,0.0004856975283473,0
subspace,GEI,leg,115,1,336.0,2,1,2,336.0,0.0004201467963866,2
subspace,GEI,leg,115,2,732.0,2,1,2,732.0,0.0004013253201264,2
subspace,GEI,leg,116,1,423.0,2,1,3,423.0,0.0006379899568855,3
subspace,GEI,leg,116,2,419.0,1,0,3,419.0,0.0003863585006911,1
subspace,GEI,leg,117,1,2952.0,2,1,2,2952.0,0.0005690568359568,2
subspace,GEI,leg,117,2,417.0,2,1,2,417.0,0.0005133841768838,1
subspace,GEI,leg,118,1,352.0,1,0,3,352.0,0.0003910540253855,3
subspace,GEI,leg,118,2,304.0,2,1,3,304.0,0.0007638006936758,1
subspace,GEI,leg,118,3,433.0,2,1,3,433.0,0.0005775982281193,0
subspace,GEI,leg,118,4,768.0,1,0,3,768.0,0.000668627268169,0
subspace,HEI,full,1,1,582.0,2,1,2,582.0,0.0001642721617827,2
subspace,HEI,full,1,2,403.0,2,1,2,403.0,0.0002659638994373,4
subspace,HEI,full,2,1,578.0,1,0,2,578.0,0.0002329181879758,3
subspace,HEI,full,2,2,603.0,1,0,2,603.0,0.000343948486261,3
subspace,HEI,full,3,1,431.0,1,0,2,431.0,0.0002008079027291,1
subspace,HEI,full,3,2,555.0,2,1,2,555.0,0.0001971386082004,0
subspace,HEI,full,3,3,766.0,2,1,2,766.0,0.0002880299580283,3
subspace,HEI,full,4,1,550.0,1,0,2,550.0,0.0001974291808437,0
subspace,HEI,full,4,2,419.0,1,0,2,419.0,0.0002096445823553,1
subspace,HEI,full,6,1,416.0,1,0,1,416.0,0.0002122236473951,0
subspace,HEI,full,7,1,568.0,1,0,3,568.0,0.0003108109813183,3
subspace,HEI,full,7,2,,1,0,3,unknown,0.0003680921799968,1
subspace,HEI,full,7,3,411.0,2,1,3,411.0,0.0002496648230589,3
subspace,HEI,full,8,1,319.0,1,0,3,319.0,0.0003018234856426,1
subspace,HEI,full,8,2,325.0,1,0,3,325.0,0.0003409706114325,4
subspace,HEI,full,8,3,344.0,2,1,3,344.0,0.0002850300516001,0
subspace,HEI,full,8,4,322.0,2,1,3,322.0,0.0004530860460363,0
subspace,HEI,full,9,1,891.0,1,0,1,891.0,0.0003769984468817,4
subspace,HEI,full,10,1,566.0,1,0,2,566.0,0.0002777612826321,4
subspace,HEI,full,10,2,743.0,2,1,2,743.0,0.0003098590241279,3
subspace,HEI,full,10,3,2928.0,1,0,2,2928.0,0.0001679125707596,2
subspace,HEI,full,11,1,755.0,1,0,3,755.0,0.0003817041288129,4
subspace,HEI,full,11,2,884.0,2,1,3,884.0,0.0008346517570316,4
subspace,HEI,full,11,3,739.0,2,1,3,739.0,0.000414558162447,4
subspace,HEI,full,11,4,554.0,2,1,3,554.0,0.0003495268174447,1
subspace,HEI,full,11,5,313.0,1,0,3,313.0,0.000291553325951,0
subspace,HEI,full,11,6,890.0,1,0,3,890.0,0.000554870290216,0
subspace,HEI,full,11,7,328.0,2,1,3,328.0,0.0008405793923884,4
subspace,HEI,full,11,8,373.0,1,0,3,373.0,0.0004945993423461,3
subspace,HEI,full,12,1,879.0,1,0,2,879.0,0.0008518630638718,2
subspace,HEI,full,12,2,826.0,2,1,2,826.0,0.0006600939668715,1
subspace,HEI,full,13,1,884.0,3,1,1,884.0,0.0003107185184489,4
subspace,HEI,full,14,1,1450.0,2,1,3,1450.0,0.0004019211046397,0
subspace,HEI,full,14,2,865.0,2,1,3,865.0,0.0006145296501927,1
subspace,HEI,full,14,3,339.0,2,1,3,339.0,0.0006196029717102,1
subspace,HEI,full,14,4,301.0,1,0,3,301.0,0.0004795303102582,4
subspace,HEI,full,14,5,328.0,2,1,3,328.0,0.0004056996549479,4
subspace,HEI,full,14,6,817.0,1,0,3,817.0,0.0003085892531089,2
subspace,HEI,full,15,1,775.0,2,1,1,775.0,0.0002926675952039,4
subspace,HEI,full,16,1,319.0,1,0,1,319.0,0.0002343236847082,1
subspace,HEI,full,17,1,825.0,2,1,1,825.0,0.0002331302675884,2
subspace,HEI,full,18,1,313.0,1,0,3,313.0,0.0005055670626461,0
subspace,HEI,full,18,2,818.0,2,1,3,818.0,0.0003654073516372,4
subspace,HEI,full,18,3,894.0,2,1,3,894.0,0.0002036366058746,3
subspace,HEI,full,18,4,345.0,1,0,3,345.0,0.0007246625609695,4
subspace,HEI,full,19,1,369.0,2,1,1,369.0,0.0003505389322526,1
subspace,HEI,full,20,1,769.0,2,1,2,769.0,0.0005250213434919,2
subspace,HEI,full,20,2,997.0,1,0,2,997.0,0.0002471869520377,1
subspace,HEI,full,21,1,408.0,1,0,3,408.0,0.0003049400984309,1
subspace,HEI,full,21,2,785.0,2,1,3,785.0,0.0011779547203332,2
subspace,HEI,full,21,3,2892.0,1,0,3,2892.0,0.0002152531524188,4
subspace,HEI,full,22,1,331.0,1,0,3,331.0,0.0002256443840451,4
subspace,HEI,full,22,2,743.0,2,1,3,743.0,0.000363657309208,3
subspace,HEI,full,22,3,437.0,1,0,3,437.0,0.0002883816487155,1
subspace,HEI,full,22,4,6003.0,1,0,3,6003.0,0.0001897531328722,0
subspace,HEI,full,22,5,350.0,2,1,3,350.0,0.0002519918489269,1
subspace,HEI,full,22,6,858.0,2,1,3,858.0,0.0002047353773377,0
subspace,HEI,full,23,1,568.0,1,0,2,568.0,0.0002937485987786,3
subspace,HEI,full,23,2,302.0,1,0,2,302.0,0.0010280110873281,3
subspace,HEI,full,24,1,566.0,1,0,1,566.0,0.0002809469006024,4
subspace,HEI,full,27,1,405.0,2,1,3,405.0,0.0004088929272256,3
subspace,HEI,full,27,2,317.0,2,1,3,317.0,0.0001949829311342,3
subspace,HEI,full,27,3,8006.0,1,0,3,8006.0,0.0002615073462948,2
subspace,HEI,full,27,4,2941.0,2,1,3,2941.0,0.0005444129928946,0
subspace,HEI,full,27,5,774.0,2,1,3,774.0,0.0006811526836827,0
subspace,HEI,full,27,6,327.0,2,1,3,327.0,0.0001972245227079,0
subspace,HEI,full,27,7,584.0,2,1,3,584.0,0.000352742295945,1
subspace,HEI,full,27,8,550.0,1,0,3,550.0,0.0002301932108821,0
subspace,HEI,full,27,9,779.0,1,0,3,779.0,0.0001898943592095,4
subspace,HEI,full,28,1,313.0,1,0,3,313.0,0.0002135713875759,0
subspace,HEI,full,28,2,826.0,2,1,3,826.0,0.0002818059292621,1
subspace,HEI,full,28,3,817.0,1,0,3,817.0,0.000327243033098,2
subspace,HEI,full,29,1,2952.0,2,1,3,2952.0,0.0003549345128703,2
subspace,HEI,full,29,2,781.0,2,1,3,781.0,0.0003961324109695,3
subspace,HEI,full,29,3,369.0,1,0,3,369.0,0.0002575441321823,1
subspace,HEI,full,34,1,858.0,2,1,2,858.0,0.0002555268001742,0
subspace,HEI,full,34,2,2932.0,2,1,2,2932.0,0.0002549276105128,1
subspace,HEI,full,35,1,586.0,1,0,3,586.0,0.0001919644710142,0
subspace,HEI,full,35,2,317.0,2,1,3,317.0,0.0005130936042405,3
subspace,HEI,full,35,3,405.0,1,0,3,405.0,0.0004657766548916,3
subspace,HEI,full,35,4,2892.0,1,0,3,2892.0,0.0002413483452983,4
subspace,HEI,full,35,5,351.0,1,0,3,351.0,0.0002149522188119,3
subspace,HEI,full,36,1,582.0,2,1,1,582.0,0.0002695497823879,2
subspace,HEI,full,37,1,739.0,1,0,1,739.0,0.0001606747537152,4
subspace,HEI,full,39,1,882.0,2,1,2,882.0,0.0002697168965823,1
subspace,HEI,full,39,2,794.0,2,1,2,794.0,0.0003175407182425,0
subspace,HEI,full,40,1,876.0,2,1,3,876.0,0.0002869184536393,3
subspace,HEI,full,40,2,331.0,1,0,3,331.0,0.0003945183125324,4
subspace,HEI,full,40,3,805.0,2,1,3,805.0,0.000349184818333,0
subspace,HEI,full,40,4,786.0,2,1,3,786.0,0.0005935040535405,1
subspace,HEI,full,40,5,402.0,1,0,3,402.0,0.0004003870417363,3
subspace,HEI,full,40,6,742.0,1,0,3,742.0,0.000170662504388,0
subspace,HEI,full,41,1,401.0,2,1,3,401.0,0.0002724239602684,4
subspace,HEI,full,41,2,367.0,1,0,3,367.0,0.0002580551372375,1
subspace,HEI,full,42,1,889.0,2,1,1,889.0,0.0010959927458316,2
subspace,HEI,full,50,1,458.0,2,1,1,458.0,0.0002889071474783,4
subspace,HEI,full,51,1,455.0,1,0,2,455.0,0.00040998874465,3
subspace,HEI,full,51,2,387.0,1,0,2,387.0,0.0002840743400156,0
subspace,HEI,full,52,1,377.0,2,1,1,377.0,0.000232039092225,2
subspace,HEI,full,53,1,450.0,1,0,2,450.0,0.000269029289484,0
subspace,HEI,full,54,1,462.0,1,0,3,462.0,0.0002842661342583,1
subspace,HEI,full,54,2,431.0,2,1,3,431.0,0.0002339178463444,1
subspace,HEI,full,54,3,327.0,2,1,3,327.0,0.0002765847020782,0
subspace,HEI,full,55,1,443.0,3,1,1,443.0,0.0001822666381485,4
subspace,HEI,full,56,1,459.0,1,0,1,459.0,0.0002677569282241,2
subspace,HEI,full,57,1,736.0,2,1,1,736.0,0.0001959347864612,1
subspace,HEI,full,58,1,611.0,1,0,2,611.0,0.0001928441051859,4
subspace,HEI,full,58,2,579.0,1,0,2,579.0,0.0001622711715754,2
subspace,HEI,full,59,1,6013.0,1,0,3,6013.0,0.00042365049012,0
subspace,HEI,full,59,2,763.0,2,1,3,763.0,0.0008086460875347,1
subspace,HEI,full,59,3,820.0,1,0,3,820.0,0.0008263671770691,3
subspace,HEI,full,59,4,8001.0,1,0,3,8001.0,0.0002851448953151,4
subspace,HEI,full,59,5,434.0,2,1,3,434.0,0.0001528183638583,1
subspace,HEI,full,60,1,586.0,1,0,3,586.0,0.0001662971917539,0
subspace,HEI,full,60,2,413.0,2,1,3,413.0,0.0001595455833012,2
subspace,HEI,full,60,3,333.0,2,1,3,333.0,0.0002396534546278,3
subspace,HEI,full,60,4,886.0,2,1,3,886.0,0.0003066459321416,3
subspace,HEI,full,60,5,407.0,2,1,3,407.0,0.0002454055938869,4
subspace,HEI,full,60,6,380.0,1,0,3,380.0,0.0003355734515935,0
subspace,HEI,full,60,7,583.0,2,1,3,583.0,0.0002200690942117,1
subspace,HEI,full,61,1,575.0,1,0,1,575.0,0.0002043410495389,4
subspace,HEI,full,62,1,419.0,1,0,3,419.0,0.0002221808827016,1
subspace,HEI,full,62,2,441.0,1,0,3,441.0,0.0005528642213903,0
subspace,HEI,full,62,3,732.0,2,1,3,732.0,0.0001871932181529,2
subspace,HEI,full,63,1,867.0,2,1,3,867.0,0.0002926046436186,0
subspace,HEI,full,63,2,6012.0,1,0,3,6012.0,0.0001168921007774,3
subspace,HEI,full,63,3,823.0,2,1,3,823.0,0.0005567029002122,3
subspace,HEI,full,63,4,318.0,1,0,3,318.0,0.0002608904032967,2
subspace,HEI,full,63,5,2880.0,2,1,3,2880.0,0.0001878279144875,0
subspace,HEI,full,65,1,2925.0,1,0,2,2925.0,0.0004709259083028,3
subspace,HEI,full,65,2,311.0,2,1,2,311.0,0.0001828160893637,4
subspace,HEI,full,66,1,772.0,3,1,3,772.0,0.0008341816719621,1
subspace,HEI,full,66,2,411.0,1,0,3,411.0,0.0002991708170156,3
subspace,HEI,full,66,3,306.0,2,1,3,306.0,0.0005056813824921,2
subspace,HEI,full,66,4,330.0,2,1,3,330.0,0.0002755143796093,3
subspace,HEI,full,67,1,403.0,1,0,2,403.0,0.0001702026638668,4
subspace,HEI,full,67,2,409.0,1,0,2,409.0,0.0002719867625273,2
subspace,HEI,full,67,3,8007.0,2,1,2,8007.0,0.0001944015821209,3
subspace,HEI,full,67,4,8003.0,2,1,2,8003.0,0.0003089218807872,3
subspace,HEI,full,69,1,304.0,2,1,3,304.0,0.0005014225607737,1
subspace,HEI,full,69,2,422.0,2,1,3,422.0,0.0002034996869042,4
subspace,HEI,full,70,1,768.0,2,1,1,768.0,0.0003332810592837,0
subspace,HEI,full,71,1,1500.0,1,0,3,1500.0,0.0001557311916258,1
subspace,HEI,full,71,2,305.0,2,1,3,305.0,0.0002916802768595,0
subspace,HEI,full,71,3,418.0,2,1,3,418.0,0.0003600796917453,0
subspace,HEI,full,71,4,744.0,2,1,3,744.0,0.0001705781032796,2
subspace,HEI,full,71,5,883.0,1,0,3,883.0,0.0001963249233085,2
subspace,HEI,full,71,6,375.0,1,0,3,375.0,0.0001746845809975,0
subspace,HEI,full,71,7,543.0,2,1,3,543.0,0.0004135122871957,3
subspace,HEI,full,72,1,352.0,2,1,1,352.0,0.0001683316077105,3
subspace,HEI,full,73,1,426.0,2,1,2,426.0,0.0002268152602482,2
subspace,HEI,full,73,2,423.0,1,0,2,423.0,0.0004891756689175,3
subspace,HEI,full,73,3,336.0,2,1,2,336.0,0.0003333822241984,2
subspace,HEI,full,73,4,2917.0,2,1,2,2917.0,0.0001857365277828,3
subspace,HEI,full,73,5,417.0,2,1,2,417.0,0.0003277853247709,1
subspace,HEI,full,74,1,433.0,1,0,1,433.0,0.0003106062067672,0
subspace,HEI,full,76,1,372.0,1,0,1,372.0,9.207281254930422e-05,4
subspace,HEI,full,77,1,549.0,1,0,2,549.0,0.000282571389107,2
subspace,HEI,full,77,2,365.0,1,0,2,365.0,0.0001261207071365,2
subspace,HEI,full,79,1,472.0,2,1,3,472.0,0.0002660571190062,4
subspace,HEI,full,79,2,406.0,3,1,3,406.0,0.0003065919154323,2
subspace,HEI,full,79,3,873.0,1,0,3,873.0,0.0004361128085292,4
subspace,HEI,full,80,1,383.0,1,0,3,383.0,0.000176305824425,1
subspace,HEI,full,80,2,739.0,1,0,3,739.0,0.0001470302813686,4
subspace,HEI,full,80,3,889.0,2,1,3,889.0,0.0001144749330705,2
subspace,HEI,full,80,4,305.0,2,1,3,305.0,0.0004603024863172,0
subspace,HEI,full,82,1,338.0,1,0,3,338.0,0.0001700829889159,2
subspace,HEI,full,82,2,407.0,2,1,3,407.0,0.0002765065291896,4
subspace,HEI,full,82,3,350.0,1,0,3,350.0,0.0004673243092838,1
subspace,HEI,full,82,4,441.0,1,0,3,441.0,0.0001568049046909,0
subspace,HEI,full,82,5,464.0,1,0,3,464.0,0.0002211369719589,1
subspace,HEI,full,82,6,423.0,1,0,3,423.0,0.0005944054573774,3
subspace,HEI,full,84,1,613.0,2,1,1,613.0,0.0001876757596619,2
subspace,HEI,full,85,1,457.0,1,0,3,457.0,0.0002568151976447,2
subspace,HEI,full,85,2,366.0,1,0,3,366.0,0.0002469637547619,2
subspace,HEI,full,85,3,448.0,1,0,3,448.0,0.0001210500195156,3
subspace,HEI,full,85,4,434.0,2,1,3,434.0,0.0001487712725065,1
subspace,HEI,full,85,5,583.0,2,1,3,583.0,0.0002795258769765,1
subspace,HEI,full,85,6,419.0,1,0,3,419.0,0.0004662568680942,1
subspace,HEI,full,86,1,6012.0,2,1,1,6012.0,0.000160533862072,3
subspace,HEI,full,87,1,763.0,2,1,2,763.0,0.0006597982137463,1
subspace,HEI,full,88,1,820.0,2,1,3,820.0,0.0001364842901239,3
subspace,HEI,full,88,2,467.0,2,1,3,467.0,0.0001840102195274,0
subspace,HEI,full,88,3,801.0,2,1,3,801.0,0.0003045230987481,1
subspace,HEI,full,88,4,1458.0,1,0,3,1458.0,0.0002289714320795,4
subspace,HEI,full,89,1,411.0,2,1,3,411.0,0.0002190997183788,3
subspace,HEI,full,89,2,426.0,2,1,3,426.0,0.0001421672932337,2
subspace,HEI,full,89,3,886.0,1,0,3,886.0,0.0002582347660791,3
subspace,HEI,full,89,4,775.0,1,0,3,775.0,0.0002722684876061,4
subspace,HEI,full,90,1,458.0,2,1,3,458.0,0.0004844725481234,4
subspace,HEI,full,90,2,422.0,1,0,3,422.0,0.0003255440387874,4
subspace,HEI,full,90,3,452.0,1,0,3,452.0,0.0002656286815181,4
subspace,HEI,full,90,4,413.0,1,0,3,413.0,0.0002317941398359,2
subspace,HEI,full,94,1,333.0,2,1,1,333.0,0.0007099324138835,3
subspace,HEI,full,96,1,1500.0,1,0,3,1500.0,0.0001237380929524,1
subspace,HEI,full,96,2,375.0,2,1,3,375.0,0.0001396061561536,0
subspace,HEI,full,96,3,418.0,2,1,3,418.0,0.0001437167229596,0
subspace,HEI,full,96,4,732.0,1,0,3,732.0,0.0001371077523799,2
subspace,HEI,full,97,1,586.0,3,1,3,586.0,0.0003511993563733,0
subspace,HEI,full,97,2,417.0,1,0,3,417.0,0.0004563831898849,1
subspace,HEI,full,97,3,883.0,3,1,3,883.0,0.0005739999469369,2
subspace,HEI,full,97,4,336.0,1,0,3,336.0,0.0008101034909486,2
subspace,HEI,full,98,1,407.0,2,1,2,407.0,0.0004056663601659,4
subspace,HEI,full,98,2,441.0,1,0,2,441.0,0.0001432537828804,0
subspace,HEI,full,99,1,464.0,1,0,3,464.0,0.0001492070878157,1
subspace,HEI,full,99,2,366.0,1,0,3,366.0,0.0002101600694004,2
subspace,HEI,full,99,3,418.0,2,1,3,418.0,0.0001943750830832,0
subspace,HEI,full,99,4,434.0,2,1,3,434.0,0.0001549414300825,1
subspace,HEI,full,100,1,6012.0,2,1,2,6012.0,0.0002181329909944,3
subspace,HEI,full,100,2,6013.0,2,1,2,6013.0,0.0002399583609076,0
subspace,HEI,full,102,1,426.0,2,1,2,426.0,0.0003755564393941,2
subspace,HEI,full,102,2,425.0,1,0,2,425.0,0.0001887236576294,2
subspace,HEI,full,104,1,458.0,2,1,3,458.0,0.0002332297881366,4
subspace,HEI,full,104,2,422.0,2,1,3,422.0,0.0001445317757315,4
subspace,HEI,full,104,3,611.0,1,0,3,611.0,0.0001095207117032,4
subspace,HEI,full,104,4,8007.0,1,0,3,8007.0,0.0001345924683846,3
subspace,HEI,full,105,1,328.0,1,0,2,328.0,0.0001554390473756,4
subspace,HEI,full,105,2,380.0,2,1,2,380.0,0.000138425908517,0
subspace,HEI,full,106,1,1500.0,2,1,3,1500.0,0.000150528139784,1
subspace,HEI,full,106,2,420.0,1,0,3,420.0,0.0004311888478696,4
subspace,HEI,full,106,3,895.0,1,0,3,895.0,0.0003539438475854,2
subspace,HEI,full,106,4,744.0,1,0,3,744.0,0.0003669676661957,2
subspace,HEI,full,107,1,6010.0,1,0,2,6010.0,0.0009490193915553,4
subspace,HEI,full,107,2,459.0,1,0,2,459.0,0.0003232177114114,2
subspace,HEI,full,108,1,311.0,2,1,3,311.0,0.0002369820285821,4
subspace,HEI,full,108,2,448.0,1,0,3,448.0,0.0001190887051052,3
subspace,HEI,full,108,3,350.0,2,1,3,350.0,0.000309450289933,1
subspace,HEI,full,108,4,2880.0,2,1,3,2880.0,0.0001494903699494,0
subspace,HEI,full,108,5,318.0,1,0,3,318.0,0.0001893934968393,2
subspace,HEI,full,109,1,2917.0,2,1,2,2917.0,0.0002537128166295,3
subspace,HEI,full,109,2,307.0,2,1,2,307.0,0.0003633640590123,1
subspace,HEI,full,109,3,413.0,1,0,2,413.0,0.0001052130755851,2
subspace,HEI,full,110,1,1446.0,1,0,1,1446.0,0.0001925197429955,1
subspace,HEI,full,111,1,443.0,2,1,2,443.0,0.0001280865690205,4
subspace,HEI,full,111,2,421.0,2,1,2,421.0,0.0001727360067889,3
subspace,HEI,full,112,1,409.0,2,1,1,409.0,0.0002365469699725,2
subspace,HEI,full,113,1,333.0,2,1,3,333.0,0.0002345088432775,3
subspace,HEI,full,113,2,375.0,1,0,3,375.0,0.0001166953588835,0
subspace,HEI,full,113,3,370.0,2,1,3,370.0,0.0001618099922779,0
subspace,HEI,full,113,4,820.0,2,1,3,820.0,0.0001801047328626,3
subspace,HEI,full,113,5,883.0,1,0,3,883.0,0.000104215061583,2
subspace,HEI,full,114,1,586.0,1,0,1,586.0,0.0002452388871461,0
subspace,HEI,full,115,1,336.0,2,1,2,336.0,0.0001920737267937,2
subspace,HEI,full,115,2,732.0,2,1,2,732.0,0.0001076674379874,2
subspace,HEI,full,116,1,423.0,2,1,3,423.0,0.000216918735532,3
subspace,HEI,full,116,2,419.0,1,0,3,419.0,8.363368397112936e-05,1
subspace,HEI,full,117,1,2952.0,2,1,2,2952.0,0.0001478026679251,2
subspace,HEI,full,117,2,417.0,2,1,2,417.0,0.0002199261216446,1
subspace,HEI,full,118,1,352.0,1,0,3,352.0,0.0001867550163296,3
subspace,HEI,full,118,2,304.0,2,1,3,304.0,0.0002010230964515,1
subspace,HEI,full,118,3,433.0,2,1,3,433.0,0.0001338709407718,0
subspace,HEI,full,118,4,768.0,1,0,3,768.0,0.0003100513131357,0
subspace,HEI,leg,1,1,582.0,2,1,2,582.0,7.953225576784462e-05,2
subspace,HEI,leg,1,2,403.0,2,1,2,403.0,0.0001384381321258,4
subspace,HEI,leg,2,1,578.0,1,0,2,578.0,0.0001582971599418,3
subspace,HEI,leg,2,2,603.0,1,0,2,603.0,0.0001324152981396,3
subspace,HEI,leg,3,1,431.0,1,0,2,431.0,0.0001220558187924,1
subspace,HEI,leg,3,2,555.0,2,1,2,555.0,0.0001353099942207,0
subspace,HEI,leg,3,3,766.0,2,1,2,766.0,0.0001815343566704,3
subspace,HEI,leg,4,1,550.0,1,0,2,550.0,0.000102366451756,0
subspace,HEI,leg,4,2,419.0,1,0,2,419.0,8.913801866583526e-05,1
subspace,HEI,leg,6,1,416.0,1,0,1,416.0,0.0001019197661662,0
subspace,HEI,leg,7,1,568.0,1,0,3,568.0,0.0001980188244488,3
subspace,HEI,leg,7,2,,1,0,3,unknown,0.0002208965161116,1
subspace,HEI,leg,7,3,411.0,2,1,3,411.0,0.0002033151686191,3
subspace,HEI,leg,8,1,319.0,1,0,3,319.0,0.0001868829713203,1
subspace,HEI,leg,8,2,325.0,1,0,3,325.0,0.0002081519342027,4
subspace,HEI,leg,8,3,344.0,2,1,3,344.0,0.0002423031546641,0
subspace,HEI,leg,8,4,322.0,2,1,3,322.0,0.0001816157455323,0
subspace,HEI,leg,9,1,891.0,1,0,1,891.0,0.0001827717205742,4
subspace,HEI,leg,10,1,566.0,1,0,2,566.0,0.000105452396383,4
subspace,HEI,leg,10,2,743.0,2,1,2,743.0,0.0001385307405143,3
subspace,HEI,leg,10,3,2928.0,1,0,2,2928.0,0.0001109601798816,2
subspace,HEI,leg,11,1,755.0,1,0,3,755.0,0.0001894525776151,4
subspace,HEI,leg,11,2,884.0,2,1,3,884.0,0.0004758849390782,4
subspace,HEI,leg,11,3,739.0,2,1,3,739.0,0.000238298162003,4
subspace,HEI,leg,11,4,554.0,2,1,3,554.0,0.0001402821217197,1
subspace,HEI,leg,11,5,313.0,1,0,3,313.0,0.0001079521898645,0
subspace,HEI,leg,11,6,890.0,1,0,3,890.0,0.000336072553182,0
subspace,HEI,leg,11,7,328.0,2,1,3,328.0,0.0005607575294561,4
subspace,HEI,leg,11,8,373.0,1,0,3,373.0,0.0003422200097702,3
subspace,HEI,leg,12,1,879.0,1,0,2,879.0,0.0003293822228442,2
subspace,HEI,leg,12,2,826.0,2,1,2,826.0,0.0005562761798501,1
subspace,HEI,leg,13,1,884.0,3,1,1,884.0,0.0001848456158768,4
subspace,HEI,leg,14,1,1450.0,2,1,3,1450.0,0.0001655587693676,0
subspace,HEI,leg,14,2,865.0,2,1,3,865.0,0.0001995627535507,1
subspace,HEI,leg,14,3,339.0,2,1,3,339.0,0.0001846915401984,1
subspace,HEI,leg,14,4,301.0,1,0,3,301.0,0.0003029593499377,4
subspace,HEI,leg,14,5,328.0,2,1,3,328.0,0.0001738843711791,4
subspace,HEI,leg,14,6,817.0,1,0,3,817.0,0.0001920793292811,2
subspace,HEI,leg,15,1,775.0,2,1,1,775.0,0.0001406607334502,4
subspace,HEI,leg,16,1,319.0,1,0,1,319.0,0.000156974492711,1
subspace,HEI,leg,17,1,825.0,2,1,1,825.0,0.0001289692299906,2
subspace,HEI,leg,18,1,313.0,1,0,3,313.0,0.0002805441909004,0
subspace,HEI,leg,18,2,818.0,2,1,3,818.0,0.0002080268313875,4
subspace,HEI,leg,18,3,894.0,2,1,3,894.0,0.0001138168081524,3
subspace,HEI,leg,18,4,345.0,1,0,3,345.0,0.0002712747082114,4
subspace,HEI,leg,19,1,369.0,2,1,1,369.0,0.0002098814002238,1
subspace,HEI,leg,20,1,769.0,2,1,2,769.0,0.0003945853095501,2
subspace,HEI,leg,20,2,997.0,1,0,2,997.0,0.0001480894570704,1
subspace,HEI,leg,21,1,408.0,1,0,3,408.0,0.000216020620428,1
subspace,HEI,leg,21,2,785.0,2,1,3,785.0,0.0001380874600727,2
subspace,HEI,leg,21,3,2892.0,1,0,3,2892.0,0.0001236070820596,4
subspace,HEI,leg,22,1,331.0,1,0,3,331.0,0.0001927433768287,4
subspace,HEI,leg,22,2,743.0,2,1,3,743.0,0.0002098033437505,3
subspace,HEI,leg,22,3,437.0,1,0,3,437.0,0.0001366997748846,1
subspace,HEI,leg,22,4,6003.0,1,0,3,6003.0,0.0001276042748941,0
subspace,HEI,leg,22,5,350.0,2,1,3,350.0,0.0001174033386632,1
subspace,HEI,leg,22,6,858.0,2,1,3,858.0,8.902863919502124e-05,0
subspace,HEI,leg,23,1,568.0,1,0,2,568.0,0.00018506993365,3
subspace,HEI,leg,23,2,302.0,1,0,2,302.0,0.0005687942611984,3
subspace,HEI,leg,24,1,566.0,1,0,1,566.0,0.0001257232943316,4
subspace,HEI,leg,27,1,405.0,2,1,3,405.0,0.0001599295937921,3
subspace,HEI,leg,27,2,317.0,2,1,3,317.0,0.0001297614508075,3
subspace,HEI,leg,27,3,8006.0,1,0,3,8006.0,0.000178639034857,2
subspace,HEI,leg,27,4,2941.0,2,1,3,2941.0,0.0002055723161902,0
subspace,HEI,leg,27,5,774.0,2,1,3,774.0,0.0001996017817873,0
subspace,HEI,leg,27,6,327.0,2,1,3,327.0,0.0001039068738464,0
subspace,HEI,leg,27,7,584.0,2,1,3,584.0,0.0001791308895917,1
subspace,HEI,leg,27,8,550.0,1,0,3,550.0,0.0001252386136911,0
subspace,HEI,leg,27,9,779.0,1,0,3,779.0,0.0001705458998912,4
subspace,HEI,leg,28,1,313.0,1,0,3,313.0,0.000121559620311,0
subspace,HEI,leg,28,2,826.0,2,1,3,826.0,0.0001593834749655,1
subspace,HEI,leg,28,3,817.0,1,0,3,817.0,0.0002332303265575,2
subspace,HEI,leg,29,1,2952.0,2,1,3,2952.0,0.000285994639853,2
subspace,HEI,leg,29,2,781.0,2,1,3,781.0,0.0002263780479552,3
subspace,HEI,leg,29,3,369.0,1,0,3,369.0,0.0001733669632812,1
subspace,HEI,leg,34,1,858.0,2,1,2,858.0,0.0001217038588947,0
subspace,HEI,leg,34,2,2932.0,2,1,2,2932.0,0.0001120330416597,1
subspace,HEI,leg,35,1,586.0,1,0,3,586.0,7.995977648533881e-05,0
subspace,HEI,leg,35,2,317.0,2,1,3,317.0,0.0001905467797769,3
subspace,HEI,leg,35,3,405.0,1,0,3,405.0,0.0001398488529957,3
subspace,HEI,leg,35,4,2892.0,1,0,3,2892.0,0.0001427214156137,4
subspace,HEI,leg,35,5,351.0,1,0,3,351.0,0.0001440887281205,3
subspace,HEI,leg,36,1,582.0,2,1,1,582.0,0.0001015375237329,2
subspace,HEI,leg,37,1,739.0,1,0,1,739.0,0.0001263025624211,4
subspace,HEI,leg,39,1,882.0,2,1,2,882.0,9.676982881501316e-05,1
subspace,HEI,leg,39,2,794.0,2,1,2,794.0,0.0001294090761803,0
subspace,HEI,leg,40,1,876.0,2,1,3,876.0,0.0001340051676379,3
subspace,HEI,leg,40,2,331.0,1,0,3,331.0,0.0001342646864941,4
subspace,HEI,leg,40,3,805.0,2,1,3,805.0,0.0001800356258172,0
subspace,HEI,leg,40,4,786.0,2,1,3,786.0,0.0001533932081656,1
subspace,HEI,leg,40,5,402.0,1,0,3,402.0,0.000152784952661,3
subspace,HEI,leg,40,6,742.0,1,0,3,742.0,0.0001011068306979,0
subspace,HEI,leg,41,1,401.0,2,1,3,401.0,0.000109915563371,4
subspace,HEI,leg,41,2,367.0,1,0,3,367.0,0.0001268531341338,1
subspace,HEI,leg,42,1,889.0,2,1,1,889.0,0.0004467537510208,2
subspace,HEI,leg,50,1,458.0,2,1,1,458.0,0.0001322196912951,4
subspace,HEI,leg,51,1,455.0,1,0,2,455.0,0.0002803191891871,3
subspace,HEI,leg,51,2,387.0,1,0,2,387.0,0.0001595015346538,0
subspace,HEI,leg,52,1,377.0,2,1,1,377.0,0.0001200705009978,2
subspace,HEI,leg,53,1,450.0,1,0,2,450.0,0.0001502512895967,0
subspace,HEI,leg,54,1,462.0,1,0,3,462.0,0.0001083127353922,1
subspace,HEI,leg,54,2,431.0,2,1,3,431.0,0.0001334854168817,1
subspace,HEI,leg,54,3,327.0,2,1,3,327.0,0.0001768964139046,0
subspace,HEI,leg,55,1,443.0,3,1,1,443.0,0.000119431366329,4
subspace,HEI,leg,56,1,459.0,1,0,1,459.0,0.0001011240674415,2
subspace,HEI,leg,57,1,736.0,2,1,1,736.0,0.0001099350338336,1
subspace,HEI,leg,58,1,611.0,1,0,2,611.0,7.982626266311854e-05,4
subspace,HEI,leg,58,2,579.0,1,0,2,579.0,0.0001262500736629,2
subspace,HEI,leg,59,1,6013.0,1,0,3,6013.0,0.0001825003710109,0
subspace,HEI,leg,59,2,763.0,2,1,3,763.0,0.0003308587474748,1
subspace,HEI,leg,59,3,820.0,1,0,3,820.0,0.0002504890435375,3
subspace,HEI,leg,59,4,8001.0,1,0,3,8001.0,0.0001390450634062,4
subspace,HEI,leg,59,5,434.0,2,1,3,434.0,8.011152385734022e-05,1
subspace,HEI,leg,60,1,586.0,1,0,3,586.0,7.473176083294675e-05,0
subspace,HEI,leg,60,2,413.0,2,1,3,413.0,0.0001099980363505,2
subspace,HEI,leg,60,3,333.0,2,1,3,333.0,0.0001667145115789,3
subspace,HEI,leg,60,4,886.0,2,1,3,886.0,0.0001773158437572,3
subspace,HEI,leg,60,5,407.0,2,1,3,407.0,0.0001667917968006,4
subspace,HEI,leg,60,6,380.0,1,0,3,380.0,0.0001450838753953,0
subspace,HEI,leg,60,7,583.0,2,1,3,583.0,0.0001384110364597,1
subspace,HEI,leg,61,1,575.0,1,0,1,575.0,0.0001088060234906,4
subspace,HEI,leg,62,1,419.0,1,0,3,419.0,0.0001049683778546,1
subspace,HEI,leg,62,2,441.0,1,0,3,441.0,0.000118309573736,0
subspace,HEI,leg,62,3,732.0,2,1,3,732.0,0.000148577557411,2
subspace,HEI,leg,63,1,867.0,2,1,3,867.0,0.000124050755403,0
subspace,HEI,leg,63,2,6012.0,1,0,3,6012.0,7.994818588485941e-05,3
subspace,HEI,leg,63,3,823.0,2,1,3,823.0,0.0001690648350631,3
subspace,HEI,leg,63,4,318.0,1,0,3,318.0,0.0001112514291889,2
subspace,HEI,leg,63,5,2880.0,2,1,3,2880.0,0.0001330852101091,0
subspace,HEI,leg,65,1,2925.0,1,0,2,2925.0,0.0003345687291584,3
subspace,HEI,leg,65,2,311.0,2,1,2,311.0,0.0001064856623997,4
subspace,HEI,leg,66,1,772.0,3,1,3,772.0,0.0005650385282933,1
subspace,HEI,leg,66,2,411.0,1,0,3,411.0,0.0001360122550977,3
subspace,HEI,leg,66,3,306.0,2,1,3,306.0,0.0002250900724902,2
subspace,HEI,leg,66,4,330.0,2,1,3,330.0,0.0001361609174637,3
subspace,HEI,leg,67,1,403.0,1,0,2,403.0,0.0001013900691759,4
subspace,HEI,leg,67,2,409.0,1,0,2,409.0,9.126123768510296e-05,2
subspace,HEI,leg,67,3,8007.0,2,1,2,8007.0,9.294910705648364e-05,3
subspace,HEI,leg,67,4,8003.0,2,1,2,8003.0,0.0001626244920771,3
subspace,HEI,leg,69,1,304.0,2,1,3,304.0,0.0003867688064929,1
subspace,HEI,leg,69,2,422.0,2,1,3,422.0,0.0001549191365484,4
subspace,HEI,leg,70,1,768.0,2,1,1,768.0,0.0001832296547945,0
subspace,HEI,leg,71,1,1500.0,1,0,3,1500.0,0.0001136317587224,1
subspace,HEI,leg,71,2,305.0,2,1,3,305.0,0.0001409207179676,0
subspace,HEI,leg,71,3,418.0,2,1,3,418.0,0.0002456189831718,0
subspace,HEI,leg,71,4,744.0,2,1,3,744.0,0.0001039468334056,2
subspace,HEI,leg,71,5,883.0,1,0,3,883.0,0.0001750531955622,2
subspace,HEI,leg,71,6,375.0,1,0,3,375.0,9.36208525672555e-05,0
subspace,HEI,leg,71,7,543.0,2,1,3,543.0,0.0002446130965836,3
subspace,HEI,leg,72,1,352.0,2,1,1,352.0,8.743570651859045e-05,3
subspace,HEI,leg,73,1,426.0,2,1,2,426.0,0.0001022351789288,2
subspace,HEI,leg,73,2,423.0,1,0,2,423.0,0.0002214248816017,3
subspace,HEI,leg,73,3,336.0,2,1,2,336.0,0.0001270447683054,2
subspace,HEI,leg,73,4,2917.0,2,1,2,2917.0,0.0001272842346224,3
subspace,HEI,leg,73,5,417.0,2,1,2,417.0,0.0001591258478583,1
subspace,HEI,leg,74,1,433.0,1,0,1,433.0,0.0002026254660449,0
subspace,HEI,leg,76,1,372.0,1,0,1,372.0,7.23038538126275e-05,4
subspace,HEI,leg,77,1,549.0,1,0,2,549.0,0.0001717947307042,2
subspace,HEI,leg,77,2,365.0,1,0,2,365.0,7.602470577694476e-05,2
subspace,HEI,leg,79,1,472.0,2,1,3,472.0,0.0002183725882787,4
subspace,HEI,leg,79,2,406.0,3,1,3,406.0,0.0001591425680089,2
subspace,HEI,leg,79,3,873.0,1,0,3,873.0,0.0005786215770058,4
subspace,HEI,leg,80,1,383.0,1,0,3,383.0,0.000107133455458,1
subspace,HEI,leg,80,2,739.0,1,0,3,739.0,0.000103052756458,4
subspace,HEI,leg,80,3,889.0,2,1,3,889.0,8.412255556322634e-05,2
subspace,HEI,leg,80,4,305.0,2,1,3,305.0,0.0002243318303953,0
subspace,HEI,leg,82,1,338.0,1,0,3,338.0,8.424423140240833e-05,2
subspace,HEI,leg,82,2,407.0,2,1,3,407.0,0.0001130334858316,4
subspace,HEI,leg,82,3,350.0,1,0,3,350.0,0.0001225201121997,1
subspace,HEI,leg,82,4,441.0,1,0,3,441.0,7.150904275476933e-05,0
subspace,HEI,leg,82,5,464.0,1,0,3,464.0,9.744687122292817e-05,1
subspace,HEI,leg,82,6,423.0,1,0,3,423.0,0.0002056627999991,3
subspace,HEI,leg,84,1,613.0,2,1,1,613.0,8.559751586290076e-05,2
subspace,HEI,leg,85,1,457.0,1,0,3,457.0,0.0001368798839394,2
subspace,HEI,leg,85,2,366.0,1,0,3,366.0,6.594591832254082e-05,2
subspace,HEI,leg,85,3,448.0,1,0,3,448.0,7.53213680582121e-05,3
subspace,HEI,leg,85,4,434.0,2,1,3,434.0,0.0001196015946334,1
subspace,HEI,leg,85,5,583.0,2,1,3,583.0,0.0001271302753593,1
subspace,HEI,leg,85,6,419.0,1,0,3,419.0,9.501707972958684e-05,1
subspace,HEI,leg,86,1,6012.0,2,1,1,6012.0,0.0001315786503255,3
subspace,HEI,leg,87,1,763.0,2,1,2,763.0,0.0003974037244915,1
subspace,HEI,leg,88,1,820.0,2,1,3,820.0,9.307788423029706e-05,3
subspace,HEI,leg,88,2,467.0,2,1,3,467.0,8.09038829174824e-05,0
subspace,HEI,leg,88,3,801.0,2,1,3,801.0,0.000242003967287,1
subspace,HEI,leg,88,4,1458.0,1,0,3,1458.0,9.537944424664602e-05,4
subspace,HEI,leg,89,1,411.0,2,1,3,411.0,0.0001336317800451,3
subspace,HEI,leg,89,2,426.0,2,1,3,426.0,8.863653056323528e-05,2
subspace,HEI,leg,89,3,886.0,1,0,3,886.0,0.0001408849202562,3
subspace,HEI,leg,89,4,775.0,1,0,3,775.0,0.0001311429514316,4
subspace,HEI,leg,90,1,458.0,2,1,3,458.0,0.0002757392940111,4
subspace,HEI,leg,90,2,422.0,1,0,3,422.0,0.0002650973619893,4
subspace,HEI,leg,90,3,452.0,1,0,3,452.0,0.0001134410704253,4
subspace,HEI,leg,90,4,413.0,1,0,3,413.0,0.0001753465476213,2
subspace,HEI,leg,94,1,333.0,2,1,1,333.0,0.0005744358059018,3
subspace,HEI,leg,96,1,1500.0,1,0,3,1500.0,7.480614294763654e-05,1
subspace,HEI,leg,96,2,375.0,2,1,3,375.0,7.894147711340338e-05,0
subspace,HEI,leg,96,3,418.0,2,1,3,418.0,8.928111492423341e-05,0
subspace,HEI,leg,96,4,732.0,1,0,3,732.0,9.791664342628792e-05,2
subspace,HEI,leg,97,1,586.0,3,1,3,586.0,0.0001961671514436,0
subspace,HEI,leg,97,2,417.0,1,0,3,417.0,0.0001827448286348,1
subspace,HEI,leg,97,3,883.0,3,1,3,883.0,0.0003052013926208,2
subspace,HEI,leg,97,4,336.0,1,0,3,336.0,0.0003832577203866,2
subspace,HEI,leg,98,1,407.0,2,1,2,407.0,0.0003221669467166,4
subspace,HEI,leg,98,2,441.0,1,0,2,441.0,9.87628154689446e-05,0
subspace,HEI,leg,99,1,464.0,1,0,3,464.0,9.129443787969647e-05,1
subspace,HEI,leg,99,2,366.0,1,0,3,366.0,0.0001162412081612,2
subspace,HEI,leg,99,3,418.0,2,1,3,418.0,0.0001249604683835,0
subspace,HEI,leg,99,4,434.0,2,1,3,434.0,8.124926534947008e-05,1
subspace,HEI,leg,100,1,6012.0,2,1,2,6012.0,7.806209032423794e-05,3
subspace,HEI,leg,100,2,6013.0,2,1,2,6013.0,0.000126094702864,0
subspace,HEI,leg,102,1,426.0,2,1,2,426.0,0.0002428033621981,2
subspace,HEI,leg,102,2,425.0,1,0,2,425.0,0.0001334323314949,2
subspace,HEI,leg,104,1,458.0,2,1,3,458.0,0.0001610688777873,4
subspace,HEI,leg,104,2,422.0,2,1,3,422.0,7.129838922992349e-05,4
subspace,HEI,leg,104,3,611.0,1,0,3,611.0,6.573913560714573e-05,4
subspace,HEI,leg,104,4,8007.0,1,0,3,8007.0,0.000102664802398,3
subspace,HEI,leg,105,1,328.0,1,0,2,328.0,0.0001024513621814,4
subspace,HEI,leg,105,2,380.0,2,1,2,380.0,6.608050898648798e-05,0
subspace,HEI,leg,106,1,1500.0,2,1,3,1500.0,6.778474198654294e-05,1
subspace,HEI,leg,106,2,420.0,1,0,3,420.0,0.0002670416724868,4
subspace,HEI,leg,106,3,895.0,1,0,3,895.0,0.0001526430423837,2
subspace,HEI,leg,106,4,744.0,1,0,3,744.0,0.0001473806041758,2
subspace,HEI,leg,107,1,6010.0,1,0,2,6010.0,0.0003294191556051,4
subspace,HEI,leg,107,2,459.0,1,0,2,459.0,0.0003335147339385,2
subspace,HEI,leg,108,1,311.0,2,1,3,311.0,8.573730883654207e-05,4
subspace,HEI,leg,108,2,448.0,1,0,3,448.0,6.921888416400179e-05,3
subspace,HEI,leg,108,3,350.0,2,1,3,350.0,0.0001330220111412,1
subspace,HEI,leg,108,4,2880.0,2,1,3,2880.0,7.295918476302177e-05,0
subspace,HEI,leg,108,5,318.0,1,0,3,318.0,9.763332491274924e-05,2
subspace,HEI,leg,109,1,2917.0,2,1,2,2917.0,0.0001182841151603,3
subspace,HEI,leg,109,2,307.0,2,1,2,307.0,0.0001865178637672,1
subspace,HEI,leg,109,3,413.0,1,0,2,413.0,6.694458716083318e-05,2
subspace,HEI,leg,110,1,1446.0,1,0,1,1446.0,8.953208453021944e-05,1
subspace,HEI,leg,111,1,443.0,2,1,2,443.0,6.844238669145852e-05,4
subspace,HEI,leg,111,2,421.0,2,1,2,421.0,8.524784061592072e-05,3
subspace,HEI,leg,112,1,409.0,2,1,1,409.0,0.0001349079684587,2
subspace,HEI,leg,113,1,333.0,2,1,3,333.0,0.0001345958007732,3
subspace,HEI,leg,113,2,375.0,1,0,3,375.0,7.577371434308589e-05,0
subspace,HEI,leg,113,3,370.0,2,1,3,370.0,9.056096314452589e-05,0
subspace,HEI,leg,113,4,820.0,2,1,3,820.0,0.0001081999071175,3
subspace,HEI,leg,113,5,883.0,1,0,3,883.0,7.716605614405125e-05,2
subspace,HEI,leg,114,1,586.0,1,0,1,586.0,0.0001618723326828,0
subspace,HEI,leg,115,1,336.0,2,1,2,336.0,7.915517198853195e-05,2
subspace,HEI,leg,115,2,732.0,2,1,2,732.0,8.524765871698037e-05,2
subspace,HEI,leg,116,1,423.0,2,1,3,423.0,7.159134838730097e-05,3
subspace,HEI,leg,116,2,419.0,1,0,3,419.0,6.675041367998347e-05,1
subspace,HEI,leg,117,1,2952.0,2,1,2,2952.0,8.340408385265619e-05,2
subspace,HEI,leg,117,2,417.0,2,1,2,417.0,8.630160300526768e-05,1
subspace,HEI,leg,118,1,352.0,1,0,3,352.0,9.890882938634604e-05,3
subspace,HEI,leg,118,2,304.0,2,1,3,304.0,0.0001148963201558,1
subspace,HEI,leg,118,3,433.0,2,1,3,433.0,8.216006972361356e-05,0
subspace,HEI,leg,118,4,768.0,1,0,3,768.0,0.0001299470459343,0
